:020000040800F2
:10000000B88000201102000875430008F5020008BE
:1000100071430008B91A0008294A000800000000CE
:1000200000000000000000000000000023020008A3
:10003000E11A0008000000007F0200082D460008B9
:100040002B0200082B0200082B0200082B020008DC
:100050002B0200082B0200082B0200082B020008CC
:100060002B0200082B0200082B0200082B020008BC
:10007000BD1A0008C91A00082B0200082B0200084C
:10008000D51A00082B0200082B0200082B020008DA
:100090002B0200082B0200082B0200082B0200088C
:1000A0002B0200082B0200082B0200082B0200087C
:1000B0002B020008194700082B0200082B02000839
:1000C0002B0200082B0200082B0200082B0200085C
:1000D0002B0200082B0200082B0200081D4A000812
:1000E0002B0200082B0200082B0200082B0200083C
:1000F0002B0200082B0200082B0200082B0200082C
:100100002B0200082B0200082B0200082B0200081B
:100110002B0200082B0200082B0200082B0200080B
:100120002B0200082B0200082B0200082B020008FB
:1001300000F002F800F05DF80AA090E8000C82449C
:100140008344AAF10107DA4501D100F052F8AFF279
:10015000090EBAE80F0013F0010F18BFFB1A43F0A5
:10016000010318474028010060280100103A24BF0D
:1001700078C878C1FAD8520724BF30C830C144BF0C
:1001800004680C607047000000230024002500264E
:10019000103A28BF78C1FBD8520728BF30C148BFEA
:1001A0000B607047662911F09482652911F09182E5
:1001B000642900F0B181782900F0EA81732900F008
:1001C000E087002070471FB59DE8030000F0FAFCAF
:1001D00001F098F804000020002110F053F9401CB1
:1001E00060600020002110F063F9E0601FBD10B5D1
:1001F00010BD01F075FB1146FFF7E5FF01F032FC81
:1002000001F093FB03B4FFF7F2FF03BC01F004FC21
:100210000948804709480047FEE7FEE7FEE7FEE79A
:10022000FEE7FEE7FEE7FEE7FEE7FEE704480549D6
:10023000054A064B704700001547000831010008C9
:10024000B86D0020B8800020B87C0020B87C002069
:10025000EFF3108072B6704780F310887047324A0F
:100260001368012B04D04FF0010313602F4A106074
:100270002F4A11602F484FF0805101607047EFF313
:10028000108272B62848016891B14FF000010160F8
:100290002648016829B1EFF3098121E9F00F0068D0
:1002A0000160234909680968B1E8F00F81F3098802
:1002B00082F310884EF0040E70471D4908601B49F8
:1002C0004FF00000086018494FF0010008601A481C
:1002D0001A49D0F8002041EA0201016015484FF0A8
:1002E0008051016016480068006880F3088861B694
:1002F00062B670471EF0040F0CBFEFF30880EFF3F7
:10030000098020E9F00F40F804ED1EF0040F0CBF47
:1003100080F3088880F3098800B50CF06DFA5DF869
:1003200004EB4EF0040E704778440020EC410020AE
:10033000F441002004ED00E020ED00E00000FFFFAC
:1003400008ED00E070B5064600F01CFC056806F1FB
:100350000B0020F00704B4429CBF002070BD2B4668
:100360006A68BAB11068A04210D304F1080188424B
:100370003CBF5068586007D351681019416011683C
:10038000091B016058601460101D70BD134652684F
:10039000002AE7D12146284600F000FC0028DED1E3
:1003A00070BD70B50446051F00F0ECFB0068002C22
:1003B00014BF446870BD002C18BFAC423CBF20463F
:1003C0006468F8D301680A18AA4218BF456003D1CF
:1003D0002A6805461144016028684119A1421CBFE2
:1003E0006C6070BD6168696021680844286070BDF8
:1003F00010B5044600F0BEFB0068005DC00602D5E3
:1004000004F1200010BD204610BD00000FB41CB543
:10041000084B06AA7B4469460090059800F07FFED1
:1004200004460020694600F08DFE20461CBC5DF8A5
:1004300014FB00002D0D00000FB41CB50C0007AA22
:10044000009007D04142A14202D32044401E01E067
:100450004FF0FF30074B7B4469460190069800F04F
:100460005EFE0021002C01D0009A11701CBC5DF8CA
:1004700014FB0000F50C000070B5044685690068A7
:10048000C10601D5302600E02026C00707D070BD88
:10049000D4E9012130469047206A401C20626D1E3D
:1004A000F6D570BD70B5044685690078C00707D1E0
:1004B00070BDD4E9012120209047206A401C2062B1
:1004C0006D1EF6D570BD70B50C460546012A05D0E7
:1004D0002878800600D5EA69002302E0012305E0C0
:1004E0005B1C934202D2E05C0028F9D1A869E618AF
:1004F000C01AA861286A184428622846FFF7BCFF82
:1005000004E0D5E9012114F8010B9047B442F8D377
:100510002846FFF7C7FF70BD2DE9F04106460024CD
:1005200010687529314616A510D0AFF30080002859
:1005300002DA404213A507E031688A0701D512A507
:1005400002E0490704D511A5012401E0AFF30080C2
:1005500000210A2206F1240709E0B0FBF2FCB0FBFF
:10056000F2F302FB1C00303078541846491C002876
:10057000F3D123462A463046BDE8F04100F063BB84
:10058000000000002D0000002B00000020000000F3
:1005900070B504460D4621461068AFF300802188EF
:1005A000090502D50F4A7A4402E00E4A7A440E3217
:1005B000002104F1240305E000F00F060009965D18
:1005C0005E54491C0028F7D120780023000704D589
:1005D000702D02D009B1022311322046BDE87040CF
:1005E00000F031BB1C1201002DE9F05F8946044682
:1005F0004FF0000ADFF824B1FB44C0F820A02046E9
:10060000E168884700287DD0252806D0D4E901215B
:100610009047206A401C2062F1E700255F46204693
:10062000E16888472028064607DB312E05D2B81935
:1006300010F8200C08B10543F1E7A80701D525F013
:100640000405C4F81CA00027C4F818A02A2E09D05D
:1006500030460FF085F938B304EB8708303EC8F810
:10066000186019E059F8041B204604EB87029161D9
:10067000E1688847012F064618D1E069002820DA92
:1006800025F020051DE0D8F8180000EB800006EBEF
:1006900040003038C8F818002046E1688847064610
:1006A0000FF05EF90028EED1012F0AD02E2E08D1CE
:1006B0002046E16888477F1C0646022F45F020054A
:1006C000C4DBA069002803DA404245F00105A061BF
:1006D000E80701D025F01005A6B1A6F141001928C0
:1006E00002D8203645F400654A463146204625604A
:1006F0004D46FFF757FD60B1012807D0ED1D25F0ED
:10070000070000E007E000F1080978E705F10409B7
:1007100075E730467AE7206ABDE8F09FF2110100E4
:100720000FB400B58DB010A9099000910B904FF057
:10073000FF300A9000200C90064878440690064846
:1007400078446A4607900F9909A800F025FD0DB07E
:100750005DF814FB7B0A0000930A00002DE9FF5F9F
:100760004FF000089946144646469169D2E901A720
:10077000DDF838B001988847054659EA0B0005D0E6
:1007800009E0A1690198761C88470546216A284638
:1007900088470028F5D1681C03D05FEACA7005D0ED
:1007A00015E04FF0FF3004B0BDE8F09F2068011D58
:1007B0002160D0F800800AE05FEACA7001D108F831
:1007C000015BA169761C01987F1E88470546002FB2
:1007D0001ADD681C18D0B9F1000F0DD0E81705EB31
:1007E000D060421120F01F0059F822102A1A01206F
:1007F00090400142E0D107E0BBF1000FDCD1284678
:10080000216A88470028D7D0E16901988847BBF161
:10081000000F07D1002E05DD5FEACA7002D100216A
:1008200088F80010A068B84203DDBBF1000F03D0C8
:1008300017B16FF00100B6E73046B4E72DE9F04795
:1008400091460F4680460446002614F8015B2DB100
:1008500000F090F90068405DC007F6D12B2D02D062
:100860002D2D18D0641E4A463946204600F0C4FC9F
:1008700027B13968A14201D1C7F800804FF00204C6
:1008800071050BD54042002803DD00F07FF90460BC
:10089000A007BDE8F08746F48066E4E70028F8DAB0
:1008A00000F074F904606FF00040F2E740EA0103E1
:1008B000024630B59B0710D14FF0013400E008C26A
:1008C00008C91D1B9D4315EAC41FF8D013F0FF0192
:1008D00002F8011B0DD01B0AF8E711F8013B002BB1
:1008E00002F8013B05D011F8013B002B02F8013B57
:1008F000F3D130BD10B5431C02E010F8011B71B1FB
:100900008107FAD14FF0013202C88C1A8C4314EAE5
:10091000C211F9D0C01A0A0603D0C01E10BDC01AF9
:1009200010BD0A0401D0801E10BD0902FCD0401E7B
:1009300010BDCBB22AB101788B4203D0401C521EAD
:10094000F9D10020704740EA010370B59B072ED112
:100950004FF00136042A2AD308C810C99D1B9D43B5
:10096000121F15EAC61517D0D8B2E1B2401A50EAE4
:10097000056110D198B2A1B2401A50EA05410AD1DE
:1009800023F07F4024F07F41401A50EA052102D134
:10099000180EA0EB146070BDA342DBD018BA21BAC8
:1009A000884201D9012070BD4FF0FF3070BD0AB9F7
:1009B000002070BD10F8013B11F8014B63B1A34258
:1009C0000AD1521E08D010F8013B11F8014B1BB19F
:1009D000A34201D1521EEDD1181B70BD032A40F273
:1009E000308010F0030C00F0158011F8013BBCF1D1
:1009F000020F624498BF11F801CB00F8013B38BFE9
:100A000011F8013BA2F1040298BF00F801CB38BFF6
:100A100000F8013B11F0030300F03D84083AC0F0F8
:100A2000088051F8043B083A51F804CBA0E80810BC
:100A3000F5E7121D5CBF51F8043B40F8043BAFF3EF
:100A40000080D20724BF11F8013B11F801CB48BF49
:100A500011F8012B24BF00F8013B00F801CB48BF7F
:100A600000F8012B704702F0FF0343EA032242EA39
:100A7000024200F00AB802F0FF0343EA032242EA0E
:100A8000024200F024B84FF000020429C0F01280A6
:100A900010F0030C00F01B80CCF1040CBCF1020F31
:100AA00018BF00F8012BA8BF20F8022BA1EB0C0106
:100AB00000F00DB85FEAC17C24BF00F8012B00F8FC
:100AC000012B48BF00F8012B70474FF0000200B522
:100AD000134694469646203922BFA0E80C50A0E861
:100AE0000C50B1F12001BFF4F7AF090728BFA0E80F
:100AF0000C5048BF0CC05DF804EB890028BF40F8DB
:100B0000042B08BF704748BF20F8022B11F0804F1C
:100B100018BF00F8012B704710B5044610F0030F02
:100B200008BF11F0030F40F015804FF0013E121F77
:100B3000C0F20E8051F8043BA3EB0E0C2CEA030C20
:100B40001CEACE1C08BF40F8043BF0D0A1F1040120
:100B500002F10402521E08DB11F8013B00F8013BD0
:100B6000002BF7D11146FFF78EFF204610BD7047CE
:100B70007047704710B500F0C5FB001D10BD00BFE9
:100B800005F90000004870477800002000487047D1
:100B900070000020704770477047704738B50446B2
:100BA0000A4600206946AFF30080002808BF38BD20
:100BB00002460099204600F0A9FB012038BD012023
:100BC00000F086BEF8B5AFF30080054600200C4665
:100BD000102000BF0646A819A0420DD9324669462A
:100BE0000020AFF30080070008BF00F071FE0098FE
:100BF000A04218BF0546C419FFF7C4FF05600746A9
:100C0000F01D20F007004619284600F00AF8B4420B
:100C100008BFF8BDA21B31463868BDE8F84000F0B7
:100C200075BB00210160C0E90110704710207047BA
:100C300010B5FFF7ABFF006810BD10B50446FFF715
:100C4000A5FF046010BD2DE9F0470D469946924678
:100C5000044600F124080168880604D5E06921F003
:100C60001001216000E00120A84201DD471B00E0E7
:100C70000027A1697A1902EB0900081AA0612078FF
:100C8000C00602D42046FFF7F7FB002608E0D4E9AF
:100C900001211AF806009047206A401C761C206249
:100CA0004E45F4DB2078C0060AD52046FFF7E4FB6A
:100CB00006E0D4E9012130209047206A401C2062E0
:100CC000381EA7F10107F4DC07E0D4E9012118F888
:100CD00005009047206A401C2062281EA5F10105EE
:100CE000F3DC2046FFF7DEFB2078000602D5022069
:100CF000BDE8F0870120FBE72DE9FF4F0C461E46BB
:100D00004FF0FF378BB0D2E90001DDF860800A9028
:100D10008A46C1F30A5505B93D46002108464FF001
:100D20000000BAF1000F00F4400005DA00EB80008B
:100D30004FF4400101EA50004FEA9059B9F1010F18
:100D400000DDB9460A9850EA4A000ED044F6105029
:100D5000A5F2FF3545432F14B8F1000F1ED07542A0
:100D6000291E1EDDC9F100021CE0B8F1010F4FF091
:100D7000000001D0302103E0F24305E02154401C83
:100D8000B042FBDB30460022002121540B99C1F810
:100D90000880C1E900200FB0BDE8F08FBD1B6D1CBD
:100DA000DEE74A4600DA694206A800F01FFD06ABFE
:100DB00093E8070003AB83E8070050460A990EF05A
:100DC0007DF98DE80700A0F500501F3800900398CA
:100DD000002D0ADD42F21F014A460844002303A900
:100DE000039068460EF0E6FB09E0A0F500504A4685
:100DF0001F38002303A9039068460EF0F0FB8DE82E
:100E000007000004000C03D04FF0FF30410800E061
:100E10001046B8F1000F03D00022009215461EE0E4
:100E2000751E05D400F08CFA303262556D1EF9D56E
:100E3000B3460122084302D000227F1C04E0207840
:100E4000302801D100227F1E002A099784D01DE09E
:100E5000112D07DA00F074FA303262556D1C50EA39
:100E60000102F5D1084302D00098C8B10EE000217C
:100E7000681E05E0235C625C63542254401E491CDA
:100E80008142F7DBAB46A81B401E0990002004F806
:100E90000B000B98099AC0F80880C0E9002B7AE78C
:100EA00011264FF0000857E72DE9F04F8846044619
:100EB000D21D22F0070191B0D1E90001CDE90A016C
:100EC0000EF0C4FC02460B98C00F01D02D2007E0A5
:100ED0002068810701D52B2002E0202101EAC00013
:100EE000032A099001D0072A05DB03464146204624
:100EF00000F074FA0BE12078800601D5E06900E08B
:100F00000620B8F1650F814606D0B8F1660F18D0FB
:100F1000B8F1670F70D131E00020B9F1110F0090E6
:100F200001DB112301E009F101030AAA01A90CA8C0
:100F3000FFF7E2FEDDE90C70002609F101058346AA
:100F400047E001204B4600904FF000470AAA01A954
:100F50000CA8FFF7D1FEDDE90DB00C995D46002627
:100F600010B909F101000D18B9EB050003D4C0F167
:100F7000FF3609F10105A5EB09002BE0B9F1010FDE
:100F800001DA4FF001090020B9F1110F0090484635
:100F900001DD112300E003460AAA01A90CA8FFF70E
:100FA000ABFEDDE90C704D46002683462078000735
:100FB0000AD4AB4500DA5D4601A8012D04DD4119D4
:100FC00011F8011C302907D04F4502DA17F1040F40
:100FD00004DA012082460FE06D1EEEE7002F02DCEE
:100FE000ED1B3E4403E0781CA84200DD7D1CB81BCD
:100FF00000F1010A4FF000472078000703D4AA450A
:1010000001DB4FF0FF3A0021B7F1004F0DF143082B
:101010008DF8431024D002202B23002F01DA7F42C9
:101020002D230A21021EA0F1010000DC5FB197FB15
:10103000F1FC97FBF1F201FB1C7C17460CF1300C24
:1010400008F801CDEEE7A8F1010003702188090539
:1010500001D5452100E06521A0F1010800F8011C3F
:1010600009980FA9A1EB0807FF1D00B10120411944
:1010700001EBEA70A1693844081A401EA06120788B
:10108000C00602D42046FFF7F7F9099828B1D4E941
:1010900001219047206A401C20622078C00622D59A
:1010A0002046FFF7E9F91EE0002E04DBB34502DD20
:1010B00001A8805D00E03020D4E901219047206A3A
:1010C000401C2062761CAAF101005FEA000A0AD1E6
:1010D00000F018F9C0680168405CD4E9012190472C
:1010E000206A401C2062281EA5F10105DCDC07E017
:1010F000D4E9012118F8010B9047206A401C2062B6
:10110000381EA7F10107F3DC2046FFF7CBF90320D7
:1011100011B041E601694A1C02610878704700B5C8
:101120008FB0CDE901310021059105497944CDE920
:10113000031011466846FFF757FA0FB000BD0000D4
:10114000E5FFFFFF0A6802F8010B0A607047D1E96A
:1011500000239A4202D2531C0B601070704710B5E6
:10116000436913B1AFF3008001E0FFF7ACF9012050
:1011700010BD127800F124010A7000224A70012289
:10118000EDE711684FF0FF32E9E700000268114413
:101190001378016018467047D16005497944516160
:1011A00004497944116200211161114600F064B9CB
:1011B000EDFFFFFF25020000426842B1016811F80F
:1011C000013B23B1521EC0E90012184670470121AD
:1011D000C160881E704742685AB1C368016843B94C
:1011E00083688B4205D0491E521CC0E900120020C2
:1011F00070474FF0FF3070472DE9F05F824615468B
:101200008B4600270AF10104B9460078302801D046
:101210009DB113E014F8010B0127782803D058285A
:1012200001D045B10AE00DB1102D07D1002714F807
:10123000010B102502E0082500E00A250026B04633
:101240000EE005FB080005FB06F101271FFA80F8F8
:1012500001EB1046B6F5803F00D3B94614F8010BF8
:10126000294600F0FBF80028EBDABBF1000F05D0AF
:101270000FB1641E00E05446CBF80040B9F1000FF6
:1012800006D0FFF783FC02210160C81EBDE8F09F75
:1012900048EA0640FAE710B5203AC0F00B80B1E802
:1012A0001850A0E81850B1E81850A0E81850203A9B
:1012B000BFF4F5AF5FEA027C24BFB1E81850A0E8A4
:1012C000185044BF18C918C0BDE810405FEA827CBE
:1012D00024BF51F8043B40F8043B08BF7047D207D5
:1012E00028BF31F8023B48BF11F8012B28BF20F876
:1012F000023B48BF00F8012B7047000000487047D0
:1013000070000020004870479000002003464068AD
:101310008C46002818BF88423CBF03464068F8D37B
:1013200018681844884207D00CF1030020F0070029
:10133000001D411A521A0146081D0A60FFF731B814
:1013400030B5B0F10A0271F100034FEA900E4EEA97
:10135000817EB0EB0E0061EB91014FEA101E4EEA68
:10136000017E10EB0E0041EB11114FEA102E4EEAF8
:10137000016E10EB0E0041EB11214FEA104E4EEAC8
:10138000014E10EB0E0041EB1141401841F10001FC
:101390004FEAD00040EA41704FEAD1014FEA8104A0
:1013A00044EA907410EB800544EB01046D1944EBA2
:1013B0000404521BA3414FF0000348BF0A3200D57A
:1013C00030BD401C41F1000130BD10B50446FFF7AF
:1013D000D1FB0068005D00F0010010BD2DE9F04177
:1013E0001F46044603260168072A01F4006004DB57
:1013F00008B116A505E016A503E008B115A500E0A3
:1014000015A521F010002060A069C01EA0610FB1D9
:10141000401EA0612046FFF72FF84FB1D4E901210B
:1014200038469047206A401C2062C01C206206E0BB
:10143000206AFAE7D4E9012115F8010B9047761EDE
:10144000F8D22046FFF72EF8BDE8F0814E414E005D
:101450006E616E00494E4600696E66003A2800D201
:10146000303820F02002412A01D3A2F1370088420F
:1014700001D34FF0FF3070472DE9F34F4FF0000AD2
:101480000C4656468DB001200C9001F10C000B90DB
:1014900062690B9801219047051E2DD0252D2CD077
:1014A000216A8847C0B162690B9801219047216A7F
:1014B00088470028F7D16269411E0B98904700E0E9
:1014C000761CA1690D988847216A88470028F7D1C2
:1014D000E1690D988847DBE7A1690D988847A84224
:1014E000074601D1761CD3E7E1690D9888477F1C38
:1014F00002D1BAF1000F6FD06BE162690B9800273F
:101500003D46394690472A2804D162690B9801214B
:1015100090470125DFF8D08262690B98012190473E
:10152000A0F130010A290AD24745E5DC07EB870123
:1015300000EB4107303FDFD445F01005ECE7E9064A
:1015400001D46FF000476C280AD04C2814D06828CA
:1015500015D06A280DD074281CD07A281AD01DE026
:1015600062690B98012190476C2802D045F0040570
:1015700014E045F002050DE045F020050AE062693F
:101580000B9801219047682802D045F0080505E036
:1015900045F4006562690B9801219047C4E9015741
:1015A00065283DD019DC58287AD00CDC452837D086
:1015B00004DC252826D041289ED131E046282FD0B2
:1015C000472899D12CE05B2877D0612828D0632860
:1015D0007CD0642823D15AE0F6E06F2848D008DC9C
:1015E00066281DD067281BD0692821D06E2816D107
:1015F00027E0702845D0732868D0752847D0782810
:101600000DD14DE0A1690D988847252805463FF486
:1016100069AFE1690D9888476D1C3FF46AAFD8E067
:101620000D9923466A466FF00100AFF30080C5E0D4
:1016300045F0400023464FF000026060A80736D412
:101640003EE0E8077FF447AF2068011D2160006895
:10165000290501D506701BE7290701D5068017E784
:10166000A90703D5F117C0E9006111E706600FE78C
:1016700045F0400023464FF008026060A80716D4EA
:101680001EE040F60E0125EA0100606016E045F01C
:10169000400023464FF00A026060A80707D40FE01D
:1016A00045F040006060A80708D5234610220D9938
:1016B0006FF00100AFF3008080E007E010222346C6
:1016C0000D996FF00100AFF3008077E04FF0000953
:1016D00063284F46C8464B46CB4602D05B2806D00F
:1016E00038E0E80601D40120A060012732E06269F9
:1016F000D4F80CB00B98012190475E2807D14FF029
:10170000010949466269D4F80CB00B9890472169E9
:1017100039B900210A4603AB43F82120491C0829A6
:10172000FADBD8B3216949B308F1010862690B9863
:10173000012190475D28F4D1B9F1000F09D00020B4
:1017400003A951F82020D24341F82020401C08284A
:10175000F7DB03AB2069002820794FEA40701ED0E8
:101760005B462246CDF80080CDE901970D9900280F
:101770006FF0010020DAAFF300801FE0C11703AA69
:1017800000EBD1614B1121F01F0102EB8302411AE2
:1017900013680120884003431360C7E719E00D99DF
:1017A000224600286FF00100009702DAAFF30080B4
:1017B00004E0FEF7D3FF01E0AFF3008000280ADA6F
:1017C000401C06D10C9820B14FF0FF300FB0BDE89F
:1017D000F08F5046FAE7E90701D10AF1010A064401
:1017E00000200C9054E60000CCCCCC0C2DE9F04746
:1017F000814616468AB0354878440DC88DE80D00FC
:1018000032487844801C03AC0DC884E80D0041F6D2
:101810009B300844372190FBF1F290FBF1F5A5F1E4
:10182000800501FB12041B3C02D56442012000E04C
:101830000020DFF898A080460027FA44AAF1BE0AEB
:101840000EE0E0070AD03246684607EB4701012365
:101850000AEB81010DF0C3FE8DE8070064107F1CC8
:10186000002CEED1194F7F44AE3F19E0E80715D0A8
:1018700007EB04100DF1180A90E80E008AE80E003C
:10188000C068F04201D1981908903246012306A998
:1018900003A80DF0A4FE03AB83E807006D10641CE1
:1018A000002DE3D14FF0010332466946B8F1000F35
:1018B00003A802D00DF07EFE01E00DF090FEC9E914
:1018C0000001C9F808200AB0BDE8F0871001010046
:1018D00010B500F039F8BDE8104000F02FB870479F
:1018E0007546FFF70BFDAE4605006946534620F0EE
:1018F0000700854618B020B5FEF798FCBDE82040EB
:101900004FF000064FF000074FF000084FF0000BBB
:10191000AC46ACE8C009ACE8C009ACE8C009ACE82A
:10192000C00921F007018D46704710B50446AFF39A
:1019300000802046BDE81040FEF764BC002801D0BE
:1019400000F06AB87047000010B5012805D00021EA
:1019500003A000F067F8012010BD09A1F8E700001E
:1019600053494752544D454D3A204F7574206F6688
:101970002068656170206D656D6F727900000000F0
:101980003A2048656170206D656D6F727920636FD4
:1019900072727570746564004FF0013C50F8042B4E
:1019A00051F8043B9A4221D1A2EB0C03934313EA72
:1019B000CC1317D150F8042B51F8043B9A4215D19F
:1019C000A2EB0C03934313EACC130BD150F8042B76
:1019D00051F8043B9A4209D1A2EB0C03934313EA5A
:1019E000CC13DBD04FF00000704700BFD01A01BA13
:1019F000B1FA81F101F0180122FA01F0CB40DBB21B
:101A0000C0B2C01AC1F120012CFA01F3D11A9143DE
:101A100011EAC311E6D1704701491820ABBEFEE7B9
:101A20002600020070B505460C460A2000E06D1C39
:101A300000F011F835B128780028F8D102E0641CD4
:101A400000F009F814B120780028F8D1BDE8704002
:101A50000A20AFF3008008B569468DF80000032026
:101A6000ABBE08BD80B582B0FEF7F2FB0AF060FEA7
:101A70000BF004FD0BF072FF0BF0C2FE0A20009089
:101A800042F2172048F2B1414FF0140CC0F60100A9
:101A9000C0F6000100224FF48063CDF804C00BF0C3
:101AA00067FF0CF0F9F80BF061FF0CF017F80BF082
:101AB0003DFF002002B080BDFEE7000040F2643030
:101AC000C2F2000000F040B940F2A830C2F20000BB
:101AD00000F03AB940F2EC30C2F2000000F034B944
:101AE00070470000EFF3108072B600BFFEE7000001
:101AF00070B542F20C060446C4F2020600F004FD82
:101B00003168C90718D13068800644BF2020306092
:101B10003068C00607D43069C00704D13068400778
:101B20005CBF002070BD3068C00623D4002031683F
:101B300049072BD434E000BF002C47D00546601C79
:101B40000ED13068C007DED03068C0071CBF3068D7
:101B50005FEAC070D7D03068C007F2D1D3E700BFCA
:101B600000F0D2FC401BA04230D83068C007F7D14B
:101B7000C9E700BF40F2C850C2F20000C16941F09D
:101B80000201C16110203168490709D540F2C851EE
:101B9000C2F20001CA6940F0040042F00102CA61C9
:101BA0003169C90702D13060012070BD40F2C851CF
:101BB000C2F20001CA6942F00402CA61316921F02F
:101BC000010131613060012070BD00BF032070BD94
:101BD000014690F82100022816D10868D1E90FC308
:101BE000026822F00E020260026822F00102026026
:101BF000012000FA03F2CCF8042081F82100002033
:101C0000002281F8202070470420886301200022F0
:101C100081F820207047000080B590F8211002293B
:101C200028D1026840F2040C1368C4F2020C23F0BD
:101C30000E03136013680CF17C018A4223F001014A
:101C400011601BD940F20841C4F202018A4249D016
:101C500040F21C41C4F202018A4247D040F23041B6
:101C6000C4F202018A4245D14FF48073CCF80034AB
:101C70005DE000BF04218163012080BD4321C4F2E7
:101C800002018A420EDD6B21C4F202018A421BDC92
:101C90004421C4F202018A423CD05821C4F202011C
:101CA0008A4233E00821C4F202018A4236D01C2164
:101CB000C4F202018A4237D03021C4F202018A42C2
:101CC00024D14FF4807230E06C21C4F202018A42C8
:101CD00026D08021C4F202018A4217D14FF08072CF
:101CE00023E000BF0123CCF8003420E01023CCF81F
:101CF00000341CE00CF588614FF480338A4208BF41
:101D00004FF48053CCF8003411E000BF4FF4803220
:101D10000BE000BF4FF4805207E000BF012204E057
:101D20004FF4801201E000BF1022CCF80020012106
:101D300080F82110426B002180F820100AB19047F2
:101D40000021084680BD000010B5D0E90FE3D0F8AF
:101D500000C0DEF80020DCF80010DA4054072DD572
:101D600011F004042AD0DCF80010890605D4DCF850
:101D7000001021F00401CCF800100422C4F2020289
:101D800002F17C018C454DD940F20841C4F20201B8
:101D90008C4500F0B18040F21C41C4F202018C4538
:101DA00000F0AE8040F23041C4F202018C4540F0B8
:101DB000AB804FF48061C2F80014F9E0940747D576
:101DC00011F0020444D0DCF80010890608D4DCF8D5
:101DD000001021F00A01CCF80010012180F8211038
:101DE0000422C4F2020202F17C018C454ED940F279
:101DF0000841C4F202018C4500F0B68040F21C415B
:101E0000C4F202018C4500F0B38040F23041C4F2CC
:101E100002018C4540F0B0804FF40071C2F800140C
:101E2000D8E000BF4321C4F202018C4544DD6B21A0
:101E3000C4F202018C4551DC4421C4F202018C45FC
:101E400000F0A6805821C4F202018C4568E000BF72
:101E5000120740F1C58011F0080108BF10BDDCF881
:101E6000001021F00E01CCF80010012101FA03F25C
:101E7000CEF80420816380F82110016B0022002934
:101E800080F8202040F09680AAE000BF4321C4F2F1
:101E900002018C4548DD6B21C4F202018C4555DC02
:101EA0004421C4F202018C4500F088805821C4F21C
:101EB00002018C4576E000BF0821C4F202018C4586
:101EC0006AD01C21C4F202018C456FD03021C4F2CB
:101ED00002018C4524D14FF4806168E06C21C4F28A
:101EE00002018C455AD08021C4F202018C4517D1E1
:101EF0004FF080615BE000BF0421C2F8001457E09E
:101F00004021C2F8001453E002F588634FF48021A9
:101F10009C4508BF4FF48041C2F8001448E000BF60
:101F20004FF4802143E000BF0821C4F202018C4538
:101F300048D01C21C4F202018C4549D03021C4F2A2
:101F400002018C452ED14FF4007142E06C21C4F2A5
:101F500002018C4538D08021C4F202018C4521D188
:101F60004FF0007135E000BF0221C2F8001431E0EB
:101F70002021C2F800142DE002F588634FF40031EF
:101F80009C4508BF4FF40051C2F8001422E000BF86
:101F90004FF480410BE000BF042108E04FF48001C2
:101FA00005E000BF4FF4003113E000BF4021116095
:101FB000C16AA9B1BDE81040084700BF4FF4005105
:101FC00007E000BF022104E04FF4001101E000BF70
:101FD00020211160816A0022002980F82020E9D1A7
:101FE00010BD0000014600284FF0010008BF7047F7
:101FF0002DE9F04740F2000CC4F2020C0A684FF6DB
:10200000F8330CF5816ECBF6FD73724538BF03F5DE
:10201000806303EB020E4CF6CD43CCF6CC43AEFB13
:10202000033E6FF003060CF5806506EA9E06D1E9D3
:1020300001A9D1F80C803CBF0025C4F20205C1E91A
:102040000F56022681F82160166843F6F075AE43FC
:1020500046EA0A06D1E9045746EA090646EA0806AE
:10206000D1E906432E43374327433B431360002205
:102070008A6381F8210081F820200020BDE8F04724
:1020800070470000F0B590F820C0BCF1010F32D0CD
:102090004FF0010E80F820E090F821C0BCF1010F54
:1020A00026D14FF0020C80F821C04FF0000CC0F890
:1020B00038C0D0E900C4C56AC66BDCF80070102CCB
:1020C00027F00107CCF80070006C0EFA00F0706089
:1020D0000846CCF8043004BF10460A46CCF8080085
:1020E000CCF80C20DCF8000045B140F00E000DE00B
:1020F000002180F820100220F0BD00BF20F0040075
:10210000CCF80000DCF8000040F00A00CCF8000039
:10211000DCF8000040F00100CCF800000020F0BD29
:102120002DE9F04381B040F2C856C2F20006327E7B
:10213000012A03D1022001B0BDE8F0830546012049
:102140002C6830764CF250308846FFF7D1FC022CD8
:102150001CD100284ED1002042F21004F061C4F2DC
:102160000204206840F004002060206840F0400035
:1021700020604CF25030FFF7BBFC216821F00401D5
:1021800021600021317601B0BDE8F08390BB4FF0B3
:10219000FF30C8F80000D5E9027007EBC020874285
:1021A00028D242F21004C4F202044FF0000900BF2A
:1021B000C6F81C90206840F002002060676020682C
:1021C00040F0400020604CF25030FFF791FC216855
:1021D00021F00201216098B9D5E9020107F50067F5
:1021E00000EBC1208742E3D300200021317601B00B
:1021F000BDE8F08301200021317601B0BDE8F08315
:10220000C8F800700021317601B0BDE8F08300000D
:1022100042F21001C4F20201086840F0800200207E
:102220000A6070472DE9F04F81B040F2C859C2F200
:102230000009924699F81820012A03D1022001B022
:10224000BDE8F08F8046012089F818004CF250302C
:102250009B460E46FFF74CFCA0BB404642F21007DF
:10226000B8F1020F18BF0420C4F20207B8F1010F41
:1022700008BF404645424FF000080024C4F1200149
:10228000C9F81C802AFA04F00BFA01F13A680843F5
:10229000B4F1200158BF2BFA01F042F0010139607E
:1022A00026F8020B4CF25030FFF722FC396801355A
:1022B00021F0010248F100013A6018B9002904F147
:1022C0001004DBD0002189F8181001B0BDE8F08FB0
:1022D00042F20400C4F20200C16809065CBF00209B
:1022E000704740F22311C4F26751016048F6AB1108
:1022F000CCF6EF510160C068C0B2C0097047000061
:102300002DE9F04F82B041F60043C4F201030E689C
:102310000622984208BF0522002E009200F0F080AD
:10232000A0F18043A3F5843340F200484FF6FF75D7
:102330004FEAB327C4F20108009A4FF0000E0123C0
:10234000C1F210054FF00F0C4FF0000A4FF0000BD8
:10235000052F38BF3A46009209E000BF0E680AF127
:10236000010A36FA0AF20EF1040E00F0C98003FAEF
:102370000AF916EA090FF1D04E68AE4212DC122EAD
:1023800056D8DFE806F0350B454955555555555596
:10239000555555555555554D510000BFD1F80CB008
:1023A00046E000BF4FF6FF72C1F2210296420FDCF9
:1023B0000022C1F2110296421AD00022C1F212028A
:1023C000964215D00022C1F22102964210D02FE091
:1023D0000022C1F2220296420AD00022C1F231024A
:1023E000964205D00022C1F23202964220D100BFAF
:1023F0008E684EB1012E14BFC0F81490C0F8109032
:102400004FF0080B14E000BF4FF0040B10E000BFCA
:10241000CF6807F1080B0BE04FF0000B08E000BF9E
:10242000CF6807F1040B03E0CF6807F10C0B00BF86
:1024300074460746BAF1080F24BF203C04373E68B3
:102440000CFA04F226EA02020BFA04F632433A606E
:10245000CA79D2067FF582AF41F21807C4F20207AB
:102460003A684FF6084342F001023A603A68CFF604
:10247000FF7302F001020192019A2AF00302424422
:10248000D7580EF00C060CFA06F4A743009C04FA89
:1024900006F63743D750D1F804C040F20C445FEA47
:1024A000CC22D8F8082054BF22EA090642EA0906DD
:1024B000C4F201045FEA8C22C8F80860226854BFA5
:1024C00022EA090642EA09065FEA8C322660D8F859
:1024D000042054BF22EA090642EA09065FEACC3228
:1024E000C8F804604FF00F0C4FF00103D8F800203B
:1024F00054BF22EA090642EA0906C8F800602DE73F
:1025000002B0BDE8F08F000046F6B450C2F2000001
:102510000068704740F2000046F6B451C2F2000075
:10252000C2F2000100780A68104408607047000099
:1025300080B542F20000C4F20200016841F01001CF
:102540000160032000F0C4F80F2000F005F800F04F
:1025500061F8002080BD0000B0B586B041F21C01DA
:10256000C4F202010A68044642F002020A600968E5
:1025700001A801F0020101910199694600F098F962
:10258000049D002D18BF012500F0BAF94DF68361B6
:10259000A840C4F21B31A0FB01014FF0FF3000EB5B
:1025A000914140F2784040F20042C2F20000C4F291
:1025B000000240F2E7330025C0E90021C0E90253E0
:1025C0000561856100F028FC054618B1284606B073
:1025D000B0BD00BF40F27840C2F2000000F04CFCF9
:1025E00005460028F2D11D2000F036F80F2C0DD83A
:1025F0001D2021460022002500F03EF840F2040094
:10260000C2F200000460284606B0B0BD012528468D
:1026100006B0B0BD82B041F21800C4F202000168F9
:10262000022241F001010160016801F00101019104
:102630000199416841F080514160406800F080504C
:10264000009000980420C4F20100016862F31A614E
:10265000016002B070470000002848BF704700F0DA
:102660001F01012202FA01F14EF200124009CEF2DE
:10267000000242F82010704710B54EF60C5CCEF206
:10268000000CDCF80030C3F3022E8EF00704042C9B
:1026900028BF0424BEF103034FF0FF3E0EFA04F4FA
:1026A00038BF0023A14399400EFA03F39A43114324
:1026B00000F00F02043A624409010C3200F1604359
:1026C000B0F1FF3FC8BF03F56442117010BD0000B8
:1026D0004EF60C51CEF200010A684FF6FF031A4085
:1026E00060F30A2242F0806040F0FD70086070479D
:1026F0002DE9F04381B0002800F0858042F2000807
:10270000C4F202080446D8F800000D4600F00700A5
:1027100088420CD2D8F8000020F007002843C8F8FF
:102720000000D8F8000000F00700A8426BD1206834
:1027300041F204098107C4F2020917D5410705D502
:10274000D9F8001041F4E061C9F80010010705D57F
:10275000D9F8001041F46051C9F80010D9F8001000
:10276000A26821F0F0011143C9F80010C00741D15F
:10277000D8F8000000F00700A8420CD9D8F80000F3
:1027800020F007002843C8F80000D8F8000000F047
:102790000700A84237D12068410707D5D9F80010B3
:1027A000E26821F4E0611143C9F80010000708D580
:1027B000D9F80000216920F4605040EAC100C9F84E
:1027C0000000D9F8002002F00C00082841F2002097
:1027D000C0F27A0050D141F65863C2F38341C0F68B
:1027E0000103595CD2033BD440F60010C0F23D0017
:1027F000484341E0606802280AD001282AD159F8EC
:10280000041C890308D4012001B0BDE8F08300BF97
:1028100059F8041C8901F6D5D9F8001021F00301FC
:102820000843C9F80000FFF76FFE064641F28837FB
:10283000D9F80000616800F00C00B0EB810F97D070
:10284000FFF762FE801BB842F2D9032001B0BDE859
:10285000F08300BF59F8041C8907D4D5DCE700BF1A
:10286000D9F8002041F65413C2F34042C0F60103E8
:102870009A5C4843B0FBF2F0D9F8001041F63C12E4
:10288000C1F30311C0F60102515C40F2100220FABC
:1028900001F140F20400C2F200000068C2F200023E
:1028A0001160FFF759FE002001B0BDE8F083000081
:1028B0000F22026041F20402C4F20202136803F024
:1028C00003034360136803F0F0038360136803F4A9
:1028D000E063C36012684FF4E06303EAD20202616E
:1028E00042F20000C4F20200006800F00700086035
:1028F0007047000040F21000C2F20000006870470C
:1029000040F2100041F20401C2F20000C4F20201E0
:102910000068096841F64C12C1F30221C0F60102B9
:10292000515CC8407047000040F2100041F20401C1
:10293000C2F20000C4F202010068096841F64C12BC
:10294000C1F3C221C0F60102515CC84070470000CB
:102950002DE9F04182B0002868D00446007841F2A9
:102960000006C007C4F2020625D0706800F00C0013
:1029700004281BD0706800F00C00082802D1706891
:10298000C00313D46068002800F06881B0F5A02F60
:1029900000F07C81B0F5803F00F07C81306820F44D
:1029A00080303060306820F4802076E13068800329
:1029B00001D56068D0B32078800718D5706810F012
:1029C0000C0F07D0706800F00C0008286ED17068FA
:1029D000C0036BD43068800702D52069012825D157
:1029E0003068616920F0F80040EAC100306020786A
:1029F00000071FD42078400732D4E56995B170688C
:102A000000F00C00082840F08F80012D0ED0706877
:102A1000216A00F480328A4208D1616A00F47010A1
:102A2000884203D1002002B0BDE8F081012002B04D
:102A3000BDE8F081A069002862D00020C4F24220E5
:102A40000121C0F88014FFF75FFD0546706A80071A
:102A500000F18C80FFF758FD401B0228F6D92AE1CF
:102A6000F06910F0805808D1F06940F08050F061B2
:102A7000F06900F080500090009847F20007C4F21F
:102A800000073868C00529D4386840F48070386081
:102A9000FFF73AFD054600BF3868C0051ED4FFF7B2
:102AA00033FD401B6428F7D905E100BF20690028E9
:102AB00040F20000C4F2422000F082800121016057
:102AC000FFF722FD054600BF306880073FF588AF5D
:102AD000FFF71AFD401B0228F6D9ECE0E068002859
:102AE00000F08080052800F09780012800F0988091
:102AF000306A20F001003062306A20F0040092E079
:102B00000020C4F242200021C0F88014FFF7FCFC32
:102B1000054600BF706A80077FF56CAFFFF7F4FCD5
:102B2000401B0228F6D9C6E00027C4F24227002045
:102B30003866FFF7E9FC022D05460BD130688001AD
:102B400040F1BE80FFF7E0FC401B02284FF003007D
:102B5000F4D968E7306880017FF564AFFFF7D4FCF3
:102B6000401B02284FF00300F4D95CE740F210004C
:102B7000C2F20000006844F6D351C1F26201A0FB2A
:102B80000101480A019000BF00BF0198411E0028C2
:102B900001913FF42FAF00BF0198411E0028019121
:102BA0003FF428AF00BF0198411E002801913FF477
:102BB00021AF00BF0198411E00280191E4D119E71F
:102BC00000210160FFF7A0FC054600BF30688007C8
:102BD0007FF50DAFFFF798FC401B02284FF0030074
:102BE000F4D920E7306A20F001003062306A20F02A
:102BF00004003062FFF788FC054641F2883700BFC9
:102C0000306A800720D5FFF77FFC401BB8424FF0A9
:102C10000300F5D907E700BF306A40F004003062D6
:102C2000306A40F001003062FFF76EFC054641F269
:102C3000883700BF306A800706D4FFF765FC401B69
:102C4000B842F7D937E000BFB8F1000F7FF4D5AE36
:102C5000F06920F08050F061CFE600BF306820F4CA
:102C600080303060306820F480203060FFF74CFC0A
:102C7000054600BF306880037FF59DAEFFF744FC3A
:102C8000401B64284FF00300F4D9CCE6306840F4D0
:102C900080203060306840F480303060FFF734FCD2
:102CA000054600BF306880033FF585AEFFF72CFC7A
:102CB000401B6428F6D9032002B0BDE8F08100BFB4
:102CC000206AB0F5803F05D17168A26821F4003117
:102CD000114371607168626A21F4741110430843F2
:102CE000706001203866FFF70FFC044630688001F1
:102CF0003FF598AEFFF708FC001B02284FF00300D9
:102D0000F4D990E6411E0020B0EB116F1CBF0120EA
:102D100070474EF21002CEF2000251604EF623517F
:102D2000CEF20001F0230B70072190601160704714
:102D30007047000070470000B0B590F83C20012AB1
:102D400004BF0220B0BD01F108053CCDD1E900CEA1
:102D500023F47C5322F470521A432EF4F0431A43A6
:102D60002CF4E0431A4324F4C0431A432A43C969AC
:102D700022F48042036811435964002180F83C101A
:102D80000846B0BD10B590F83C20012A4FF0020271
:102D90003FD080F83D200268D2F804E0D2F808C0A5
:102DA0000C682EF07003234340F6FF34C4F2000495
:102DB000A242536010DCB2F1804F1FD040F20043BA
:102DC000C4F200039A4219D040F60003C4F2000393
:102DD0009A4213D017E000BF40F60043C4F200034C
:102DE0009A420BD043F20043C4F201039A4205D049
:102DF00042F60043C4F201039A4204D149682CF020
:102E00008003194391600121002280F83D1080F871
:102E10003C20104610BD0000002804BF0120704770
:102E200010B5044690F83D0028B9002084F83C0015
:102E3000204600F01FF8022084F83D002068211D84
:102E400001F070FC012084F8460084F83E0084F80C
:102E50003F0084F8400084F8410084F8420084F880
:102E6000430084F8440084F8450084F83D000020C5
:102E700010BD00007047000090F83D1001291CBFF4
:102E800001207047022180F83D10006840F6FF32B3
:102E9000C168C4F20002904241F00101C1600FDC40
:102EA000B0F1804F1ED040F20041C4F200018842D0
:102EB00018D040F60001C4F20001884212D018E098
:102EC00040F60041C4F2000188420BD043F20041B9
:102ED000C4F20101884205D042F60041C4F201016A
:102EE000884206D1816801F00701062904BF00204D
:102EF0007047016841F00101016000207047000047
:102F0000704700007047000070B504460068C5684F
:102F10000669B10716D515F0020113D06FF0020152
:102F20000161012121778069800703D02046FFF7E6
:102F3000E9FF05E0204600F08FF8204600F05CFA3B
:102F400000202077700719D515F0040016D02068EE
:102F50006FF00401016102212177806910F4407F44
:102F600004D02046FFF7CEFF06E000BF204600F069
:102F700073F8204600F040FA00202077300717D57C
:102F800015F0080014D020686FF0080101610421D9
:102F90002177C069800703D02046FFF7B3FF05E023
:102FA000204600F059F8204600F026FA002020774D
:102FB000F00619D515F0100016D020686FF010013A
:102FC000016108212177C06910F4407F04D02046B8
:102FD000FFF798FF06E000BF204600F03DF82046CE
:102FE00000F00AFA00202077F00718BF15F0010062
:102FF00002D1300609D412E020686FF001010161AE
:10300000204600F0B5FB300609D515F0800006D04B
:1030100020686FF0800101612046FFF789FE70068D
:1030200009D515F0400006D020686FF0400101611D
:10303000204600F0A7FBB00658BF70BD15F0200079
:1030400008D021686FF0200220460A61BDE8704078
:10305000FFF770BE70BD0000704700002DE9F04121
:1030600090F83C30012B04BF0220BDE8F0814FEA0C
:10307000B202032A00F21A81DFE802F002468ED87B
:10308000036843F200461D6A1A6A25F0020522F021
:1030900001021A621A465C6852F818EF8F68D1F87C
:1030A00000C0C4F20106B34245EA070505D042F666
:1030B0000047C4F20107BB4205D1CF6825F00C05DB
:1030C00027F004073D43B34205D042F60046C4F260
:1030D0000106B34205D1D1E9056724F440743443B5
:1030E0003C432EF0730747EA0C075C609F614F6812
:1030F00009695F631D629F6947F008079F619F69C7
:1031000027F004079F61C7E0036843F200481D6A87
:103110001A6A25F0200522F010021A621A465C682D
:1031200052F818EF8F68D1F800C0C4F20108434587
:1031300045EA071505D042F60047C4F20107BB4235
:1031400007D1CF686FF0400625F0C00506EA0716E4
:103150003543434505D042F60046C4F20106B3426A
:1031600007D1D1E9056724F4406444EA860444EABF
:1031700087042EF4E64747EA0C275C609F614F689E
:1031800009699F631D629F6947F400679F619F699A
:1031900027F480679F617EE0036843F200481D6A60
:1031A0001A6A25F4007522F480721A621A465C6865
:1031B00052F81CCF8F68D1F800E0C4F201084345F3
:1031C00045EA072505D042F60047C4F20107BB4295
:1031D00008D1CF6840F2FF463F0225F4406527EA58
:1031E00006063543434505D042F60046C4F20106C3
:1031F000B34207D1D1E9056724F4405444EA0614E8
:1032000044EA07142CF0730747EA0E075C60DF619D
:103210004F680969DF631D62DF6947F00807DF61F6
:10322000DF6927F00407DF6136E000BF036843F27F
:103230000047D3F820C01A6AC4F2010722F4805272
:103240001A621A465C6852F81C5FD1F800E08E687A
:10325000BB4205D042F60047C4F20107BB4204D18D
:103260004F6924F4804444EA87142CF4005747EA59
:10327000063725F4E64646EA0E265C60DE614E68B7
:1032800009691E641F62DF6947F40067DF61DF6957
:1032900027F48067DF610902136819431160002178
:1032A000002280F83C200846BDE8F0810121002280
:1032B00080F83C200846BDE8F0810000002804BFEB
:1032C0000120704710B5044690F83D0028B9002051
:1032D00084F83C00204600F01FF8022084F83D00EE
:1032E0002068211D01F01EFA012084F8460084F8B0
:1032F0003E0084F83F0084F8400084F8410084F8E0
:10330000420084F8430084F8440084F8450084F8BF
:103310003D00002010BD00002DE9F04F81B00446B3
:10332000006842F60041C4F20101884202D001B0B7
:10333000BDE8F08F41F21800C4F20200016840F2CB
:10334000643541F40061016000681C2100F40060F4
:1033500000900098C2F20005C4F2020100274FF06D
:103360002008284610264FF080094FF4807A4FF449
:10337000806B85E8C20EC5E90687FEF733FE00289C
:1033800018BFFEF7AFFB1C2065626C62C4F202003E
:1033900040F2A8351430C2F2000585E8C10E284677
:1033A000C5E90687FEF71EFE002818BFFEF79AFB48
:1033B0001C20A5626C62C4F2020040F2EC35503071
:1033C000C2F200051021002280234FF480774FF4D1
:1033D00080664FF0200C85E88F002846C5E9056C13
:1033E000EA61FEF7FFFD002818BFFEF77BFBE562F0
:1033F0006C6201B0BDE8F08F40F29811C2F200019A
:1034000049684A68824218BF7047896800F030B93D
:1034100070470000B0B50C46054649B1082C15D0E0
:10342000042C14BF05F1410005F13F0010E000BF7E
:1034300095F83E00022804BF0220B0BD05F13E0011
:103440000078012840F0C4801AE000BF05F1400078
:103450000078022804BF0220B0BD082C0AD0042C3A
:1034600014BF05F1410005F13F000078012840F04C
:10347000AF8005E005F140000078012840F0A88009
:10348000002A4FF0010018BF002B01D1B0BD00BFD2
:1034900002206CB1082C13D0042C14BF85F8410015
:1034A00085F83F004FEAB400032810D990E000BF30
:1034B00085F83E004FEAB400032808D988E000BF31
:1034C00085F840004FEAB400032800F28180DFE86D
:1034D00000F00323436300BF686A44F60D01C0F6A1
:1034E00000018162686A44F67901C0F60001C16298
:1034F000686A44F6B101D5F800C0C0F60001016366
:10350000686A0CF1340C11466246FEF7BBFD0028D8
:103510005ED14FF400715FE0A86A44F60D01C0F679
:1035200000018162A86A44F67901C0F60001C16217
:10353000A86A44F6B101D5F800C0C0F600010163E5
:10354000A86A0CF1380C11466246FEF79BFD002874
:103550003ED14FF480613FE0E86A44F60D01C0F6C9
:1035600000018162E86A44F67901C0F60001C16297
:10357000E86A44F6B101D5F800C0C0F60001016365
:10358000E86A0CF13C0C11466246FEF77BFDF8B987
:103590004FF4006120E000BF286B44F60D01C0F637
:1035A00000018162286B44F67901C0F60001C16216
:1035B000286B44F6B101D5F800C0C0F600010163E4
:1035C000286B0CF1400C11466246FEF75BFD08B11A
:1035D0000120B0BD4FF480512868C2681143C1601A
:1035E00004F01F010122036A02FA01F123EA010239
:1035F0000262026A114340F6FF32C4F200029042B6
:1036000001620DDCB0F1804F24D040F20041C4F2E1
:10361000000188421ED040F60001C4F2000117E00C
:1036200040F60041C4F20001884213D043F2004248
:10363000C4F2010242F600419042C4F2010101D0FD
:1036400088420ED1436C904243F40043436401D05E
:10365000884206D1816801F00701062904BF0020D5
:10366000B0BD016841F0010101600020B0BD000063
:10367000B0B50D464FEAB10103290DD80446DFE885
:1036800001F0030D151D00BF204650F8241BCA6829
:1036900022F4007218E000BF0120B0BD204650F8AF
:1036A000281BCA6822F480620EE000BF204650F852
:1036B0002C1BCA6822F4006206E000BF204650F8C6
:1036C000301BCA6822F48052CA600068FEF7A4FA70
:1036D000206805F01F010122036A02FA01F123EAC2
:1036E0000101016243F20042016AC4F20102904208
:1036F000016205D042F60041C4F20101884209D1BD
:10370000016A41F21112114204D1016A40F24442AD
:1037100011420FD0016A41F21112114213D1016A14
:1037200040F2444211420ED1016821F001010160D2
:1037300009E000BF416C21F400414164016A41F29B
:1037400011121142EBD00120082D09D0042D0BD00D
:10375000002D14BF84F8410084F83E000020B0BD65
:1037600084F840000020B0BD84F83F000020B0BDC8
:10377000006840F20041C4F20001884208BFFEF731
:10378000C9BE7047704700007047000070470000D6
:10379000B0B582B0044600680168C368426901F0B0
:1037A0002F05202D03F0200506D12DB1204602B0B3
:1037B000BDE8B04001F0B2B85FEA017C1EBF02F084
:1037C000010E03F4907212EB0E0255D1226B012A06
:1037D00005D111F0100218BF13F0100236D10A06FD
:1037E00022D513F080021FD094F84110212941D135
:1037F000A168B1F5805F03D12169002900F07282D0
:10380000216A4A1C226209784160E18C01390A046C
:10381000E1842FD1C16821F08001C160C16841F00D
:103820004001C16002B0B0BD490623D513F040018C
:1038300020D0C16821F04001C1602021204684F8D9
:10384000411002B0BDE8B04000F062BC002101911F
:10385000016801914168019101994169490600F1AE
:103860008F80A18DE28DE38D002B1CBF891A5FEA4A
:1038700001420CD102B0B0BDCA0718BF13F4807268
:1038800040F038814A0700F13B8140E1206850E870
:10389000030F226820F4907042E80303DBB1206834
:1038A00050E8030F226820F4907042E8030393B1BC
:1038B000206850E8030F226820F4907042E8030368
:1038C0004BB1206850E8030F226820F4907042E862
:1038D0000303002BDAD1206850E8050F226820F09E
:1038E000010042E80503DBB1206850E8050F2268BB
:1038F00020F0010042E8050393B1206850E8050F6D
:10390000226820F0010042E805034BB1206850E82E
:10391000050F226820F0010042E80503002BDAD1F0
:10392000202084F8420000202063206850E8030F24
:10393000226820F0100042E80303DBB1206850E861
:10394000030F226820F0100042E8030393B12068BF
:1039500050E8030F226820F0100042E803034BB147
:10396000206850E8030F226820F0100042E80303AB
:10397000002BDAD1022289B220466263B4E000BF94
:10398000E16B0A68526893B2002B3FF473AFA58DC8
:10399000AB42BFF46FAFE2858969202900F09D80BA
:1039A00050E8030F216820F4807041E80302EAB177
:1039B000206850E8030F216820F4807041E803027A
:1039C000A2B1206850E8030F216820F4807041E81C
:1039D00003025AB1206850E8030F216820F4807078
:1039E00041E8030212B12068DAE700BF206850E81E
:1039F000050F216820F0010041E80502DAB12068D6
:103A000050E8050F216820F0010041E8050292B15D
:103A1000206850E8050F216820F0010041E8050208
:103A20004AB1206850E8050F216820F0010041E804
:103A30000502002ADAD1206850E8050F216820F03D
:103A4000400041E80502DAB1206850E8050F21681E
:103A500020F0400041E8050292B1206850E8050FCF
:103A6000216820F0400041E805024AB1206850E892
:103A7000050F216820F0400041E80502002ADAD154
:103A8000202084F8420000202063206850E8030FC3
:103A9000216820F0100041E80302DAB1206850E804
:103AA000030F216820F0100041E8030292B1206862
:103AB00050E8030F216820F0100041E803024AB1EA
:103AC000206850E8030F216820F0100041E803024D
:103AD000002ADAD1E06BFEF77BF802206063A08D4C
:103AE000E18D401A81B2204602B0BDE8B040FFF738
:103AF0004BBE00BF626C42F0010262644A0706D509
:103B0000BEF1000F03D0626C42F0020262648A07C9
:103B100006D5BEF1000F03D0626C42F0040262646D
:103B2000BCF1000F06D555EA0E0203D0626C42F0DC
:103B300008026264626C002A3FF49CAE11F020011E
:103B400018BF002D03D0204600F0E8FE2068416930
:103B5000626C01F0400102F00802891800F0A280B6
:103B600050E8030F216820F4907041E80302C2B3CB
:103B7000206850E8030F216820F4907041E80302A8
:103B80007AB3206850E8030F216820F4907041E870
:103B9000030232B3206850E8030F216820F49070CC
:103BA00041E80302EAB12068DAE700BF206850E884
:103BB000050F216820F0010041E80502DAB1206814
:103BC00050E8050F216820F0010041E8050292B19C
:103BD000206850E8050F216820F0010041E8050247
:103BE0004AB1206850E8050F216820F0010041E843
:103BF0000502002ADAD1206B012824D1206850E880
:103C0000030F216820F0100041E80302DAB12068B8
:103C100050E8030F216820F0100041E8030292B140
:103C2000206850E8030F216820F0100041E80302EB
:103C30004AB1206850E8030F216820F0100041E8E5
:103C40000302002ADAD1202084F8420000202063F9
:103C50002068416949063FD550E8050F216820F0EA
:103C6000400041E805022AB3206850E8050F2168AA
:103C700020F0400041E80502E2B1206850E8050F5D
:103C8000216820F0400041E805029AB1206850E820
:103C9000050F216820F0400041E8050252B120687C
:103CA000DAE700BF2046FFF771FD0020606402B034
:103CB000B0BD00BFE06B78B144F61111C0F6000151
:103CC0004163FDF7A9FF00283FF4D4ADE06B416BE1
:103CD00002B0BDE8B0400847204602B0BDE8B040A1
:103CE000FFF754BD216A31F8022B6FF35F22426067
:103CF00021628AE5002804BF0120704710B5044600
:103D000090F8410028B9002084F84000204600F0D7
:103D100061F8242084F841002068D4E90212C368C5
:103D200023F40053C360036923F440531A43026130
:103D3000D4E904231143C268194341F20C639A4346
:103D40001143C1604169A26921F44071114343F6F6
:103D50000002C4F201029042416103D0FEF7D0FD9F
:103D600002E000BFFEF7E0FD6268192148439100C0
:103D7000B0FBF1F048F21F51C5F2EB11A0FB01239B
:103D80005A096FF0630302FB0300322303EB0010B8
:103D9000A0FB0101F02303EA5113206803EB021298
:103DA000C1F3431111448160016921F49041016123
:103DB000416921F02A014161C16841F40051C160AB
:103DC00000202021606484F8411084F84210606370
:103DD00010BD000070B586B0006844F60001C4F262
:103DE0000001002688420596CDE90366029635D08B
:103DF00044F20041C4F20001884268D141F2180047
:103E0000C4F20200416840F6000441F40031416010
:103E10004168C4F2010401F4003101910199016883
:103E200002AD41F0040101600068294600F0040081
:103E30000190019804200290022003900320059035
:103E40002046FEF75DFA082002900020CDE903002D
:103E500020462946FEF754FA06B070BD41F218001C
:103E6000C4F20200416802AD41F480214160416822
:103E700001F4802101910199016841F0080101607C
:103E80000068294600F00800019001984FF4806016
:103E90000290022003900320059040F60000C4F237
:103EA000010000F580642046FEF72AFA4FF4006016
:103EB000CDE90206204629460496FEF721FA27207E
:103EC00000210022FEF7D8FB2720FEF7C5FB06B035
:103ED00070BD000090F84230202B1CBF02207047BC
:103EE00000294FF0010318BF002A01D1184670477E
:103EF00000230363816222218285C285436480F8A6
:103F000042100169006819B1C16841F48071C16053
:103F10004169002341F001014161C16841F0200184
:103F2000C16018467047000040F20851C2F200011B
:103F3000884218BF704710B540F2D004C2F20004A6
:103F400060780A280CD02B2814D146F6B840C2F26B
:103F50000000FA21FCF7B9FD0020E06112E000BF8B
:103F600046F6B8410CA0C2F2000108F095FE01200F
:103F7000606007E0E1694A1CE26146F6B842C2F2BD
:103F80000002505440F20850611CC2F200000122AD
:103F9000BDE81040FFF79EBFE694B6E588B0E68C1A
:103FA00087E4BBA425730A002DE9F041044690F88C
:103FB000410020281CBF0220BDE8F0810F460029E7
:103FC0004FF0010000F082801646002A08BFBDE8CD
:103FD000F0814FF0000821201D46C4F8448084F889
:103FE0004100FEF791FAA684E684A1680646B1F581
:103FF000805F05D12069002814BF3846B8460746BF
:10400000E08CC8B1681C19D0002D61D1216807E08F
:1040100017F8010B4860E08C0138E084E08C68B34D
:10402000086800064CD5002FF2D138F8020B0027A3
:104030006FF35F20EEE700BF21681FE0216802E018
:104040000868000609D40868000606D40868000657
:104050005CBF08685FEA0060F2D51FB117F8010B7A
:1040600005E000BF38F8020B00276FF35F204860BF
:10407000E08C0138E084E08C0028E4D10868400638
:104080001CD4EDB1681C0FD10868400616D408682E
:10409000400613D40868400610D4086840064FF064
:1040A0000000F1D50FE000BFFEF72EFA801BA842FA
:1040B00008D82068C16800684006F5D5002002E0F5
:1040C000FEF722FA0320202184F84110BDE8F08198
:1040D000216800BF0868000608D4FEF715FA801BA7
:1040E000A842EFD82168C868F4E700BF17B117F8F5
:1040F000010B04E038F8020B00276FF35F204860E3
:10410000E08C0138E084E08C0028E3D1B6E70000C1
:104110007047000080B582B041F21400C4F2020082
:104120000168002241F0010101600068002100F0F7
:104130000100019001980C20FEF79EFA0C20FEF77A
:104140008BFA0D2000210022FEF796FA0D20FEF7D3
:1041500083FA102000210022FEF78EFA102002B010
:10416000BDE88040FEF778BA80B586B0002041F205
:1041700018010590C4F202010A6842F020020A60A8
:104180000A6802F020020192019A0A6842F00402D1
:104190000A600A6802F004020192019A0A6842F079
:1041A00008020A60096801F00801019101991021D3
:1041B000CDE90210049040F60000C4F2010002A90B
:1041C000FEF79EF806B080BD70B598B042F6004587
:1041D00040F23040C4F201050021C2F20000592231
:1041E0001191CDE90F11CDE90D11CDE90B11CDE9FB
:1041F0000911CDE90711CDE90511CDE90311CDE98B
:104200000111C0E90051C0E90212C0E90411816145
:10421000FFF754F8002818BFFDF764FC40F2304067
:10422000C2F2000010A9FEF7ADFD002818BFFDF78F
:1042300059FC602009900020CDE90A00CDE90C006E
:10424000CDE90E0040F23040C2F2000009A9002280
:10425000FEF704FF002818BFFDF744FC40F2304091
:10426000C2F2000009A90422FEF7F8FE002818BFD8
:10427000FDF738FC40F23040C2F2000009A90822E4
:10428000FEF7ECFE002818BFFDF72CFC40F230448E
:104290004FF40050C2F200040026069001A9204607
:1042A0000596CDE90366CDE901660896FEF744FD63
:1042B000002818BFFDF716FC20681696A84201D00A
:1042C00018B070BD41F21800C4F20200016841F05C
:1042D00004010160006814A900F004001390139811
:1042E0004FF4E0601490022015901790A5F510503F
:1042F000FEF706F818B070BD80B540F2C04044F239
:104300000041C2F20000C4F2000100234FF00C0C87
:104310004FF4E13280E80E00C0E90333C0E905C381
:10432000C361FFF7E7FC002808BF80BDBDE88040FF
:10433000FDF7D8BB80B540F2085044F60001C2F248
:104340000000C4F2000100234FF00C0C4FF4E132E6
:1043500080E80E00C0E90333C0E905C3C361FFF77D
:10436000C9FC002808BF80BDBDE88040FDF7BABB8E
:10437000FEE70000FEE700002DE9F04381B0E8B160
:1043800081460EC087A0884608F086FC08EB4800EE
:104390006E2101EB001685A0314608F07DFCB6F5D4
:1043A000205F11D942F2F430C0F6010031464FF4DB
:1043B000205201B0BDE8F04308F06EBC91A001B0FE
:1043C000BDE8F04308F068BC44F2B840C2F2000017
:1043D000C9F80C007DA008F05FFCB8F1010FC0F235
:1043E000CB80D9F80C00A8F101016E30032908F048
:1043F000030C01D200227AE028F0030300224FF6DA
:10440000FC7E4FF01C111C2602EA0E0707EB470545
:1044100000EB0514A680C4F80610C4F80A10C4F80E
:104420000E10C4F81210C4F81610C4F81A10C4F80C
:104430001E10C4F82210C4F82610C4F82A10E6850D
:104440007C1C2D0104EB4404415100EB04152401B4
:104450000653BC1C04EB44046E80AE80C5F8061005
:104460006E81AE81EE812E826E82AE82C5F816100C
:104470006E83AE83EE832E846E84AE84EE842E85AE
:104480006E85AE85EE8500EB041524010653FC1CF9
:1044900004EB440404326E80AE80EE802E816E8187
:1044A000AE81EE812E826E82AE82EE822E836E838C
:1044B000AE83EE832E84C5F82210EE84A962E962F1
:1044C00000EB0415240193420653C5F80210EE8058
:1044D000A960E9602E82C5F81210EE82A961E96137
:1044E0002E84C5F82210EE84A962E9628CD1BCF159
:1044F000000F41D091B201EB410100EB01130F011C
:104500004FF01C11BCF1010FC15159609960D96085
:10451000196159619961D961196259629962D962C7
:104520002AD0531C9BB203EB430300EB03171B0180
:10453000BCF1020FC1507960B960F96039617961ED
:10454000B961F96139627962B962F96214D0911C7A
:1045500089B201EB410100EB011209014FF01C137C
:10456000435053609360D360136153619361D3618F
:10457000136253629362D36216A008F08DFB40F27F
:104580009810C2F2000001684A1C026000EB810230
:1045900012A04146C2F8049001B0BDE8F04308F013
:1045A0007BBB00BF7374657020320A00E9A284E807
:1045B000AEA1E4BDBFE794A8E5A0863A20256C75BE
:1045C00020E5AD97E88A820A0000000073746570E8
:1045D00020330A007374657020340A00E5889DE575
:1045E000A78BE58C96575332383132E5AE8CE6888E
:1045F000903A0AE781AFE78FA0E695B03A25640AC2
:1046000000000000506F696E74657220746F205254
:1046100047425F4C454420737472756374757265CC
:10462000206973204E554C4C2E0A000080B508F0CE
:1046300017FB09F0E7FBBDE8804008F01FBB000056
:10464000B0B590B000240120CDE90B44CDE9094478
:1046500006900A904FF4E0104FF4803102250F903D
:1046600006A8CDE90714CDE90D51FEF771F928B17F
:10467000EFF3108072B600BFFEE700BF0F20CDE958
:1046800001054FF48060CDE9040401A802210394E0
:10469000FEF72EF820B1EFF3108072B6FEE700BFF0
:1046A00010B0B0BD41F20400C4F20200016801F094
:1046B0000C01082941F20021C0F27A0119D10268E7
:1046C0000368C2F38342DB0302F1020206D440F620
:1046D0000011C0F23D0151430BE000BF03689B0392
:1046E00002D4514305E000BF40F60011C0F23D0185
:1046F000514340F21002C2F200021160006841F61C
:104700003C13C0F30310C0F60103185C21FA00F05B
:10471000106070477047000040F27840C2F200001D
:10472000FEF7F2BB10B540F6FF3E0368C4F2000E80
:1047300043F2004C7045C4F2010C21DCB0F1804F13
:104740002CD040F20042C4F20002904226D040F643
:104750000002C4F20002904220D0704524DCB0F187
:10476000804F2FD040F20042C4F20002904229D084
:1047700040F60002C4F20002904223D026E000BFBF
:1047800040F60042C4F20002904207D0604505D0D6
:1047900042F60042C4F201029042DED14A6823F0A0
:1047A000700313437045DADD40F60042C4F20002A4
:1047B000904207D0604505D042F60042C4F20102A3
:1047C000904203D1CA6823F44073134323F080025C
:1047D0004B69D1F800E08C681A4360450260C462FE
:1047E000C0F828E005D042F60042C4F2010290422F
:1047F00001D109690163012141610169C90708BF4C
:1048000010BD016921F00101016110BD10B5446ABC
:10481000616A814212D0A16A814217D0E16A814265
:104820001CD0216B814220D180690821002821778A
:1048300004BF012084F8410017E000BF8169012016
:104840000029207708BF84F83E000EE0806902212D
:10485000217750B9012084F83F0006E080690421E7
:10486000217710B9012084F840002046FEF7C4FDEE
:104870000020207710BD000010B5446A616A8142B3
:104880000AD0A16A814209D0E16A814208D0216B35
:10489000814207D1082004E0012002E0022000E06C
:1048A000042020772046FEF7B3FD0020207710BDBE
:1048B00010B5446A616A81420CD0A16A81420FD06E
:1048C000E16A814212D0216B814215D0012084F827
:1048D0003D0016E00120207784F83E0011E000BF83
:1048E00002202077012084F83F000AE0042020778E
:1048F000012084F8400004E008202077012084F89B
:1049000041002046FEF7FCFA0020207710BD000091
:10491000406A0021C185C184FEF738BF81B090F89C
:104920004210222920D18368B3F5805F08D1016944
:10493000002965D000F128010A6803685B680AE075
:10494000014651F8282F13B90369002BF5D00368ED
:104950005B6803F07F0313700A6801320A60C18D3F
:1049600001390A04C18501D001B070470168CA68E5
:1049700022F02002CA60CA6822F48072CA604A69C2
:1049800022F001024A61202280F842200022426384
:10499000036B012B3ED1026351E8031F026821F033
:1049A000100142E803130168DBB151E8031F0268FC
:1049B00021F0100142E80313016893B151E8031F8D
:1049C000026821F0100142E8031301684BB151E87D
:1049D000031F026821F0100142E803130168002B55
:1049E000DAD10A68D20606D5002200920A6800923F
:1049F000496800910099818D01B0FEF7C5BE00BFE6
:104A00000168826A49686FF35F2122F8021B8262A3
:104A1000A5E700BF01B0FFF787BA000040F20850D9
:104A2000C2F20000FEF7B4BEFEE70000C06802EB71
:104A300042023A2300EB02100A0458BF1C23A0F8DC
:104A40006E304B044FF03A0358BF1C23A0F870306F
:104A50008B044FF03A0358BF1C23A0F87230CB04EC
:104A60004FF03A0358BF1C23A0F874300B054FF0E9
:104A70003A0358BF1C23A0F876304B054FF03A0399
:104A800058BF1C23A0F878308B054FF03A0358BF6D
:104A90001C23A0F87A30CB054FF03A0358BF1C23F3
:104AA000A0F87C300B024FF03A0358BF1C23A0F84B
:104AB0007E304B024FF03A0358BF1C23A0F88030E1
:104AC0008B024FF03A0358BF1C23A0F88230CB0270
:104AD0004FF03A0358BF1C23A0F884300B034FF06B
:104AE0003A0358BF1C23A0F886304B034FF03A031B
:104AF00058BF1C23A0F888308B034FF03A0358BFEF
:104B00001C23A0F88A30CB034FF03A0358BF1C2374
:104B1000A0F88C300B064FF03A0358BF1C23A0F8C6
:104B20008E304B064FF03A0358BF1C23A0F890304C
:104B30008B064FF03A0358BF1C23A0F89230CB06E7
:104B40004FF03A0358BF1C23A0F894300B074FF0E6
:104B50003A0358BF1C23A0F896304B074FF03A0396
:104B600058BF1C23A0F898308B074FF03A024FF043
:104B70003A0358BF1C23A0F89A30C90708BF1C226B
:104B8000A0F89C207047000060B10388D0E901C103
:104B9000C26803EB4300372303EBC00083B26046D7
:104BA000FEF738BC42F2D030C0F6010008F074B80D
:104BB000002804BF00207047C1B209B101200CE0F9
:104BC00010F47F4102D0090A092006E010F47F01A9
:104BD00007BF010E1920090C112041F65612C0F62C
:104BE0000102515C08447047F0B581B017460C468D
:104BF000054600F009FB7968064608460BF0EFFE13
:104C000000F0E6FA42F2D7710246C0F601013046E2
:104C100000F0A4FAB8680BF0E2FE00F0D9FA42F214
:104C2000CF710246C0F60101304600F097FAF868ED
:104C30000BF0D5FE00F0CCFA42F2CC710246C0F681
:104C40000101304600F08AFA28462146324601B07A
:104C5000BDE8F04000F082BAF0B587B00E46002102
:104C60000022054607F016FB41F62810C0F60100A9
:104C700090E81E0000690DF1080C8CE81E000690FB
:104C8000052402AF2846002132464FF4FA6300970C
:104C9000019400F057FC2846314600224FF4FA6395
:104CA0000097019400F04EFC4FF4FA7008F086FF74
:104CB00007B0F0BD2DE9F04F8DB040F2A0190446C9
:104CC00000254FF0FF3BC2F2000904AE4FF0010A8D
:104CD0004FF0FF370191CDE90255C0F804B002E072
:104CE0002570C4F80CB0781C18D0E068C1020130FF
:104CF00008BF4FF400610F4444F2000199F804002A
:104D0000C0F6020101F580580028404608BF4FF464
:104D10008050874272D278050BD057E099F8047022
:104D200044F20000002FC0F6020018BF07467805C5
:104D30004CD138463146242201F0D6FD0A9844F27F
:104D40004561C3F2340188426760A060C8D19DF814
:104D500018000B9984F800A0E16068B19DF8140078
:104D6000E0B19DF81000B0FA80F040099DF82410E1
:104D7000607031B918E000BF03209DF82410607006
:104D800091B19DF82010B9B19DF81C10B1FA81F1D4
:104D900049090128A1700BD112E000BF02209DF843
:104DA000241060700029ECD103210128A17007D0E4
:104DB000022898D102A804E002210128A170F7D1AD
:104DC00003A80168013101608DE700BF42F21D6751
:104DD00042F2336042F2FE4242F20563C0F601073E
:104DE000C0F60100C0F60102C0F6010340F24921FD
:104DF000009701F041FD00BFFEE700BF02984FF0B1
:104E0000FF36002800F09A80DDF804A004AF4FF0D0
:104E1000010B4FF0FF30666005E000BF012800F095
:104E2000898000BF6068411C14D0E168CA0201316A
:104E300008BF4FF4006299F8041015180029404685
:104E400008BF4FF48050854280F0988068050CD0F0
:104E50007CE000BF99F8045044F20000002DC0F639
:104E6000020018BF0546680570D12846394624223D
:104E700001F03AFD0A9844F24561C3F234018842D8
:104E80006560A06014D19DF818000B9984F800B0FB
:104E9000E160A8B19DF8140020B39DF81000B0FAAD
:104EA00080F040099DF82410607071B920E000BFC7
:104EB000002020706078E6600228B3D124E000BFB3
:104EC00003209DF82410607091B19DF82010A9B1C5
:104ED0009DF81C10B1FA81F14909A1700228A1D1F5
:104EE00012E000BF02209DF8241060700029ECD170
:104EF0000321A17002287FF495AF05E00221A17083
:104F000002287FF48FAF00BF28462146012207F018
:104F10009DF8207800283FF485AF206950457FF642
:104F200081AFA07802287FF479AF99F806000028B5
:104F30007FF478AF6669039828BB03E0DDF804A02E
:104F4000039800BB30460DB0BDE8F08F42F21D67FC
:104F500042F2336042F2FE4242F20563C0F60107BC
:104F6000C0F60100C0F60102C0F6010340F249217B
:104F7000009701F081FC00BFFEE700BF4FF0FF3655
:104F800003980028DED0711CDCD1012804D899F8E0
:104F90000600012840F0BA804FF0FF3704AE4FF012
:104FA000010B4FF0FF30676007E000BF99F8060083
:104FB000002800F0878000BF6068411C14D0E168C1
:104FC000CA02013108BF4FF4006299F804101518A5
:104FD0000029404608BF4FF48050854280F0908001
:104FE00068050CD074E000BF99F8045044F200004A
:104FF000002DC0F6020018BF0546680568D1284696
:105000003146242201F070FC0A9844F24561C3F253
:10501000340188426560A06014D19DF818000B9996
:1050200084F800B0E160A8B19DF8140020B39DF8A9
:105030001000B0FA80F040099DF82410607071B93A
:1050400020E000BF002020706078E7600128B3D125
:1050500024E000BF03209DF82410607091B19DF8FA
:105060002010A9B19DF81C10B1FA81F14909A17075
:105070000128A1D112E000BF02209DF82410607029
:105080000029ECD10321A17001287FF495AF05E040
:105090000221A17001287FF48FAF00BF284621466E
:1050A000012206F0D3FF207800283FF485AF206965
:1050B00050457FF681AFA07802283FF477AF0128F2
:1050C0007FF47AAF666930460DB0BDE8F08F00BF5F
:1050D00042F21D6742F2336042F2FE4242F2056341
:1050E000C0F60107C0F60100C0F60102C0F60103D8
:1050F00040F24921009701F0BFFB00BFFEE700BF6F
:105100004FF0FF3630460DB0BDE8F08F42F233600D
:10511000C0F6010006A240F2254101F0ADFB0120DE
:105120004FF0FF3689F8060030460DB0BDE8F08F2D
:105130005472696767657220612047432063686520
:10514000636B20616674657220616C6C6F632045CF
:105150004E56206661696C65642E0A002DE9F041A7
:10516000002A08BFBDE8F0818046106A40F20805B9
:1051700014460E46C2F2000508B1696888473046F9
:10518000FBF7B8FB2968451C28468847074620B12D
:10519000384631462A46FBF721FCD8F8080027623A
:1051A00090B100BF026801464AB11068114630B1A3
:1051B000026801461AB1106811460028F2D10C604D
:1051C0006160BDE8F08100BFC8F80840BDE8F0812B
:1051D00070B50C4640F20801C2F2000109680646AB
:1051E00028208847054660B128462821FBF76DFC3A
:1051F0000320E86030462146C5E906640BF0C0FB99
:105200006861284670BD000010B540F20800C2F287
:105210000000016828208847044628B1204628213C
:10522000FBF753FC0620E060204610BDF0B581B0CE
:1052300040F20806C2F20006316805462820884779
:105240000446A0B120462821FBF73FFC0420E06083
:105250002846FBF74FFB3168461C30468847074617
:1052600020B1384629463246FBF7B8FB2761204675
:1052700001B0F0BD70B5002808BF70BD40F208064F
:105280000446C2F2000603E0716828468847CCB1A4
:10529000E16825462468C80504D4A86810B1FFF762
:1052A000E9FFE968C80504D4286910B17168884726
:1052B000E9688805E8D4286A0028E5D0716888473D
:1052C000E2E700BF70BD00002DE9F04F81B0D0F8DB
:1052D00008B00029884618BF4FF00108BBF1000F45
:1052E00056D08A46002941D00AF10109DBF8204056
:1052F0004046E4B126783046FBF77AF89AF8001079
:1053000007460846FBF774F887420FD1651C4C46E8
:10531000AEB115F8016B3046FBF76AF814F8011BC3
:1053200007460846FBF764F88742F1D0381A30B1D7
:10533000DBF800B0BBF1000FD8D14FF0000B58469E
:1053400001B0BDE8F08F00BFDBF820000028F6D0E8
:10535000DBF800B0BBF1000F1AD0DBF8200000280A
:10536000EDD0DBF800B0BBF1000F11D0DBF820006E
:105370000028E4D0DBF800B0BBF1000F08D0DBF868
:1053800020000028DBD0DBF800B0BBF1000FDBD140
:105390004FF0000B584601B0BDE8F08FB0B540F2B9
:1053A0000801C2F200010968054628208847F8B1C3
:1053B00028210446FBF789FB40F2DC20C2F2000002
:1053C00000210160E5B100BF287801381F281CD8F2
:1053D000687801381F2815D8A87801381F2813D8F5
:1053E000E878043501382028EED3013D0DE000BFF8
:1053F00040F2DC20C2F20000002404602046B0BD70
:10540000002502E0013500E002352046294604F07F
:105410006BFD08B12046B0BD2046FFF72BFF0024EE
:105420002046B0BD00210022002306F09BBA0000F8
:1054300010B586B0417804460078F9B103281DD133
:10544000A17842F21D5004F11002C0F6010001F0F3
:1054500015FA204603F046F840B3A36842F23360E1
:1054600042F2B652C0F60100C0F601024FF4D86114
:1054700001F002FA012006B010BD00BF01284FF074
:10548000000011D1226B4FF0FF310591CDE90111E0
:10549000CDE9031101A910318DF8140002F11000BB
:1054A000042201F04DFA012006B010BD42F2336033
:1054B000C0F6010003A240F2BE6101F0DDF9002058
:1054C00006B010BD5265636F7665727920746865A9
:1054D00020454E56207375636365737366756C2E35
:1054E0000A000000F0B583B00C46002100220546FA
:1054F00006F0D0FE012602AF2846002122464FF4D6
:10550000FA6302960097019600F01CF8284621469F
:1055100000224FF4FA630097019600F013F84FF45D
:10552000FA7008F04BFB03B0F0BD000080B502F04C
:10553000ABF9002080BD000080B502F011FB002017
:1055400080BD00002DE9F04F9DB08146C2F30740B9
:10555000C1F30746A0EB060AC2F30720C1F30728F0
:10556000A0EB08001C90D0B25FFA81FBA0EB0B050A
:105570004CF6CD4003FB00F1012000EBD140B3FB22
:10558000F0F2269F0092CC0C0BF04EFF08903046B4
:105590000BF04AFF079050460BF02EFF0690404656
:1055A0000BF042FF05901C980BF026FF0490584624
:1055B0000BF03AFF039028460BF01EFF00260290E6
:1055C000CDF82490019405E0A74206F101062F468C
:1055D00000F21E81B0B20B960A900BF025FF0899DD
:1055E0000BF02CFE0646069831460BF031FF07996A
:1055F0000BF098FD0BF0E4FE0546049831460BF0E5
:1056000027FF05990BF08EFD0BF0DAFE0446029899
:1056100031460BF01DFF03990BF084FD0BF0D0FE1B
:10562000034620064FF03A0058BF1C201C9060062D
:105630004FF03A0058BF1C201B90A0064FF03A00D4
:1056400058BF1C201A90E0064FF03A0058BF1C20AB
:10565000199020074FF03A0058BF1C20189060079F
:105660004FF03A0058BF1C201790A0074FF03A00A7
:1056700058BF1C201690E0074FF03A0008BF1C20CE
:10568000159028064FF03A0058BF1C201490680669
:105690004FF03A0058BF1C201390A8064FF03A0074
:1056A00058BF1C201290E8064FF03A0058BF1C204B
:1056B000119028074FF03A0058BF1C20109068073F
:1056C0004FF03A0058BF1C200F90A8074FF03A0047
:1056D00058BF1C200E903A20E90708BF1C200D90EF
:1056E00019064FF03A0058BF1C2059064FF03A08EF
:1056F0000C9058BF4FF01C0899064FF03A0A58BF5B
:105700004FF01C0AD9064FF03A0B58BF4FF01C0B54
:1057100019074FF03A0958BF4FF01C0959074FF0CD
:105720003A0158BF1C219A074FF03A0258BF1C2279
:10573000DB0727984FF03A03BE4608BF1C23012819
:1057400040DB09984FF0000CC66800246E3600BF9D
:105750003EF82C501C9F05EB450006EB00150001A0
:1057600037521B98013468801A981FFA84FCA8806D
:105770001998A5F82280E8801898A5F824A0288117
:105780001798A5F826B068811698A5F82890A881E2
:1057900015986985E8811498AA8528821398EB8565
:1057A00068821298A8821198E882109828830F982E
:1057B00068830E98A8830D98E8830C98288427980E
:1057C0008445C5DBDDF824907746B9F1000F0DD094
:1057D000B9F8003009F1040203EB4303372607CA86
:1057E00006EBC3039BB2FDF715FE05E042F2D03095
:1057F000C0F6010007F050FA3D46019CDDE90A764B
:10580000A7423FF6E1AE009808F0D8F9DCE600BF09
:105810001DB0BDE8F08F000086B040F2D009C2F2A2
:105820000009D9F8040046F6B84446F2675A40F237
:10583000180BC2F20004C0F2740A01AE39A7C2F21A
:10584000000B012807D000BF0A2008F0B7F9D9F8EB
:1058500004000128F8D1204607F01EFA20685045C0
:105860001ED02046314603F0B1FDD8B3019922A0E5
:1058700007F012FADDE9021223A007F00DFADDE9C4
:105880000412384607F008FA0298CBF800003046B8
:1058900006F0A0F90020C9F804000128D4D1DAE705
:1058A000FFF7B2FCD9F80C10054603F0EBFA2846D6
:1058B000FFF7B8FD804640F20850C2F200004146B2
:1058C00009F06AF8404607F0E7F94046FAF769FD43
:1058D0002846FFF7CFFC0020C9F804000128B3D107
:1058E000B9E700BF16A007F0D7F90020C9F80400F7
:1058F0000128A9D1AFE700BF4D6F646520547970CE
:10590000653A2025640A00004D6F64652049443AD9
:105910002025642C20436F6C6F72733A2025730A24
:1059200000000000676E4D6F64652049443A2025F1
:10593000642C20436F6C6F72733A2025730A000049
:105940004661696C656420746F20706172736520B4
:10595000746865204A534F4E20737472696E672EC7
:105960000A0000000B46884280F0C1802DE9F04F0C
:1059700091B000F12001C2430DF124090192474288
:1059800009F1010A03910A46002483460026804655
:10599000059302900DE000BFDDE90531DDE9072741
:1059A0000DF1240901342032203F9942884680F0CD
:1059B00095804946914608979342079238BF994689
:1059C0000398A3EB080500EB4417BB4208F1200045
:1059D00038BF1F460690984238BF202540462A46C9
:1059E00000F082FF002DD7D00020A0EB441C0198CE
:1059F000BE46604438440328049403D200200DF1CD
:105A0000240932E00898484420F0030200200DF1F8
:105A1000240900BF19F80030594608EB0005FF2B98
:105A200008BF2946FF2E08BF59461AF800400F4606
:105A30000AEB0006FF2C08BF6F1CFF2B08BF0F46A8
:105A40007178B678FF293B4608BFAB1CFF2C08BF16
:105A50003B46FF2E9B4608BF05F1030BFF2900F1D3
:105A6000040008BF9B468242D4D1029906AFACEB3A
:105A70000101714411F0030CDDE9044386CF91D09C
:105A800019F800E05B46BEF1FF0F08BF00EB08030A
:105A9000FF2E18BF9B46BCF1010F01D176461AE0DC
:105AA000431C19F803605D46FF2E08BF03EB080591
:105AB000BEF1FF0F18BFAB46BCF1020F0BD0023096
:105AC00019F800505B46FF2D08BF00EB0803FF2EBE
:105AD0002E4618BF9B46059B64E700BF0BF10300F1
:105AE000FF2E08BF20F0030311B0BDE8F04F1846A9
:105AF000704700002DE9F04F8FB00746D0F81480B2
:105B000008461D4691460E46FAF7F4FE212809D3B1
:105B10000FF27840202100F0B1FE042528460FB096
:105B2000BDE8F08F0DF1080A044650462421FF22FB
:105B3000FAF7A1FF45F24B60C3F234000790E01C76
:105B400005F12B0100F4FE7021F003010B950D18F7
:105B500040F2DD7085428DF82840089508D30FF299
:105B60000C4000F08BFE062528460FB0BDE8F08FF4
:105B700018F1010007D138462946FFF79BF8804607
:105B8000013000F0B9807878022815D0012819D1A9
:105B900078684FF0FF31CDE90C110E910CA904315A
:105BA0004FF0000B043004228DF834B000F0C8FE32
:105BB0000546002DB2D107E03869482870D3401B54
:105BC00047286DD94FF0000BFF200AF120018DF816
:105BD00030000020082200F023FB9DF828203146E9
:105BE000099000F01DFB9DF828100990CA1C22F0B6
:105BF0000302531A09D08C1A0CAD00BF29460122AA
:105C000000F00EFB01340990F8D30B9A494600F0DE
:105C100007FB0B990990CA1C22F00302531A08D003
:105C20008C1A0CAD2946012200F0FAFA01340990D1
:105C3000F8D34FF0FF300690CDF81500CDF81100E5
:105C4000CDF80D00CDF8090000208DF8080002A95C
:105C50004046042200F074FE20B1054628460FB0ED
:105C6000BDE8F08F0AF1140108F11400142200F0CD
:105C700067FE054600287FF451AF9DF82840DA46BC
:105C800008F128004FF0FF3114F0FC0B0C9101904B
:105C900056D031465A4600F053FE054651E000BF4B
:105CA00078684FF0FF340CA900220E9408318DF86B
:105CB000382008300422CDE90C4400F041FE40F2C7
:105CC000A012C2F200021346796853F8285F8D4291
:105CD000054609D0134653F8300F884204D01346C6
:105CE00053F8380F884265D11C604FF0010B002D2E
:105CF0007FF414AF68E700BF40F2A010C2F20000CA
:105D00008079012816D142F2336042F26852C0F61F
:105D10000100C0F6010240F2AF412B4600F0ACFD9D
:105D200001F0F4FA38462946FEF7C4FF80460130F8
:105D30007FF429AF062528460FB0BDE8F08F00BFDD
:105D4000002514F003020DD065B90CAD06EB0B0174
:105D50002846FAF743FE019829465844042200F0E9
:105D6000EFFD05465446BAF1000F03D09DF8281008
:105D700077E000BF9DF828107868CA1C0B9B019F34
:105D800022F003023A44033340F2A01723F0030346
:105D9000C2F2000702EB030EBB6A864516D900F576
:105DA0000062724512D983422AD107F128024FF0CE
:105DB000000C50E052F8400F8842134608BF1C60A8
:105DC0004FF0010B002D7FF4A9AEFDE6834203D115
:105DD00007F128020FE000BF3A4652F8303F8342F5
:105DE00009D03A4652F8383F834204D057F8402F42
:105DF00082423A4635D14FF0FF30106031E000BFAB
:105E00003A4652F830BF4FF0010C834523D0B3F12E
:105E1000FF3418BF01245A1C08BF4FEA840C1BF141
:105E200001023A4652F8383F18BF4FEA840C8342C9
:105E300002D14FF0020C0EE08CF0040262EA030281
:105E4000002A3A4652F8403F08BF4FF0020C834206
:105E500066D14FF0030C106007EBCC00C0F82CE0CB
:105E600054463046424608F04FFE002D7FF456AEB1
:105E70009DF828000B9E0330019920F0030026F0C6
:105E8000030701EB000A4FF0FF300C9037B150468A
:105E900049463A4600F054FD054600E0002516F05C
:105EA00003020DD065B90CAD09EB07012846FAF7DE
:105EB00095FD0AEB07002946042200F041FD054646
:105EC000002D7FF42BAE4FF0FF300690CDE904009B
:105ED000CDE9020002A8011D00208DF80C0008F198
:105EE0000400042200F02CFD002C05463FF416AE01
:105EF000002D7FF413AE42F23360C0F6010011A210
:105F000040F25F5100F0B8FC40F2A010C2F2000075
:105F100001210025817128460FB0BDE8F08F00BF38
:105F20005A1C08BFBCF1040F04D0BCF1030F544647
:105F300097D802E04FF0030C544607EBCC02C2E9BD
:105F40000A0E8EE7547269676765722061204743C5
:105F500020636865636B2061667465722063726597
:105F60006174656420454E562E0A00004572726FBA
:105F7000723A2054686520454E562073697A652030
:105F8000697320746F6F206269670A004572726FCF
:105F9000723A2054686520454E56206E616D65202A
:105FA0006C656E677468206973206D6F726520740C
:105FB00068616E2025640A002DE9F04182B040F24C
:105FC000D006C2F2000606F1300124A01022002300
:105FD00000F0DCFA42F2E614C0F6010442F2CC18FA
:105FE00000282046C0F6010808BF404606F054FECF
:105FF00006F1300742F240158ECFC0F60105284663
:10600000009706F049FE06F1400118A01022002377
:1060100000F0BCFA0028204608BF404606F03CFECF
:1060200006F140078ECF2846009706F035FE06F1B0
:10603000500111A01022002300F0A8FA002808BF88
:106040004446204606F028FE06F150078ECF28462B
:10605000009706F021FE02B0BDE8F0817374617410
:10606000655F7374616E64627900000073746174BB
:10607000655F64617900000073746174655F6E69C7
:1060800067687400F0B58FB015460C46064629B90E
:1060900001A9304600F004FE80B301AC206B4FF044
:1060A000FF3140F2A017CDE90111CDE903110591AF
:1060B000C2F2000701A99DB100220C318DF8102019
:1060C0000C30042200F03CFCF979012910D078B999
:1060D00016B33046FAF70EFC014630461FE000BF0B
:1060E000002208318DF80C200830042200F028FC32
:1060F00085F00101F971C0B10FB0F0BD42F233601B
:10610000C0F601001EA240F23F41334600F0B4FB4E
:1061100004200FB0F0BD00BFA17804F110004FF0D3
:10612000FF3208F0F1FC0020F871206B40F2FF71A3
:1061300020EA010501AC05F10C0021460C2200F01B
:10614000D3FB9DF80C0000284FF00000D4D09DF840
:1061500008100029D0D09DF804100029CCD14FF0B0
:10616000FF300390CDE901000020211D8DF80800CB
:1061700045F01000042200F0E3FB0FB0F0BD00BFBB
:106180004E6F7420666F756E642027257327206913
:106190006E20454E562E0A00B0B582B040F258250A
:1061A000C2F20005287800240194B8B9684601A914
:1061B00000F090FB20B9DDE9000100F093F888B110
:1061C000044642F27E40C0F6010013A100F056FBE7
:1061D00042F23540C0F6010000F050FB204602B00C
:1061E000B0BD00BF01202870002401A0EDE700BF72
:1061F00045617379466C6173682056257320697315
:1062000020696E697469616C697A6520737563636E
:106210006573732E0A000000342E312E39390000C8
:1062200070B5002A6FEA00034CD041F65820A2F165
:10623000010C12F0030EC0F601001DD00C4614F83C
:10624000015BDEB2754050F82550BEF1010F85EAC2
:10625000132305D121466246BCF1030F32D30EE071
:106260004C78DDB26C4050F82440BEF1020F84EA55
:10627000132329D1023A0231BCF1030F22D304398E
:1062800011F8046FDDB26E4050F82660043A86EAD9
:1062900013234E78DDB286EA050650F826608D7825
:1062A00086EA1323DEB286EA050650F82660CD782A
:1062B00086EA1323DEB286EA050650F8266086EAEF
:1062C0001323DDD1D84370BD8E78DDB26E4050F817
:1062D0002660033A033186EA1323BCF1030FF1D39E
:1062E000CDE70000B0B582B0D0B340F2A014C2F246
:1062F000000422788ABB40F25C234FF0FF32C2F2E6
:1063000000035A60DA605A61DA615A62DA625A63EB
:10631000DA635A64DA645A65DA655A66DA665A6785
:10632000DA67C4E9020142F2336044F20003A26278
:106330002263A263226401254FF4805CC0F6010051
:1063400010A2C0F6020340F221712571CDF800C001
:1063500000F092FA00F050F92570002002B0B0BDB4
:1063600042F2336042F2FE4212A4C0F60100C0F6CF
:10637000010213A340F20771009400F07DFA00BF00
:10638000FEE700BF454E562073746172742061644D
:106390006472657373206973203078253038582C07
:1063A0002073697A65206973202564206279746599
:1063B000732E0A0065665F656E765F696E697400AC
:1063C00064656661756C745F656E76002DE9F04FEB
:1063D0008BB040F2A01AC2F2000ADAF808000028D6
:1063E00062D0DAF80C00002872D000F049FA0DF102
:1063F00008099AF8045044F2456809F10C044FF07A
:10640000FF374FF0000BC3F23408002D1CBF44F2DD
:106410000005C0F6020500BF28464FF4006100F0F9
:1064200033FA002868D12846494624220497CDE94A
:1064300002778DF808B0C4E90077A7608DF814B032
:10644000CDE908870A9700F07BFA514651F8282FCA
:10645000064695420AD0514651F8300F854205D084
:10646000514651F8380F854214D100BF0F60002EFD
:1064700043D19AF8040005F5006500284FF48050D8
:1064800044F20001C0F6020118BF01F580508542B8
:10649000C2D339E0514651F8400F854208BF0F6022
:1064A000002EE6D029E000BF42F2486742F2336096
:1064B00042F2FE42C0F60107C0F60100C0F601023A
:1064C0002EA340F20A61009700F0D6F9FEE700BF64
:1064D00042F2486742F2336042F2FE42C0F60107E0
:1064E000C0F60100C0F601021EA340F20B61009746
:1064F00000F0C2F9FEE700BF064600F0C3F93046DF
:106500000BB0BDE8F08F00BFDAF80C0000260028C1
:10651000F3D04FF0FF380DF1080900270EE000BF5F
:10652000CDF81C80A15948462A46FFF7E3FADAF86D
:106530000C000137874206F10C060BD2DAF808404E
:10654000A019D0E90153002BEAD12846FAF7D2F975
:106550000346E5E7002600F095F930460BB0BDE8AC
:10656000F08F00BF64656661756C745F656E765F01
:106570007365745F73697A65000000006465666125
:10658000756C745F656E765F73657400F0B58FB07F
:10659000144640F2A012C2F200021278C2B11E46A6
:1065A0000D46074600F06CF901A9384600F078FB6B
:1065B000C0B10498002E18BF3060A04238BF044616
:1065C000A5B10E982946224600F08EF90EE000BFD4
:1065D00042F2E440C0F6010000F050F900242046E9
:1065E0000FB0F0BD0024002E18BF346000F04AF94F
:1065F00020460FB0F0BD00002DE9F04F91B040F201
:10660000A01744F2456544F20009C2F200070120D8
:1066100003ACC3F23405C0F60209787104F10C0032
:106620004FF000084FF0FF3602904FF0FF3A701C19
:1066300016D000BF4FEACA201AF1010108BF4FF47B
:1066400000600644387909F5805B0028584608BF89
:106650004FF48050864271D2700507D056E000BFDB
:106660003E79002E18BF4E4670054FD13046214668
:10667000242200F039F90998A84205D1DDF828A0B4
:10668000701CD7D1ECE700BF42F2A140C0F6010078
:10669000314600F0F3F830464FF4006100F0F4F8B2
:1066A00010B108F10108C0E702984FF0FF31002255
:1066B0000591CDE903118DF80C20C0E9001181602E
:1066C0008DF81820CDE909510B913046214624223E
:1066D0004FF0FF3A00F034F9384650F8281FB14225
:1066E0000ED0384650F8301FB14209D0384650F825
:1066F000381FB14204D0384650F8401FB142D0D1C3
:10670000C0F800A008F101088FE700BF42F21D6742
:1067100042F2336042F2FE4242F20563C0F60107E4
:10672000C0F60100C0F60102C0F6010340F24921A3
:10673000009700F0A1F800BFFEE700BFB8F1020F1C
:1067400004D13DA000F09AF8FFF740FE00F098F861
:106750004FF0FF3403AE4FF0010801E04FF0FF3A75
:10676000601C13D04FEACA201AF1010108BF4FF490
:106770000060397904440029584608BF4FF480501E
:10678000844235D2600507D01AE000BF3C79002C66
:1067900018BF4C46600513D120463146242200F034
:1067A000A3F80998A842D9D19DF82000DDF828A0C7
:1067B0000028D5D187F8068000F0A8FDD0E700BFFB
:1067C00042F21D6742F2336042F2FE4242F205633A
:1067D000C0F60107C0F60100C0F60102C0F60103D1
:1067E00040F24921009700F047F800BFFEE700BFE4
:1067F00045F23143C0F6000303A800210022002621
:1068000000F098F9B87901280FD145F23144C0F66B
:10681000000403AD00F07AFD284600210022234643
:1068200000F088F9B8790028F4D17E7100F02AF8D8
:10683000002011B0BDE8F08F5761726E696E673A43
:1068400020416C6C20736563746F722068656164AD
:10685000657220636865636B206661696C65642E90
:106860002053657420697420746F206465666175B7
:106870006C742E0A00000000704700007047000092
:106880007047000070470000B0B586B00446400570
:1068900002D000BFFEE700BF0D46FBF719FD42F234
:1068A0000C00C4F202003521016005F2FF710020E6
:1068B000C90A02900591019002A801A90494FBF76E
:1068C0002FFC0446002818BF0124FBF7A1FC20463A
:1068D00006B0B0BD41F66862C0F601020260132244
:1068E00000200A60704700003AB3531E032B02F0E9
:1068F000030C13D322F0030210F8043B043A01F80E
:10690000043B10F8033C01F8033C10F8023C01F88A
:10691000023C10F8013C01F8013CEDD1BCF1000F44
:106920000BD00278BCF1010F0A7006D04278BCF19E
:10693000020F4A701CBF80788870002070470000EA
:10694000F0B581B014460D460646FBF7C1FC42F295
:106950000C00C4F202003521016074B1002700BFB1
:10696000EA59F11902200023FBF75CFCF059E959C0
:10697000884209D10437A742F2D30024FBF748FC30
:10698000204601B0F0BD00BF0324FBF741FC2046C8
:1069900001B0F0BD2DE9F04F85B040F2A01BC2F26E
:1069A000000B15469BF80020002A75D00E460446C1
:1069B000FFF766FF002E7BD02046F9F79BFF2B30B8
:1069C000E91C20F0030021F0030147180BF1100827
:1069D00040463946FEF76EF9013075D044F2804AE0
:1069E000C2F2000A2046514600F05AF9002800F091
:1069F0008D80DAF830004FF0FF31E9460022CDE912
:106A00000011CDE90211049109F108018DF8082067
:106A100008300422FFF794FF07460120002F8BF86F
:106A200007007AD1DAF8300040F2FF7120EA01075E
:106A300007F10C0049460C22FFF756FF9DF80800AD
:106A4000B8B19DF80400A0B19DF8000088B94FF0DE
:106A5000FF300290CDE90000002009F104018DF81B
:106A6000040047F010000422FFF76AFF07460028E1
:106A700053D14046214632462B46FFF73BF80746A6
:106A800000284AD144F28041C2F20001204601228E
:106A9000FFF7F8FA40E000BF42F2E440C0F6010020
:106AA000FFF7ECFE0727384605B0BDE8F08F00BFC2
:106AB000204600210122FFF7E5FA0746FFF7E2FE34
:106AC000384605B0BDE8F08F9BF80600012815D1C7
:106AD00042F2336042F26852C0F60100C0F6010291
:106AE00040F2AF413B46FFF7C7FE00F00FFC4046C7
:106AF0003946FEF7DFF801307FF470AF0627FFF765
:106B0000C1FE384605B0BDE8F08F00BF40462146C3
:106B100032462B46FEF7EEFF07469BF8060001289B
:106B200008BF00F0F3FBFFF7ADFE384605B0BDE847
:106B3000F08F00002DE9F04F91B040F2A0181C46F4
:106B400092460E460746C2F200080DF108094FF0C2
:106B5000FF3506E000204FF0FF3B8DF80800CDF830
:106B600014B0681C18D04FEACB201BF1010108BFFC
:106B70004FF4006098F80410054400294FF4805049
:106B800044F20001C0F6020118BF01F580508542B1
:106B90006BD268050BD06BE098F8045044F200000B
:106BA000002DC0F6020018BF0546680560D12846D2
:106BB00008A92422FFF798FE0E9844F24561C3F21B
:106BC0003401884203950490C4D101208DF8080057
:106BD0009DF82800DDF83CB0CDF814B070B19DF8F8
:106BE0002400D8B19DF82000B0FA80F040099DF84B
:106BF00034108DF8090039B917E000BF03209DF863
:106C000034108DF8090081B19DF8301081B19DF8E4
:106C10002C10B1FA81F149090BE000BF02209DF868
:106C200034108DF809000029EED1032101E000BFE6
:106C30000221002C8DF80A1018BF10F002003FF45A
:106C400090AF4FF0FF3038634846394600F034FDCE
:106C5000411C38633FF485AF384605F005F93846E6
:106C600031465246A0470028EED011B0BDE8F08F63
:106C700042F21D6742F2336042F2FE4242F2056385
:106C8000C0F60107C0F60100C0F60102C0F601031C
:106C900040F249210097FFF7EFFD00BFFEE700003B
:106CA0002DE9F04F89B000918246F9F723FE814625
:106CB000002051464A460025FFF7B2FA40F25C2711
:106CC000060C0124C2F200070DF1040B09E000BF1D
:106CD0000F2D05F101054FF0000438BF0124102DE0
:106CE00032D007EBC508D8F80400411CF0D037F8C3
:106CF00035108E42ECD1283059462022FFF7F4FDA2
:106D0000504659464A46F9F71EFE0028E0D1D8F809
:106D1000040000994FF6EE730863B8F802006FF0B4
:106D2000110200F11001984288BF02F11101E00741
:106D3000A8F8021008D0009805F096F80127384608
:106D400009B0BDE8F08F00BF009C46F681530027D4
:106D5000C0F6000301AA204651468DF80470FFF7E3
:106D6000E9FE9DF804000028E9D0226B5046494610
:106D700007F0CAFE0127384609B0BDE8F08F0000D1
:106D800070B50646084614460D46F9F7B3FDB178CE
:106D900088420BD10246707840B13078022805D184
:106DA00006F110002946F9F7CEFD08B1002070BDAC
:106DB0000120207070BD000070B582B040F2E8166E
:106DC00042F6FC0042F6A411C2F20006C0F6010031
:106DD000C0F60101C6E900010120782105F088FB19
:106DE000706128B30A201521CDE9001046F66961CB
:106DF00013A0C0F6000100224FF48063002406F0C7
:106E0000B7FD7269054610A110460022002306F066
:106E10007DFA706990F8211041F0020180F821108C
:106E20001DB1284606F038FF0024204602B070BD90
:106E300007A005F031FF4FF0FF34204602B070BDCF
:106E4000747368656C6C00007368727800000000F1
:106E50006E6F206D656D6F727920666F722073683A
:106E6000656C6C0A0000000040F2E81AC2F2000AE9
:106E7000DAF8140040F2E02490F82110C2F2000485
:106E800041F0010280F82120880703D400202070FF
:106E900026E000BFDAF8101041B140F2E020C2F263
:106EA00000008022F9F738FE1AE000BF01F0B2FFBF
:106EB00030B10020207147F26D30C2F2680009E065
:106EC00046F67300C0F22000C4F8030046F66610D0
:106ED000C7F26E3020602046F9F70CFD3E212152AA
:106EE000204605F0D9FE42F6DC064FF0010B4FF0CC
:106EF0000008C0F60106022702E000BF80F820B0BB
:106F000005F036FC8146DAF81400B9F11B0FF5D014
:106F100090F82010022909D0012940F07580B9F1BC
:106F20005B0F40F06F8080F82070E9E7A9F1410124
:106F3000022980F82080E3D3B9F1440F00F2928057
:106F4000DFE819F046009700970097009700970038
:106F500097009700A000E000700097009700700075
:106F60009700970097009700970097009700970069
:106F70009700970097009700970097009700970059
:106F80009700970097009700970097009700970049
:106F90009700970097009700970097009700970039
:106FA0009700970097009700970097009700970029
:106FB0009700970097009700970097009700970019
:106FC000970097009700970097004800840100BF42
:106FD00096E700BFB0F87410B0F872209142BFF489
:106FE0008FAF084490F8221042F6DE00C0F6010090
:106FF00005F052FEDAF81400B0F874100131A0F870
:1070000074107DE780F82080B9F10D0F2AD8DFE8F1
:1070100009F00730303030303030397909303009FC
:107020006EE700BF01F0F6FE012812D1DAF8140075
:1070300090F82110C90707D042F2FE10C0F60100F7
:1070400005F02AFEDAF81400B0F87210223001F0D0
:107050008FFCDAF8140090F82100800778D484F8C7
:1070600000801DE1B9F17F0F0CD0B9F1FF0F3FF4A3
:1070700047AFB0F87220502A74D30022A0F87220D3
:10708000A4E000BFB0F8741000293FF439AFB0F8A5
:1070900072200139531E9AB2A0F872308BB29A4214
:1070A000A0F8741040F2B480C11801F1220023311D
:1070B000D21A05F0EDFEDAF81400B0F872100844A8
:1070C00080F82280DAF81400B0F87410084400F157
:1070D000220189A005F0E0FDDAF81410B1F874007F
:1070E000B1F8721088423FF60BAF451E304605F0EE
:1070F000D3FDDAF814000135B0F872008542F5D3FB
:10710000FEE600BFB0F8741051B10025304605F01E
:10711000C3FDDAF814000135B0F874108D42F5D3D0
:1071200000F1220542F2FE10C0F6010005F0B4FDA8
:1071300001F070FE012802D1284601F057FBDAF871
:10714000140090F8210080076ED484F80080C1E01C
:10715000DAF8101000296FD020468022F9F7DCFC05
:107160009EE000BFB0F874309A422FD9C11801F1E7
:1071700023002231D21A05F08BFEDAF81400B0F8A1
:107180007410084480F82290DAF8140090F8211066
:10719000C90709D0B0F87410084400F122015AA0C0
:1071A00005F07AFDDAF81400B0F87450B0F87210F7
:1071B0008D421DD2304605F06FFDDAF8140001351E
:1071C000B0F872108D42F5D312E000BF104480F881
:1071D0002290DAF8140090F82110C90708D042F67E
:1071E000DE00C0F60100494605F056FDDAF814004D
:1071F000B0F87210B0F874200131A0F8721089B2A2
:1072000001325029A0F8742028BFC0F8728077E6B8
:1072100038A005F041FDDAF81400B0F87210084407
:1072200080F822806CE600BFDAF81010F1B1204639
:107230008022F9F771FC4DE001F0ECFD00B347F25C
:107240006D3084F80480C2F2680023E0B0F8740066
:1072500000283FF455AE304605F01EFDDAF8140064
:10726000B0F874100139A0F8741049E601F0D2FDAD
:1072700000B347F26D3084F80480C2F2680023E066
:1072800046F67300C0F22000C4F8030046F666100C
:10729000C7F26E3020602046F9F72CFB3E212152C8
:1072A000204605F0F9FCDAF8140054212230F9F7F1
:1072B000EAFB25E646F67300C0F22000C4F803009E
:1072C00046F66610C7F26E3020602046F9F712FBD2
:1072D0003E2121520AA021462A4605F0DDFCDAF8BB
:1072E000145005F12200F9F705FBA5F87200A5F886
:1072F000740005E608200800082573202008000017
:107300002573257300000000257300002DE9F04F60
:10731000A5B044F2456840F2A01AC3F23408002533
:107320004FF0FF36C2F2000A0EAC09E04FF0FF3B0F
:107330000020F9B20139B1FA81F149090840054448
:10734000701C19D04FEACB201BF1010108BF4FF48C
:10735000006044F2000106449AF80400C0F60201FD
:1073600001F580590028484608BF4FF480508642F6
:1073700044D270050BD029E09AF8046044F2000072
:10738000002EC0F6020018BF064670051ED130461A
:1073900021462422FFF7A8FA14984045C6D19DF84B
:1073A0004000DDF854B048B19DF83C0050B19DF864
:1073B0003800B0FA80F047090120BAE7012003271E
:1073C000B7E700BF01200227B3E700BF42F21D6705
:1073D00042F2336042F2FE4242F20563C0F6010718
:1073E000C0F60100C0F60102C0F6010340F24921D7
:1073F0000097FFF741FA00BFFEE700BF42F233609B
:107400000127C0F601008DA240F2F3412B46009700
:10741000FFF732FA012D00F2F3800BA80830049038
:1074200004F1100003901CA80C3005AF4FF0FF359D
:10743000029006E000204FF0FF3B8DF81400CDF8DD
:1074400020B0681C14D04FEACB201BF1010108BF0B
:107450004FF400609AF8041005440029484608BF1C
:107460004FF48050854280F0CB8068050CD0CDE091
:107470009AF8045044F20000002DC0F6020018BF34
:107480000546680540F0C280284621462422FFF7C1
:107490002BFA1498069540450790CBD101208DF822
:1074A00014009DF84000DDF854B0CDF820B068B16C
:1074B0009DF83C00E0B19DF83800B0FA80F040093A
:1074C0009DF84C108DF8150031B918E003209DF897
:1074D0004C108DF8150091B19DF8480090B19DF8C1
:1074E0004400B0FA80F040098DF81600A9E700BF0B
:1074F00002209DF84C108DF815000029ECD10320D6
:1075000001E000BF02208DF816004FF0FF3600208A
:1075100004990D968DF8340005F114000422CDE98C
:107520000B66FFF70DFA384621461A9600F0C4F8AC
:10753000039E411C1A9044D128464FF40061FFF786
:10754000A3F960BB02984FF0FF3100221E91CDE9F4
:107550001C118DF87020C0E9001181608DF87C202D
:10756000CDE92281249128461CA92422FFF7E8F9BD
:10757000504650F8281FA9420ED0504650F8301FF0
:10758000A94209D0504650F8381FA94204D05046AD
:1075900050F8401FA94202D14FF0FF31016042F282
:1075A0003360C0F6010040F2DF413CA22B46FFF7FA
:1075B00063F946E73846214600F07EF8411C1A90F0
:1075C000BAD0204604F050FC9DF839000028F1D0D4
:1075D0009DF8380000F0FE000228EBD1204600F0B4
:1075E00081FF0028E6D09DF83A3042F23360C0F6C1
:1075F000010040F2DA411EA20096FFF73DF9D9E7FB
:1076000000208AF8060025B0BDE8F08F42F21D6721
:1076100042F2336042F2FE4242F20563C0F60107D5
:10762000C0F60100C0F60102C0F6010340F2492194
:107630000097FFF721F900BFFEE700BF54686520FF
:1076400072656D61696E20656D7074792073656314
:10765000746F722069732025642C2047432074685E
:10766000726573686F6C642069732025642E0A004C
:107670004572726F723A204D6F766564207468654A
:1076800020454E562028252E2A732920666F722009
:107690004743206661696C65642E0A00436F6C6C19
:1076A000656374206120736563746F722040307865
:1076B000253038580A0000002DE9F04F89B0054602
:1076C0004078012876D08B46096B68684A1C19D02F
:1076D00000F5006291426DD89BF80120002A14BF8A
:1076E000DBF80820042202EB010940F2A011C2F2EB
:1076F000000140F2FF728B6A29EA0202934205D12F
:10770000002213E0243009B0BDE8F08F0B6B9342E8
:1077100002D101220AE000BF8B6B934202D1022208
:1077200004E000BF0B6C93420ED1032201EBC201B7
:10773000C96A494508D14FF0FF30696801F5006119
:10774000884237D843E000BF00F2DC76B14537D23B
:1077500045F24B6AC9F11501A9F114040DF10408B1
:10776000C3F2340A4F4607E000991C371C391C3419
:10777000B7424FF0FF3018D20091384641462022E0
:10778000FFF7B2F8002100BF1C29EDD008463944AC
:10779000B142E9D258F80010514500F10101F3D18E
:1077A00020444845F0D30098081A696801F5006143
:1077B00088420CD94FF0FF3009B0BDE8F08F00BF10
:1077C0004FF0FF30696801F500618842F2D8DBF8BC
:1077D0000810002908BF4FF0FF3009B0BDE8F08F56
:1077E00080B502A005F058FA002080BD48656C6C99
:1077F0006F2052542D546872656164210A000000A4
:107800002DE9F04381B016A005F046FA40F2E810E9
:1078100040F2EC19C2F20000C2F200090768D9F880
:107820000050AF4218D213A40FF24C0803E000BF7F
:107830000C37AF4210D23E68214630460222F9F79B
:1078400082F80028F4D07A684046314605F024FAE0
:10785000D9F80050ECE700BF002001B0BDE8F0838C
:107860002D2D46756E6374696F6E204C6973743A82
:107870000A0000005F5F0000252D313673202D2D9A
:107880002025730A0000000010B540F24014C2F237
:107890000004216806A005F0FFF9216909A005F0A0
:1078A000FBF961690CA0BDE8104005F0F5B900BF17
:1078B000746F74616C206D656D6F72793A20256408
:1078C0000A00000075736564206D656D6F72792024
:1078D0003A2025640A0000006D6178696D756D209D
:1078E000616C6C6F6361746564206D656D6F727936
:1078F0003A2025640A0000002DE9F04F8DB00220E7
:1079000005F01AFC00F104087AA081A2082105F014
:10791000C3F942F69A04C0F60104204605F0BCF90A
:10792000204605F0B9F9204605F0B6F9204605F0E5
:10793000B3F9204605F0B0F9204605F0ADF9204630
:1079400005F0AAF9204605F0A7F974A005F0A4F9FE
:1079500000260DF1140B7BA77BA4CDF80C8005E06D
:10796000049EDDF80C80002E00F0C0803546002E0D
:1079700008BF4546F8F76CFC36B115F8041C01F059
:107980007F01022940F0B0802968414500F0AC80B9
:107990000A68059142451DD01168069241451DD0E7
:1079A0000A68079142451DD01168089241451DD0D3
:1079B0000A68099142451DD011680A9241451DD0BF
:1079C0000A680B9142451DD04FF0080811460492F9
:1079D0000C921BE04FF0010816E000BF4FF00208C8
:1079E00012E000BF4FF003080EE000BF4FF00408A4
:1079F0000AE000BF4FF0050806E000BF4FF00608A0
:107A000002E000BF4FF007080021049150A5F8F7ED
:107A100023FC4FF0000905E0F8F71EFC09F101090D
:107A2000C1459DD05BF829A0F8F712FC1AF8041C98
:107A300001F07F010229EFD1F8F70EFC5AF8081F78
:107A40000026BAF808005145AAF1140351460FD098
:107A5000096851451FD00968514519D00968514539
:107A600018D0096804365145F2D1013E13E000BF39
:107A7000096851452FD00968514529D009685145F9
:107A800028D0096804365145F2D1013E23E000BFF9
:107A9000013600E00236009026A008210822019657
:107AA00005F0FAF8DAF8006056450DD0A6F1140199
:107AB000384605F0F1F83068504505D0204605F00D
:107AC000EBF836685645F1D120A005F0E5F8A5E7BA
:107AD000013600E00236009028460821082201966F
:107AE00005F0DAF89AE700BFF8F7B6FB00200DB012
:107AF000BDE8F08F252D2A2E732076202020737567
:107B00007370656E64207468726561640A000000B9
:107B100073656D6170686F7265000000202D2D2DFA
:107B2000202D2D2D2D2D2D2D2D2D2D2D2D2D2D0AB5
:107B300000000000252D2A2E2A73202530336420D2
:107B400025643A00257300002F0000000A000000A1
:107B5000252D2A2E2A7320253033642025640A001F
:107B60002DE9F04F8DB0012005F0E6FA051D42F633
:107B70002500C0F6010073A2082105F08DF842F639
:107B80009A04C0F60104204605F086F8204605F068
:107B900083F8204605F080F8204605F07DF8204661
:107BA00005F07AF8204605F077F8204605F074F8DD
:107BB000204605F071F865A005F06EF800240DF17F
:107BC000140A039505E000BF049C039D002C00F0FF
:107BD000B5802646002C08BF2E46F8F739FB34B195
:107BE00016F8041C01F07F01012940F0A5803168DE
:107BF000A94200F0A1800A680591AA421ED011682E
:107C00000692A9421ED00A680791AA421ED01168A6
:107C10000892A9421ED00A680991AA421ED0116892
:107C20000A92A9421ED00A680B91AA421ED04FF0B8
:107C30000808114604920C921CE000BF4FF00108A6
:107C400016E000BF4FF0020812E000BF4FF003083B
:107C50000EE000BF4FF004080AE000BF4FF0050837
:107C600006E000BF4FF0060802E000BF4FF0070833
:107C700000210491F8F7F0FA4FF0000906E000BF88
:107C8000F8F7EAFA09F10109C1459DD05AF829B07F
:107C9000F8F7DEFA1BF8041C01F07F010129EFD18F
:107CA000ABF10C06F8F7D8FA9BF8294037A0082169
:107CB00008223346009404F0EFFF9BF8280000F000
:107CC0000F00042804D834A151F8200004F0E4FF88
:107CD000DBF81C00C11C00BF11F8032C232A0DD1B6
:107CE00011F8022C232A0BD111F8012C232A09D1D7
:107CF00011F8042B232AEFD0043904E0033902E001
:107D0000023900E00139DBE90824DBF810601718BC
:107D1000401A104464214843DBF83450B0FBF2F3BE
:107D2000B91B22A00095019404F0B6FF09F10109E6
:107D3000C145ABD148E700BFF8F78EFA00200DB07F
:107D4000BDE8F08F7468726561640000202D2D2DF0
:107D500020202D2D2D2D2D2D2D202D2D2D2D2D2D7A
:107D60002D2D2D2D202D2D2D2D2D2D2D2D2D2D205D
:107D7000202D2D2D2D2D2D20202D2D2D2D2D2D2D5A
:107D80002D2D2D202D2D2D0A00000000252D2A2E11
:107D90002A73202533642000692801087B28010804
:107DA0009C280108A52801087228010820307825A0
:107DB0003038782030782530387820202020253041
:107DC0003264252520202030782530387820253051
:107DD00033640A002DE9F04F8FB00A2005F0ACF9AA
:107DE00000F104090FF2B0400FF2D442082104F070
:107DF00053FF42F69A04C0F60104204604F04CFFFB
:107E0000204604F049FF204604F046FF204604F0D7
:107E100043FF204604F040FF204604F03DFF20468B
:107E200004F03AFF204604F037FF0FF29C4004F0C4
:107E300033FF002623E000BFA4F10C07F8F70CFA8B
:107E4000D4E906050821009042F68400C0F601003E
:107E500008223B46019504F01FFF14F8030CC007ED
:107E600007BF42F61800C0F6010042F61A00C0F63D
:107E7000010004F011FF00BF002E00F00382344621
:107E8000002E08BF4C46F8F7E3F936B114F8041C8D
:107E900001F07F010A2940F0F3812168494500F093
:107EA000EF810A6807914A4520D011680892494538
:107EB00022D00A6809914A4500F0C28011680A92EE
:107EC000494500F0F9800A680B914A4500F032817B
:107ED00011680C92494500F039810E680D914E45AC
:107EE00000F0768100240E9602E000BF00260124F7
:107EF0004FF0000B04E000BF4FF0010B0026002400
:107F00004FF0000A00210691002105910021049103
:107F100000210391F8F7A0F9DDF81C80F8F798F933
:107F200018F8041C01F07F010A2923D1A8F10C07DD
:107F3000F8F792F9D8E906050821009042F6840086
:107F4000C0F6010008223B46019504F0A5FE18F892
:107F5000030CC00707BF42F61800C0F6010042F646
:107F60001A00C0F6010004F097FE002C7FF484AFE5
:107F700005E000BFF8F770F9002C7FF47DAF089C96
:107F8000F8F766F914F8041C01F07F010A2923D1DF
:107F9000A4F10C07F8F760F9D4E906050821009070
:107FA00042F68400C0F6010008223B46019504F029
:107FB00073FE14F8030CC00707BF42F61800C0F6A2
:107FC000010042F61A00C0F6010004F065FEBBF1A4
:107FD000000F7FF451AF05E0F8F73EF9BBF1000F59
:107FE0007FF44AAF099CF8F733F914F8041C01F048
:107FF0007F010A292CD1A4F10C07F8F72DF9D4E957
:1080000006050821009042F68400C0F6010008220F
:108010003B46019504F040FE14F8030CC00707BF6F
:1080200042F61800C0F6010042F61A00C0F6010040
:1080300004F032FEBAF1000F7FF41EAF0EE000BF75
:108040004FF0010A002600244FF0000B5AE700BF52
:10805000F8F702F9BAF1000F7FF40EAF0A9CF8F7B7
:10806000F7F814F8041C01F07F010A292ED1A4F1BD
:108070000C07F8F7F1F8D4E906050821009042F65C
:108080008400C0F6010008223B46019504F004FE7E
:1080900014F8030CC00707BF42F61800C0F6010031
:1080A00042F61A00C0F6010004F0F6FD069800281A
:1080B0007FF4E2AE10E000BF01210691002600240B
:1080C0004FF0000B4FF0000A1EE700BFF8F7C4F8AE
:1080D000069800287FF4D0AE0B9CF8F7B9F814F896
:1080E000041C01F07F010A293ED1A4F10C07F8F726
:1080F000B3F8D4E906050821009042F68400C0F6E2
:10810000010008223B46019504F0C6FD14F8030C5B
:10811000C00707BF42F61800C0F6010042F61A0079
:10812000C0F6010004F0B8FD059800287FF4A4AE65
:1081300020E000BF012105910021002600244FF01E
:10814000000B4FF0000A0691E0E600BF0121049108
:10815000002106910021002600244FF0000B4FF073
:10816000000A0591D4E600BFF8F776F805980028D4
:108170007FF482AE0C9CF8F76BF814F8041C01F045
:108180007F010A2934D1A4F10C07F8F765F8D4E986
:1081900006050821009042F68400C0F6010008227E
:1081A0003B46019504F078FD14F8030CC00707BFA7
:1081B00042F61800C0F6010042F61A00C0F60100AF
:1081C00004F06AFD049800287FF456AE16E000BF64
:1081D0000121039100210691002105910021002633
:1081E00000244FF0000B4FF0000A049192E600BF0C
:1081F000F8F732F8049800287FF43EAE0D9CF8F7AB
:1082000027F814F8041C01F07F010A2924D1A4F1F5
:108210000C07F8F721F8D4E906050821009042F68A
:108220008400C0F6010008223B46019504F034FDAD
:1082300014F8030CC00707BF42F61800C0F601008F
:1082400042F61A00C0F6010004F026FD039800284B
:108250007FF412AE06E000BFF7F7FEFF0398002898
:108260007FF40AAE0E9CF7F7F3FF14F8041C01F03C
:108270007F010A293FF4E0ADF7F7EEFFFCE500BF10
:10828000F7F7EAFF05F0B8FD014618A004F004FD79
:1082900000200FB0BDE8F08F252D2A2E732020700E
:1082A0006572696F64696320202074696D656F75FC
:1082B0007420202020202020666C61670A000000C6
:1082C00074696D6572000000202D2D2D2D2D2D2D32
:1082D0002D2D2D202D2D2D2D2D2D2D2D2D2D202DE8
:1082E0002D2D2D2D2D2D2D2D2D2D0A006375727206
:1082F000656E74207469636B3A3078253038780A7B
:108300000000000080B502460846114610220023F6
:10831000FEF73CF942F2E61142F2CC12C0F601013E
:10832000C0F60102002808BF11460846BDE880409B
:1083300004F0B2BC92B0FAF7FBF800240120CDE9BA
:108340000D44CDE90B4408900C904FF4E0104FF42D
:1083500080310225119008A8CDE90914CDE90F510B
:10836000FAF7F6FA20B1EFF3108072B6FEE700BF1D
:108370000F20CDE903054FF48060CDE9060403A882
:1083800002210594FAF7B4F920B1EFF3108072B628
:10839000FEE700BF40F2D004C2F2000440F23042D7
:1083A00004F12000C2F200020A2100230A25FBF793
:1083B000E3FFFBF7D9FEFBF7ADFEFBF705FFFBF78D
:1083C0009BFFFBF7B7FFFDF7E7FE20B91BA004F00A
:1083D00063FCFDF7F1FD40F20850611CC2F20000A1
:1083E0000122FBF777FD03204CF2413100901AA0E7
:1083F000C0F6000100224FF48063019505F0B8FA41
:1084000020B105F049FC1EA001E000BF15A004F05A
:1084100043FC042045F619010A25009020A0C0F66F
:108420000001002241F63043019505F0A1FA002831
:10843000A06018BF05F030FCFEE700BF65617379EE
:10844000666C617368E5889DE5A78BE58C96E68888
:1084500090E58A9F210A00007267625F64656D6F14
:1084600000000000726762207468726561642069B0
:1084700073206E6F7420737461727465640A0000F7
:108480007267622074687265616420697320616C30
:10849000726561647920737461727465640A0000A6
:1084A000636F6D6D616E6450617273696E67000019
:1084B000B0B542F6F80442F6F000C0F60104C0F68A
:1084C0000100A04209D242F6F005C0F6010500BF46
:1084D00055F8040B8047A542FAD3BDE8B040FFF73A
:1084E00029BF00002DE9F04FA1B004460078022812
:1084F00004D1002021460022FDF7C4FDA1681AA87E
:10850000FCF7D8FB054601303CD040F2A019C2F27E
:10851000000999F8050001281CD103AF3846212134
:10852000F8F7D3FAA27804F110013846F8F7F4FA14
:1085300046F681530026C0F600030CA80DF1830215
:1085400039468DF88360FEF7F5FA9DF88300002820
:1085500040F011819DF86900A668022818D0012812
:108560003DD11B984FF0FF31CDE90C110E910CA9B4
:10857000002204318DF8342004300422FEF7E0F9A3
:108580002DE000BF0626304621B0BDE8F08F00BFC9
:108590001E98482802D3801B472820D81B984FF0EC
:1085A000FF370CA900220E9708318DF838200830CB
:1085B0000422CDE90C77FEF7C3F948461B9950F821
:1085C000282F8A420AD0484650F8302F8A4205D0D8
:1085D000484650F8382F8A4240F0E080076003AFE9
:1085E0004FF0FF3A4FF00008284639460422CDF8F4
:1085F0000DA0CDF811A0CDF815A0CDF819A0CDF89B
:108600001CA08DF80C80FEF79BF9B6F1140B27D057
:108610004FF000090CAF00BF09F12000ABEB0906D9
:10862000584538BF2026206B09F11408F11C40443E
:1086300021F003023946FEF757F908EB05003946E9
:108640003246FEF77DF9B144CB45E5D840F2A0199A
:108650000646C2F200094FF0000803AF01E000BF78
:108660000026391D281D0422CDF81CA0CDE905AA3D
:10867000CDE903AA8DF81080FEF762F9A178E368CE
:10868000CA1C22F0030203332A4423F0030340F2FE
:10869000FF701A4425EA00002832D9F828308242B7
:1086A0000AD900F50067974206D983420AD109F139
:1086B00028074FF0000C46E0834221D109F128023F
:1086C0002DE000BF4F4657F830EF4FF0010C8645C4
:1086D00039D0B3F1FF3818BF4FF00108013308BF9C
:1086E0004FEA880C1EF101034F4657F8383F18BF78
:1086F0004FEA880C834217D14FF0020C23E000BFF1
:108700004A4652F8303F834209D04A4652F8383F31
:10871000834204D059F8402F82424A4617D14FF085
:10872000FF30106013E000BF8CF0040767EA03031A
:108730004F46002B57F8403F08BF4FF0020C8342D2
:1087400022D14FF0030C386009EBCC00C26204F177
:10875000100738462A4606F0D7F9206BA378CDE9F2
:10876000007042F23360C0F6010014A240F29F4153
:108770000295FEF781F8002021460122FDF782FCD8
:10878000304621B0BDE8F08F013308BFBCF1040FC3
:108790000CD0BCF1030FDAD80AE000BF484650F80D
:1087A000402F8A4208BF076019E700BF4FF0030C53
:1087B00009EBCC03C3E90A02C9E700BF4D6F766538
:1087C000642074686520454E562028252E2A73297A
:1087D0002066726F6D2030782530385820746F20F5
:1087E0003078253038582E0A000000002DE9F04F6F
:1087F00081B083460078A8B140F2E810C2F20000D0
:10880000056840F2EC10C2F20000D0F80080454547
:1088100080F0A88042F6D5094FF0000AC0F60109A1
:1088200000264CE042F6AE00C0F6010004F034FA37
:1088300040F2E81040F2EC19C2F20000C2F2000966
:108840000768D9F80050AF421CD242F6D50442F670
:10885000C908C0F60104C0F6010802E00C37AF42B7
:1088600010D23E68214630460622F8F76CF8002800
:10887000F4D17A68B11D404604F00EFAD9F80050E0
:10888000ECE700BF42F2FE10C0F6010001B0BDE807
:10889000F04F04F001BA00BF481C801B5045B8BF20
:1088A000824632A0394604F0F7F940F2EC10C2F2E9
:1088B0000000D0F8008000BF0C35454548D22F6835
:1088C000494638460622F8F73EF80028F4D15846C3
:1088D0000637F8F70FF8024658463946F8F733F8E6
:1088E0000028E9D1BAF1000F04D03178304651B9EF
:1088F000D3E700BF3846F7F7FDFF82463E463178A2
:1089000030460029C9D000203A5CDAB1914219D131
:1089100031184B78002BBFD03A185478002CBBD0BC
:10892000A342B9D18B787BB194786CB1A3420BD1BF
:10893000CB785BB1D2784AB1934207D10979043040
:108940000029E1D13044A8E7881CA6E7C81CA4E7A9
:1089500046B158463146524601B0BDE8F04F04F0EA
:10896000B1BE00BF01B0BDE8F08F00BF25730A00A3
:108970002DE9F04F8BB069B30D464A420023834680
:1089800007E000BF04330BF1040BD118A5F1040577
:1089900020D0C15C202901D0092926D1D618711C0C
:1089A00018D2C7187978202901D0092916D1B11C0D
:1089B00010D0B978202901D0092913D1F11C09D090
:1089C000F9782029DED00929DCD0033D07F1030B1B
:1089D0000BE000BF00200BB0BDE8F08F0BF1010BE6
:1089E000013D02E00BF1020B023D68426A1E4FF0AE
:1089F0000009C9B2092933D0202931D04D4521D0F1
:108A00000BEB09014B78092B22D0202B20D04A45B3
:108A100018D08B78092B21D0202B1FD000EB090315
:108A20009F1C0FD0CF78092F00F04281202F00F03B
:108A30003F81033306D0097909F10409C9B2092934
:108A4000DAD10DE0A946B9F1000F0DD136E100BF32
:108A500009F10109B9F1000F06D12FE109F102096D
:108A6000B9F1000F00F02A8140F2E810C2F20000D4
:108A7000066840F2EC10C2F200000468A64280F0E2
:108A80001D8142F6D50809F1060AC0F6010803E087
:108A90000C36A64280F012813768414638460622DD
:108AA000F7F751FF0028F3D1B81D59464A46F7F7AA
:108AB0004AFF0028ECD117F80A000028E8D1B06876
:108AC0000028009000F0FA804FF0000C4FF00008F2
:108AD00000275A46CDE909CCCDE907CCCDE905CC34
:108AE000CDE903CC2946CDF80880AF4288BF39468E
:108AF0007B1A03F10108002096460197165C202E90
:108B000001D0092E46D113EB000A2FD002EB000949
:108B100099F8016002F800C0202E01D0092E3BD147
:108B200018EB000C26D099F802604FF0000C202EB4
:108B300089F801C001D0092E32D11AF1020421D0E6
:108B400099F8036089F802C0202E01D0092E2BD19C
:108B50001AF103041AD089F803C00EF1040E043789
:108B60000430165C202ECCD1CDE700BF02EB000E06
:108B70001FE000BFDDF8088009F1010E4FF0000C86
:108B800019E000BF09F1020E13E000BF0EF1030E61
:108B90000FE000BF39460CE00EF1010E791C08E031
:108BA0000EF1020EB91C04E0019909F1030E08440C
:108BB000C11CDDF80880B8F1080F80F0B180A9422F
:108BC00080F0C280222E21D10EF1010203A840F8CC
:108BD00028209EF80170481C04E000BF12F8017FB5
:108BE00001460130A8424FF0000338BF0123222F75
:108BF00044D0A84242D25C2FF0D1134613F8017F33
:108C0000222F04BF1A46881CE8E700BF03A840F8DB
:108C100028E02846A94288BF08460A1A08F1010838
:108C2000541C00201EF80070092F22D0202F20D0C5
:108C3000171800F08C800EEB00067378092B25D0F6
:108C4000202B23D0231800F08280B378092B21D069
:108C5000202B1FD0BB1C00F07A80F378092B1DD08D
:108C6000202B1BD0FB1C72D004301EF80070092F83
:108C7000DCD10EEB00020F1813E000BF002B08F14F
:108C8000010864D002F801CB8F1C0CE00844721C70
:108C9000471C06E00844B21C871C02E00844F21C92
:108CA000C71CAF4253D2AF42FFF41CAF4FE000BF2E
:108CB00009F10309B9F1000F7FF4D6AE00201BF8CB
:108CC000001041F02001202917D00BEB00014A7859
:108CD00042F02002202A13D08A7842F02002202A73
:108CE00010D0CA7842F02002202A0DD004301BF8A0
:108CF000001041F020012029E7D1584405E000BFD1
:108D0000481C02E0881C00E0C81C002101701CA067
:108D1000594603F0C1FF4FF0FF300BB0BDE8F08FB4
:108D20000EA003F0B9FF03A8041F14A5464654F88B
:108D3000041F284603F0B0FF013EF8D142F2FE10B6
:108D4000C0F6010003F0A8FFB8F1000FB6D0009AFA
:108D500003A9404690470BB0BDE8F08F546F6F20D9
:108D60006D616E7920617267732021205765206FD5
:108D70006E6C79205573653A0A0000002573200057
:108D800025733A20636F6D6D616E64206E6F742081
:108D9000666F756E642E0A002DE9F04381B042F6CD
:108DA000AE00C0F6010003F077FF40F2E81040F299
:108DB000EC19C2F20000C2F200090768D9F80050AD
:108DC000AF421DD242F6D50442F6C908C0F60104EE
:108DD000C0F6010803E000BF0C37AF4210D23E6876
:108DE000214630460622F7F7AEFD0028F4D17A6816
:108DF000B11D404603F050FFD9F80050ECE700BF2A
:108E000042F2FE10C0F6010003F046FF002001B060
:108E1000BDE8F08301207047B0B50D460021002267
:108E2000044603F037FA204629460022FBF7FEFDF0
:108E30002046FBF7A9FE204629460122FBF7F6FD56
:108E40002046FBF7A1FE204629460222FBF7EEFD55
:108E50002046FBF799FE204629460322FBF7E6FD54
:108E60002046FBF791FE204629460422FBF7DEFD53
:108E70002046FBF789FE4FF4FA70BDE8B04004F0DD
:108E80009DBE00002DE9F04F99B00D4604460FF24B
:108E90000C5109A8FFF736FA0FF2105105A8FFF799
:108EA00031FA0FF2145101A8FFF72CFA0FF2145106
:108EB00020462A46FBF798FEFCF7A6F90A990546D4
:108EC000084607F08CFDFCF783F942F2D778C0F62C
:108ED0000108024628464146FCF740F90B9807F086
:108EE0007EFDFCF775F942F2CF76C0F60106024628
:108EF00028463146FCF732F90C9807F070FDFCF774
:108F000067F942F2CC77C0F6010702462846394697
:108F1000FCF724F942F2977AC0F6010A204651463E
:108F20002A46FCF71BF9FCF76FF906990546084637
:108F300007F055FDFCF74CF9024628464146FCF780
:108F40000DF9079807F04BFDFCF742F90246284659
:108F50003146FCF703F9089807F041FDFCF738F9B2
:108F6000024628463946FCF7F9F842F28D71C0F600
:108F7000010120462A46FCF7F1F8FCF745F9029971
:108F80000546084607F02BFDFCF722F90246284665
:108F90004146FCF7E3F8039807F021FDFCF718F9C8
:108FA000024628463146FCF7D9F8049807F017FD29
:108FB000FCF70EF9024628463946FCF7CFF842F294
:108FC0008171C0F6010120462A46FCF7C7F842F637
:108FD0000B0B42F20577C0F6010B0DF14205C0F60E
:108FE000010728461E215A4653460097F7F724FAF0
:108FF0000DF160082846414604220023FDF7C6FA19
:1090000042F2C579189BC0F601090DF137063046CA
:109010000B214A46F7F710FA3046FCF707F90246EB
:1090200020462946FCF79AF842F2F577C0F6010788
:1090300028461E215A4653460097F7F7FDF9284661
:10904000414604220023FDF7A1FA189B30460B216C
:109050004A46F7F7F1F93046FCF7E8F802462046B1
:109060002946FCF77BF842F28767C0F601072846DD
:109070001E215A4653460097F7F7DEF92846414627
:1090800004220023FDF782FA189B30460B214A4642
:10909000F7F7D2F93046FCF7C9F8024620462946D0
:1090A000FCF75CF842F2C067C0F6010728461E21B3
:1090B0005A4653460097F7F7BFF92846414604221F
:1090C0000023FDF763FA189B30460B214A46F7F759
:1090D000B3F93046FCF7AAF8024620462946FCF7C9
:1090E0003DF828461E215A465346F7F7A5F928466B
:1090F000414604220023FDF749FA189B30460B2114
:109100004A46F7F799F93046FCF790F802462046B0
:109110002946FCF723F842F28D780DF14205C0F69E
:10912000010842F2057728461E215A464346C0F6FA
:1091300001070097F7F780F90DF1600A28465146BC
:1091400004220023FDF722FA189B0DF13706304662
:109150000B214A46F7F770F93046FCF767F80246EC
:1091600020462946FBF7FAFF42F2F57728461E21F2
:109170005A464346C0F601070097F7F75DF92846BF
:10918000514604220023FDF701FA189B30460B21BB
:109190004A46F7F751F93046FCF748F802462046B0
:1091A0002946FBF7DBFF42F2876728461E215A4615
:1091B0004346C0F601070097F7F73EF928465146A7
:1091C00004220023FDF7E2F9189B30460B214A46A2
:1091D000F7F732F93046FCF729F8024620462946CF
:1091E000FBF7BCFF42F2C06728461E215A464346A1
:1091F000C0F601070097F7F71FF9284651460422E9
:109200000023FDF7C3F9189B30460B214A46F7F7B8
:1092100013F93046FCF70AF8024620462946FBF7C8
:109220009DFF28461E215A464346F7F705F9284672
:10923000514604220023FDF7A9F9189B30460B2163
:109240004A46F7F7F9F83046FBF7F0FF02462046AA
:109250002946FBF783FF42F281780DF14205C0F603
:10926000010842F2057728461E215A464346C0F6B9
:1092700001070097F7F7E0F80DF1600A284651461C
:1092800004220023FDF782F9189B0DF137063046C2
:109290000B214A46F7F7D0F83046FBF7C7FF0246E6
:1092A00020462946FBF75AFF42F2F57728461E2151
:1092B0005A464346C0F601070097F7F7BDF828461F
:1092C000514604220023FDF761F9189B30460B211B
:1092D0004A46F7F7B1F83046FBF7A8FF02462046AA
:1092E0002946FBF73BFF42F2876728461E215A4674
:1092F0004346C0F601070097F7F79EF82846514607
:1093000004220023FDF742F9189B30460B214A4600
:10931000F7F792F83046FBF789FF024620462946C8
:10932000FBF71CFF42F2C06728461E215A464346FF
:10933000C0F601070097F7F77FF828465146042248
:109340000023FDF723F9189B30460B214A46F7F717
:1093500073F83046FBF76AFF024620462946FBF7C2
:10936000FDFE28461E215A464346F7F765F8284673
:10937000514604220023FDF709F9189B30460B21C2
:109380004A46F7F759F83046FBF750FF02462046A9
:109390002946FBF7E3FE19B0BDE8F08F73746174E2
:1093A000655F7374616E6462790000007374617448
:1093B000655F64617900000073746174655F6E6954
:1093C0006768740063757272656E74002DE9F04110
:1093D0008846044603F060FC2046FBF7DFFF18B325
:1093E00042F2EC71C0F601010446FBF76DFF42F258
:1093F000E7710546C0F601012046FBF765FF42F222
:10940000E0710746C0F601012046FBF75DFF002D25
:1094100018BF002F12D14DA003F03EFC2046FBF7F1
:1094200029FF0020BDE8F08142F2AF70C0F60100D4
:1094300003F032FC0020BDE8F08100BF06460028A2
:10944000E9D0E8680328E6D1F8680628E3D1F06897
:109450000628E0D16969454622A045F8041B03F0BF
:109460001BFC3846294600F07DF878B108F10C0164
:10947000304600F077F8D8B12046FBF7FBFE1FA07E
:1094800003F00AFC0120BDE8F08100BF29A003F031
:1094900003FCD8F808000028C0D0F6F782FF0020AF
:1094A000C8F808002046FBF7E5FE0020BDE8F08183
:1094B0001AA003F0F1FBD8F8080020B1F6F771FF0D
:1094C0000020C8F80800D8F810000028A6D0F6F749
:1094D00068FF0020C8F810002046FBF7CBFE0020F4
:1094E000BDE8F081506172736564206D6F646554EE
:1094F0007970653A2025640A00000000506172739B
:109500006564206D6573736167652073756363655A
:10951000737366756C6C790A000000004661696CB3
:10952000656420746F20706172736520676E4D6F83
:1095300064650A004661696C656420746F2070611F
:10954000727365206D6F64650A000000496E766174
:109550006C6964204A534F4E20666F726D61740AC5
:109560000000000070B50C4642F2DD71C0F601014A
:109570000546FBF7A9FE42F611010646C0F60101B9
:109580002846FBF7A1FEEEB10546F068032819D185
:10959000C5B1E868022801D0042813D1716913A06D
:1095A000216003F079FBE868042811D1286903F0F1
:1095B000C1FF6060A0B1014618A003F06DFB01205F
:1095C00070BD00BF25A003F067FB002070BD00BF89
:1095D000002060600AA003F05FFB012070BD00BFA7
:1095E00014A003F059FB002070BD00BF50617273DE
:1095F0006564206D6F64652069643A2025640A0003
:10960000506172736564206D6F646520636F6C6F69
:1096100072733A206E756C6C0A00000050617273B0
:109620006564206D6F646520636F6C6F72733A20A0
:1096300025730A004D656D6F727920616C6C6F63E4
:109640006174696F6E206661696C656420666F7213
:1096500020636F6C6F72730A00000000496E7661C0
:109660006C6964204A534F4E20666F726D6174209E
:10967000666F72206D6F64650A000000F0B581B0FE
:109680000D4609785B2919D106460520F06000BF18
:109690006878411E1F2919D8A878411E1F291BD898
:1096A000E878411E1F2941D815F8040F411E2029D2
:1096B000EED3691E5D283DD012E000BF40F2DC20F1
:1096C000C2F200000560002001B0F0BD294601355E
:1096D0005D282FD004E000BF691C02355D2829D029
:1096E00040F20807C2F2000739682820884704467C
:1096F00020B320462821F7F7E8F9E81CB46000BF42
:1097000010F8031C01391F291CD810F8021C01395C
:109710001F2919D810F8011C01391F2916D810F873
:10972000041B01392029EBD3011F10E0A91C0335CC
:109730005D28D5D1881C01B0F0BD00BFB460002009
:1097400001B0F0BDC11E02E0811E00E0411E2046B6
:1097500000F0CAFB0028B6D0C11C00BF11F8030CF2
:10976000421E1F2A10D811F8020C421E1F2A0DD8C3
:1097700011F8010C421E1F2A0AD811F8040B421ED0
:10978000202AEBD30E1F07E0CE1E05E08E1E03E05D
:109790004E1E01E0CE1E2C462C2845D139682820CB
:1097A000884700283FF48FAF28210546F7F78DF949
:1097B000B11C25606C6000BF11F8010C01381F2836
:1097C0000ED8087801381F280DD8487801381F288E
:1097D00008D88878043101382028EDD3023902E016
:1097E000013900E00131284600F07EFB00283FF4FB
:1097F0006AAFC11C11F8030C421E1F2ACAD811F807
:10980000020C421E1F2A0BD811F8010C421E1F2AFF
:1098100008D811F8040B421E202AEBD30E1FBAE71A
:109820008E1EB8E74E1EB6E75D2803D1701C01B04E
:10983000F0BD00BF40F2DC20C2F200000660002054
:1098400001B0F0BDF0B581B00D4609787B2919D182
:1098500006460620F06000BF6878411E1F2919D80F
:10986000A878411E1F291BD8E878411E1F291FD840
:1098700015F8040F411E2029EED3691E7D2813D050
:109880001AE000BF40F2DC20C2F2000005600020B8
:1098900001B0F0BD294601357D2805D00CE000BFA0
:1098A000691C02357D2807D1881C01B0F0BD00BFBE
:1098B000A91C03357D28F7D040F20807C2F2000743
:1098C0003968282088470446E0B120462821F7F768
:1098D000FCF8E81CB46000BF10F8031C01391F2914
:1098E00014D810F8021C01391F2911D810F8011CD6
:1098F00001391F290ED810F8041B01392029EBD398
:10990000011F08E0B460002001B0F0BDC11E02E0FC
:10991000811E00E0411E204600F006F90028B6D066
:10992000033000BF10F8031C01391F2910D810F8AC
:10993000021C01391F290DD810F8011C01391F29FB
:109940000AD810F8041B01392029EBD3043804E0AD
:10995000033802E0023800E0013821692162002169
:10996000216101783A2940F0C980811C11F8010C6D
:1099700001381F280ED8087801381F280DD84878DC
:1099800001381F2808D88878043101382028EDD301
:10999000023902E0013900E00131204600F0A4FA6A
:1099A00000283FF474AFC11C11F8030C421E1F2A9B
:1099B00010D811F8020C421E1F2A0DD811F8010C04
:1099C000421E1F2A0AD811F8040B421E202AEBD38C
:1099D0000E1F07E0CE1E05E08E1E03E04E1E01E0C6
:1099E000CE1E2C462C2840F09180396828208847CC
:1099F00000283FF44CAF28210546F7F766F8B11C64
:109A000025606C6011F8010C01381F280ED8087809
:109A100001381F280DD8487801381F2808D88878C1
:109A2000043101382028EDD3023902E0013900E089
:109A30000131284600F078F800283FF428AF0330C1
:109A400010F8031C01391F2910D810F8021C013925
:109A50001F290DD810F8011C01391F290AD810F848
:109A6000041B01392029EBD3043804E0033802E059
:109A7000023800E001382969296200212961017852
:109A80003A293BD1811C00BF11F8010C01381F2875
:109A90000ED8087801381F280DD8487801381F28BB
:109AA00008D88878043101382028EDD3023902E043
:109AB000013900E00131284600F016FA00283FF491
:109AC000E6AEC11C11F8030C421E1F2A3FF688AFF8
:109AD00011F8020C421E1F2A0CD811F8010C421E6C
:109AE0001F2A09D811F8040B421E202AEAD30E1FA0
:109AF00077E700BF8E1E74E74E1E72E740F2DC214E
:109B0000C2F200010860002001B0F0BD7D2803D141
:109B1000701C01B0F0BD00BF40F2DC20C2F20000BA
:109B20000660002001B0F0BD2DE9F04F81B00D4678
:109B300015F8012B222A2DD18046042029460A78C7
:109B400032B3222A24D05C2A4FF0010208BF02223D
:109B50008B5C4BB3222B27D0114401225C2B08BF16
:109B600002228B5C13B3222B20D0114401225C2BE8
:109B700008BF02228B5CD3B1222B18D011440122E2
:109B80005C2B08BF0222114404300A78002AD8D185
:109B900003380CE040F2DC20C2F20000016000213A
:109BA000084601B0BDE8F08F023800E0013840F20D
:109BB0000801C2F2000109688847002800F08A8184
:109BC0004FF008090C24064629785C290AD00029A0
:109BD00000F07081222900F06D8106F8011B2F46EC
:109BE0000135F1E72F4617F8011FA1F16202132A90
:109BF00019D8DFE802F00F1818180B1818181818E1
:109C00001818131818181518171D00BF06F8014B5F
:109C10007D1CD9E706F8019B7D1CD5E70A2102E0EF
:109C20000D2100E0092106F8011B7D1CCCE700BFD7
:109C3000AB78A3F130010A2908D26FF02F01EA783E
:109C4000A2F130070A2F0CD31FE000BFA3F141019E
:109C500006290FD26FF03601EA78A2F130070A2FF9
:109C600013D26FF02F0A95F804C0ACF130070A2F19
:109C700017D325E0A3F16101052975D86FF05601CE
:109C8000EA78A2F130070A2FEBD3A2F14107062FA1
:109C90000AD26FF0360A95F804C0ACF130070A2FEB
:109CA0000ED26FF02F0E19E0A2F16107052F5BD8DD
:109CB0006FF0560A95F804C0ACF130070A2FF0D3C4
:109CC000ACF14107062F03D26FF0360E06E000BF5D
:109CD000ACF16107052F47D86FF0560E2F4617F8E5
:109CE00005BFABF130040A2C04D26FF02F090C240D
:109CF00010E000BFABF14104062C03D26FF036092F
:109D00000C2407E0ABF16104062C4FF00C042BD2BD
:109D10006FF0560919440901114451440901614485
:109D200071440901594411EB090321D040F2FF317C
:109D300023EA0101B1F55C4F4FF008093FF475AF1C
:109D4000B1F5584F18D1A9795C297FF46EAFE97944
:109D500075297FF46AAF95F808C0ACF130010A2983
:109D60001AD26FF02F0125E06F1D7D1C2CE700BF7C
:109D70004FF008097D1C27E7802B01D2012191E0DB
:109D8000B3F5006F02D20221022586E0B3F5803FD1
:109D900077D2032102257BE0ACF14101062903D2F1
:109DA0006FF0360106E000BFACF1610105295DD816
:109DB0006FF0560195F809B00091ABF130010A2916
:109DC00002D26FF02F0A0DE0ABF14101062903D258
:109DD0006FF0360A06E000BFABF16101052945D8F6
:109DE0006FF0560AAA7AA2F130010A2902D26FF066
:109DF0002F0E0DE0A2F14101062903D26FF0360EBD
:109E000006E000BFA2F1610105292FD86FF0560EC0
:109E10002F4617F80B1FA1F130040A2C02D26FF065
:109E20002F050FE0A1F14104062C03D26FF0360597
:109E300008E000BFA1F16104062C4FF00C0415D21C
:109E40006FF05605009C644424015C445444240192
:109E500022447244120111442944A1F5604212F5D2
:109E6000806F07D20C247D1CAEE600BF05F10B0706
:109E70007D1CA9E66FF39F2163F3932101F58033E5
:109E80000C2402259A0965F39F13F37004211346ED
:109E90009A0965F39F13B37013469A0965F39F13EC
:109EA000737013460EA2525C7D1C1A4332700E442E
:109EB0008AE600BF00213170294611F8012B222AC1
:109EC0004FF0040218BF2946C8E90320084601B034
:109ED000BDE8F08F0021084601B0BDE8F08F00BF5B
:109EE0000000C0E0F0F8FC002DE9F04F83B059B35A
:109EF0000C4642F2AA710546C0F601012046042232
:109F0000F6F721FD30B342F29F71C0F60101204601
:109F10000522F6F718FD28B342F2A571C0F601013B
:109F200020460422F6F70FFD20B394F800C0BCF1E0
:109F30002D0F2ED0BCF1220F26D12846214603B08A
:109F4000BDE8F04FFFF7F0BD4FF0000A504603B0F8
:109F5000BDE8F08F0220E86004F1040A504603B027
:109F6000BDE8F08F0020E86004F1050A504603B018
:109F7000BDE8F08F0120E860686104F1040A5046F2
:109F800003B0BDE8F08F00BFACF13000092800F24B
:109F9000D780ACF12D00B0FA80F04009225C211886
:109FA000303AB2FA82F25309CA5CA2F13107082FA3
:109FB0006ED81844204440F20009E346A84600F158
:109FC000020A0026C4F22409002700BFA2F13000D3
:109FD00006F005FD04460D463046394600224B4644
:109FE00006F08CFD22462B4606F078FA1AF8012C72
:109FF0000646A2F1300009280F4600F2BD8006F0A7
:10A00000EEFC04460D463046394600224B4606F02B
:10A0100075FD22462B4606F061FA9AF800200646A6
:10A02000A2F1300009280F4600F2AC8006F0D7FC00
:10A0300004460D463046394600224B4606F05EFD8A
:10A0400022462B4606F04AFA9AF801200646A2F16B
:10A05000300009280F4600F2938006F0C0FC044649
:10A060000D463046394600224B4606F047FD224653
:10A070002B4606F033FA9AF802200646A2F1300089
:10A080000F460A280AF1040AA0D3AAF1020A79E0CD
:10A0900001EB030A002600272E2A78D04FF0000992
:10A0A0004FF0000842F02000652840F04081524601
:10A0B00012F8010F2D2853D02B2808BF0AF10202F5
:10A0C00001201378A3F13001092952D802F1020AC4
:10A0D00000211AF8012C01EB810103EB4101A2F1EF
:10A0E0003003092BA1F1300100F20C819AF8003005
:10A0F00001EB810102EB4101A3F13002092AA1F138
:10A10000300100F216819AF8012001EB810103EB86
:10A110004101A2F13003092BA1F1300100F2F680D8
:10A120009AF8023001EB810102EB4101A3F1300208
:10A1300030390A2A0AF1040ACBD3AAF1020AF8E05C
:10A14000BCF17B0F00F0CA80BCF15B0F40F0CE8009
:10A150002846214603B0BDE8F04FFFF78FBA00BF95
:10A160000AF102024FF0FF301378A3F13001092900
:10A17000ACD900219246DCE0AAF1010A02E000BF5E
:10A180000AF1010A4546DC462E2A7FF487AF9AF889
:10A190000120A2F13000092800F2988040F2000B63
:10A1A0000AF1020A4FF00009CBF6F07B4FF00008ED
:10A1B000CDE901C5A2F1300006F011FC00230546EF
:10A1C0005C468B46304639460022C4F2240306F032
:10A1D00095FC2A465B46A34606F080F906460F46E4
:10A1E000484641460022234606F078F99AF80020B6
:10A1F0008146A2F130000928884600F2918006F0DD
:10A20000EEFB002305460C46304639460022C4F2D8
:10A21000240306F073FC2A46234606F05FF906463F
:10A220000F464846414600225B4606F057F99AF829
:10A2300001208146A2F13000092888466AD806F03C
:10A24000CEFB002304460D46304639460022C4F2B8
:10A25000240306F053FC22462B4606F03FF906463F
:10A260000F464846414600225B4606F037F99AF809
:10A2700002208146A2F13000092888464ED806F017
:10A28000AEFB002304460D46304639460022C4F298
:10A29000240306F033FC22462B4606F01FF906463F
:10A2A0000F464846414600225B4606F017F99AF8E9
:10A2B00003208146A2F1300088460A280AF1040AE8
:10A2C000FFF478AFAAF1010A2AE000BF4FF00009BD
:10A2D00001204FF0000800212BE000BF2846214656
:10A2E00003B0BDE8F04FFFF7ADBA00BF40F2DC208D
:10A2F000C2F200004FF0000A0460504603B0BDE80F
:10A30000F08F00BFAAF1010A13E000BF0AF1010AB1
:10A310000FE000BF0AF1010A02E000BF0AF1020AE1
:10A32000DDE901C542F0200065283FF4C0AE012000
:10A3300000214843BCF12D0F08BF87F0004706F00D
:10A340004EFB02460B464846414606F0C7F80B4610
:10A3500000210246C4F22401002005F077FB0246EA
:10A360000B463046394606F0C9FBC5E9060106F042
:10A3700007FB68610320E860504603B0BDE8F08F3A
:10A380002DE9F04F81B0074680681C46D0B1934656
:10A390000E464FF0FF3800BF006800284AD0006822
:10A3A000002800F087800068002800F0978000688F
:10A3B00008F104080028EFD108F10100002C40F05A
:10A3C0007F803DE0002C00F097802068002800F09E
:10A3D000D581D4E90121CB1C934240F32D81881C07
:10A3E00040EA600040EAA00040EA201040EA202055
:10A3F00040F2080740EA2040C2F200073968451CD5
:10A4000028468847002800F0CB81D4E90012064690
:10A41000F6F7E4FA796820688847A06826606560E6
:10A4200006EB0009B9F1000F4FF0000040F00C817D
:10A43000A4E100BF08F1020008F10108002C3FD19F
:10A4400040F20801C2F200010968840020468847F2
:10A45000002800F0938121460546F6F736FB584662
:10A46000BF684FF0030B0028824608BF4FF0020B75
:10A47000002F009500F0F68006F10109052600BFC7
:10A48000384649465246002301F06CFA00282860FD
:10A4900000F020810446F6F72DFA0BEB0601002CA4
:10A4A00001EB000600F0DF803F680435002FE7D1A4
:10A4B000D9E000BF08F1030008F10208002CBFD06A
:10A4C000206898B1D4E9011540F208098D42C2F222
:10A4D000000921DA0095284442E000BF08F1040099
:10A4E00008F10308002CEBD1AAE700BF4FF00009E8
:10A4F000484601B0BDE8F08F40F20800C2F200000B
:10A500000168032088478146B9F1000F4FF0000031
:10A5100040F09A8032E100BF45EA650040EAA000C1
:10A5200040EA201040EA202040EA2040D9F80010FC
:10A5300000F101084046B2468847002800F08E80AE
:10A54000D4E9001206460095F6F748FAD9F8041047
:10A5500020688847A068266030445646C4F80480C6
:10A560005B210170A068BF684FF0020ABBF1000FC9
:10A5700000F1010908BF4FF0010A002FC4F808904C
:10A5800000F0D28006F1010817E000BF05EB0900DA
:10A5900001462C2201F8012BBBF1000F1EBF811CCC
:10A5A0002022427000200870A0683F6800EB0A0972
:10A5B000002FC4F8089000F0B780384641465A464C
:10A5C000234601F0CFF92568002D00F0A580A6688C
:10A5D000A819F6F78FF9396800EB06090029C4F8C5
:10A5E000089000F0A18009EB0A006168421C8A42D1
:10A5F000CCDD40EA600040EAA00040EA201040EADA
:10A60000202040F2080940EA2040C2F20009D9F8AF
:10A610000010451C2846884700B3D4E900120646BE
:10A62000F6F7DCF9D9F8041020688847A06826609E
:10A6300030446560ACE700BF00EB0109B9F1000FE1
:10A640004FF0000000F09A8089F8020045F65B5058
:10A65000A9F80000484601B0BDE8F08FD9F8041011
:10A660009FE000BF052640F20800C2F2000001682A
:10A670003046884770B381465B20CB46BAF1000F65
:10A680002BF8010B08F1010600F09680DDF800A020
:10A6900042F22C074FF00008DAF800402046F6F7A7
:10A6A00029F90546584621462A46F6F797F9AB445C
:10A6B00040F20800012E1CBFABF800700BF8028FAF
:10A6C000C2F2000041685AF8040B8847013EE3D10A
:10A6D0008FE000BF009E08F10104002503E000BFE9
:10A6E0000135AC420AD056F825000028F8D040F2D7
:10A6F0000801C2F2000149688847F1E740F208000A
:10A70000C2F200004168304688474FF000094846D1
:10A7100001B0BDE8F08F00BF38684FF00009002895
:10A72000C4F808907FF4E4AE206838B3616809F19A
:10A7300002028A4228DD09F1010040EA600040EA95
:10A74000A00040EA201040EA202040F2080740EA3A
:10A750002040C2F200073968451C28468847F8B1F6
:10A76000D4E900120646F6F739F979682068884777
:10A77000A06826603044656007E000BF4FF0000924
:10A78000484601B0BDE8F08F48445D210180009A41
:10A79000206800EB0209484601B0BDE8F08F00BF19
:10A7A0007968206888474FF00009C4E90099484655
:10A7B00001B0BDE8F08F00BF009F4FF02C0800BF34
:10A7C0003C682046F6F796F80546584621462A4644
:10A7D000F6F704F9AB4440F20800012E18BF2BF83D
:10A7E000018BC2F20000416857F8040B8847013E14
:10A7F000E6D140F20800C2F20000416800988847A4
:10A800005D20ABF80000484601B0BDE8F08F0000C5
:10A810002DE9F04F8AB0059115990FF2D4464F06F5
:10A820000FF2E04858BFB046CE06DDE9134948BFF5
:10A8300021F00101CE074FF0300A08BF4FF0200A87
:10A840008E070DD400270197002701250097002AC5
:10A8500000F09A80CDE90251CDF810A013E000BFBE
:10A86000B2F1FF3F06DD4E0700F186800E07E9D505
:10A87000202782E001270197002702972D27CDE9A5
:10A88000031A524200974CF6CD494FF0000BCCF61C
:10A89000CC490DF1180A00BFA2FB09561409F508AE
:10A8A00002F00F0705EB850C25460A2B04BFF508BF
:10A8B000A2EB4C0718F80770002D0AF80B7049D06E
:10A8C000A5FB097C04F00F07140ACE464FEADC060C
:10A8D000A14606EB86060A2B04BF4FEADC09A5EB6E
:10A8E000460718F807500AEB0B0CB9F1000F594650
:10A8F0008CF8015032D0A9FB0E5604F00F05140B52
:10A900005146F708A24607EB87070A2B04BF4FEA18
:10A91000D60AA9EB470518F80550BAF1000F8CF8D4
:10A9200002501FD0AAFB0E5604F00F04120CF508BB
:10A9300005EB85050A2B04BFF208AAEB450418F8BD
:10A940000440F1460BF1040B002A8A468CF80340C0
:10A95000A2D109E00BF1010B06E000BF0BF1020BE5
:10A9600002E000BF0BF1030BDDF810A0DDE902519E
:10A97000DDE913490DE000BF2B27009700250127D3
:10A980000197002A7FF466AF30228DF818204FF02F
:10A99000010BDDF814E0CB454B46C8BF5B4611F018
:10A9A000110FA4EB03025FD006462DB976453CBFDC
:10A9B00000983070013A0136C80631D4551EC0F2F5
:10A9C0008D8012F0030700F09580764538BF86F839
:10A9D00000A0012F06F1010040F09680023A0646E1
:10A9E000032DC0F08B80101D764506F1010238BFA3
:10A9F00086F800A0724538BF82F800A0B21C7245EC
:10AA000038BF82F800A0F21C7245A0F1040038BFE4
:10AA100082F800A0032806F10406E5DC4FF0FF32BF
:10AA20003046CB455EDAA3EB0B076FEA0B0617F057
:10AA3000030703EB060C57D070453CBF302404706D
:10AA40005D1E012F00F1010409D07445A3F1020538
:10AA50003CBF30262670022F00F102046CD1204644
:10AA6000BCF1030F73D28BE00027002AC8BF012777
:10AA7000019E3740D71B7A1E96DB17F0030C51D08E
:10AA800070453CBF20240470BCF1010F00F10106A9
:10AA900040F00481023F3046032A46D33A1D202667
:10AAA000704500F1010738BF0670774538BF3E702A
:10AAB000871C774538BF3E70C71C7745A2F104025A
:10AAC00038BF3E70032A00F10400E9DC4FF0FF328A
:10AAD0000646002D3FF46AAF6EE700BF30462A46B7
:10AAE000CB45A0DB04464BE01D46BCF1030F2ED244
:10AAF00046E000BF2A46032DBFF475AF4FF0FF328A
:10AB0000CB45FFF690AFEDE7704538BF80F800A069
:10AB1000022F06F1020040F0D180033A0646032DD1
:10AB2000ECD360E71746032AB8D24FF0FF32002D6E
:10AB30003FF43CAF40E700BF03307445A3F1030589
:10AB40003CBF302323700446BCF1030F18D33023DD
:10AB5000044600BF744504F1010038BF23707045FE
:10AB600038BF0370A01C704538BF0370E01C7045EF
:10AB7000A5F1040538BF0370AB4504F10404E9DB1B
:10AB8000B9F1000F35D006A8023807E0ABF1040B8D
:10AB90000BF10403042B04F104042AD9744503D2F5
:10ABA00000EB0B035B782370BBF1020F04F1010390
:10ABB0001EDB73453CBF10F80B701F70BBF1030F19
:10ABC00004F1020314D3734504D200EB0B0717F80A
:10ABD000017C1F70BBF1040F04F1030308D373451C
:10ABE000D4D200EB0B0717F8027C1F70CEE700BF32
:10ABF0001C46012A12DB12F00307A2F1010311D057
:10AC000074453CBF20202070012F04F101000DD1BC
:10AC10001A460446032B3ED322E000BF20460AB06A
:10AC2000BDE8F08F032B36D31AE000BF7045A2F1C8
:10AC300002063CBF20250570022F04F1020005D159
:10AC400032460446032B26D30AE000BF0334704586
:10AC5000A2F103023CBF202707702046032B1AD322
:10AC6000013A2023204600BF704500F1010738BF9C
:10AC70000370774538BF3B70871C774538BF3B7002
:10AC8000C71C7745A2F1040238BF3B7012F1020FD6
:10AC900000F10400E8D30AB0BDE8F08F76453CBF70
:10ACA00020243470BCF1020F00F1020612D1033FE0
:10ACB0003046032AFFF439AFF0E600BF0336704593
:10ACC00038BF80F800A0043A3046032DBFF48BAEA5
:10ACD00014E700BF764503D22C4620253570254663
:10ACE0000330043F0646032ABFF4D8AE1DE700BF79
:10ACF00030313233343536373839616263646566F2
:10AD000000000000303132333435363738394142B3
:10AD100043444546000000002DE9F04381B0D0E9EE
:10AD2000066805460C46304641460022002306F0E0
:10AD30005BFA78B3002C00F08B802068002800F0CC
:10AD40001581D4E901218B1C934240F3BF80481C3C
:10AD500040EA600040EAA00040EA201040EA2020DB
:10AD600040F2080740EA2040C2F200073968451C5B
:10AD700028468847002800F0C780D4E9001206461C
:10AD8000F5F72CFE796820688847A0682660656022
:10AD900037189CE0686905F022FE3246434606F00B
:10ADA000D3F8002321F00041C3F6B043002206F09F
:10ADB00029FA002856D100224FF6FF73CFF6C07251
:10ADC000C4F2DF133046414606F01CFA002849D190
:10ADD0000023CCF2E01330464146002206F027FA69
:10ADE00000283FD1002C7BD02068002800F0BE80D6
:10ADF000D4E9012101F11503934240F3878001F169
:10AE0000140040EA600040EAA00040EA201040EA56
:10AE1000202040F2080840EA2040C2F20008D8F89A
:10AE20000010461C30468847002800F0CD80D4E949
:10AE300000120746F5F7D2FDD8F8041020688847BD
:10AE4000A068276066600744002F61D18EE000BFD4
:10AE500040F20800C2F2000001680220884707465D
:10AE600035E000BF002C45D02068002800F07E802F
:10AE7000D4E9012101F14003934253DD01F13F0088
:10AE800040EA600040EAA00040EA201040EA2020AA
:10AE900040F2080940EA2040C2F20009D9F8001047
:10AEA000451C28468847002800F08A80D4E9001213
:10AEB0000746F5F793FDD9F8041020688847A06885
:10AEC0002760656007447FBB50E000BF4718002F34
:10AED0000EBF002730203880384601B0BDE8F0832F
:10AEE00040F20800C2F200000168152088470746BA
:10AEF00077B93BE040F20800C2F200000168402050
:10AF00008847074687B931E079685FE047186FB333
:10AF10006A6937A13846F5F779FA384601B0BDE8D5
:10AF2000F08300BF47180FB33046414604F020FDC0
:10AF30003246434606F008F8002321F00041C3F6EC
:10AF4000B043002206F05EF928F00044A0B94FF2A9
:10AF500044324EF6E413CEF2C242C4F663433046A6
:10AF6000214606F056F938B91FA120E000273846DF
:10AF700001B0BDE8F08300BF4EF68D524CF2F7638E
:10AF8000CAF2B502C3F6B0633046214606F04FF967
:10AF900060B94CF66553C4F2CD1330462146002209
:10AFA00006F03EF910B10EA101E000BF0DA1384638
:10AFB00032464346F5F72AFA384601B0BDE8F08339
:10AFC000D9F8041002E000BFD8F8041020688847C0
:10AFD0000027C4E90077384601B0BDE8F08300BF20
:10AFE0002566000025650000252E30660000000063
:10AFF000256400002DE9F04F87B0074680681E46A3
:10B0000088460692C0B14FF0FF3A00BF00680028A2
:10B010004CD00068002800F08B800068002800F009
:10B02000ED8000680AF1040A0028EFD10AF101005E
:10B03000002E41D182E000BF002E00F0E780306892
:10B04000002800F04582069908F10402002908BF93
:10B050000322D6E901310A449A4240F31D82501E70
:10B0600040EA600040EAA00040EA201040EA2020C8
:10B0700040F2080740EA2040C2F200073968441C49
:10B0800020468847002800F0FB82D6E900120546DA
:10B09000F5F7A4FC796830688847B068356074605B
:10B0A0002C18002C40F0FA8112E200BF0AF10200D5
:10B0B0000AF1010A002E41D0069930684FF00209CA
:10B0C000002908BF4FF00109002800F00182D6E9ED
:10B0D000012440F2080A04EB09014B1C9342C2F21E
:10B0E000000A40F3A58041EA610040EAA00040EA7E
:10B0F000201040EA202040EA2040DAF80010D34631
:10B1000000F1010A50468847002800F05D82D6E928
:10B1100000120546F5F762FCDBF80410306888473A
:10B12000B068C6F804A02918DA46356081E000BF8F
:10B130000AF103000AF1020A002EBDD140F208090B
:10B14000C2F20009D9F80010850028468847002877
:10B1500000F0BE81D9F800108346284688470028B1
:10B1600000F05282044658462946F5F7AEFC2046C8
:10B170002946F5F7AAFC069808F10805002808BF3B
:10B18000072508F10500BF6808BF02200290002FC4
:10B1900008F10100CDE9044000F0A981CDF8048058
:10B1A0000020D946A046039012E000BFF5F7A2FBAD
:10B1B00006462046F5F79EFB0299294431440D18B6
:10B1C0003F6808F10408002F09F1040900F08681A6
:10B1D000386A002100F06AFADDE905120446C8F871
:10B1E00000003846002300F0BDFB002CC9F8000029
:10B1F00018BF0028DAD101200390E1E70AF104002A
:10B200000AF1030A002E7FF457AF97E740F20800D7
:10B21000C2F200000168069A08F10400002A08BF83
:10B22000032088470446002C40F0388150E100BFDD
:10B2300001197B220846069B00F8012B002B049481
:10B240001EBF881C0A224A70DDF818B00021BBF12D
:10B25000000F18BF4FF0010B0170B068BC6800EB25
:10B260000901002CB160CDF8048000F0E38008F102
:10B270000108CDF8148019E0284400291CBF2C21B6
:10B2800000F8011B069900291CBF0A2100F8011BC8
:10B2900000210170B068246800EB0A0140F2080A3E
:10B2A000002CC2F2000AB16000F0C4800698C8B356
:10B2B0003068002800F00C81726801EB08039342AB
:10B2C00024DD0198084440EA600040EAA00040EA1A
:10B2D000201040EA202040EA2040DAF80010451C07
:10B2E00028468847002800F0B981D6E900120746B1
:10B2F000F5F774FBDAF8041030688847B1683760F6
:10B3000078187560019A002A04D508E00844019A6B
:10B31000002A04D441460922F5F7A5FBB16801EBE8
:10B320000800B060206A314600F0C0F93568002D91
:10B3300000F07481B768E819F5F7DCFA38447268F0
:10B3400000EB09019142B06020DD481E40EA600038
:10B3500040EAA00040EA201040EA202040EA2040D5
:10B36000DAF80010451C28468847002800F076814E
:10B37000D6E900120746F5F731FBDAF80410306819
:10B380008847B06837603844756000E02844069903
:10B39000334600294FF03A0101701CBF092141706A
:10B3A000B068069A4844B0602046414600F0DAFA98
:10B3B0003568002D00F03281B768E819F5F79AFA80
:10B3C00021683844DA46002918BF0AF1010A0AEB5D
:10B3D00000027368571C9F42B0607FF74DAF42EA8E
:10B3E000620040EAA00040EA2010C846D94640EA80
:10B3F000202040F2080B40EA2040C2F2000BDBF8AC
:10B400000010451C28468847002800F0DD80D6E95A
:10B4100000120746F5F7E2FADBF8041030688847B7
:10B42000B0682168CB46C146DDF814803844C6E9CF
:10B43000007522E7306800284AD0019F069BBA1C9D
:10B44000002B08BF022273680A449A4240F30A8123
:10B45000501E40EA600040EAA00040EA201040EAA6
:10B46000202040EA2040DAF80010441C204688479B
:10B47000DDF81080002800F0F180D6E900120546C2
:10B48000F5F7ACFADAF8041030688847B0687460F1
:10B490002C183560E9E000BF4418CCB1069A7B2136
:10B4A000204600F8011B6AB1A01C0A21B8F1020F66
:10B4B000617007DBA8F101010922F5F7D4FA08EB66
:10B4C000040001307D210180204607B0BDE8F08FE7
:10B4D0000024204607B0BDE8F08F00BF0398DDF8D8
:10B4E000048040F208090028C2F2000970D1D9F89E
:10B4F00000102846884700286AD07B220546069916
:10B5000005F8012B002900901EBF851C0A214170FF
:10B5100006980021B0FA80F0400929700021049EAD
:10B52000B8F1000F48BF0121084303900AF1010060
:10B53000002402903CE000BF56F824603046F5F746
:10B54000D9F90746284631463A46F5F747FA0698AC
:10B550003D4400284FF03A0005F8010B1CBF0920BC
:10B5600005F8010B5BF82410049E2846F5F79EF9B8
:10B570005BF82400F5F7BEF90544A2451CBF2C205A
:10B5800005F8010B069800281CBF0A2005F8010BDE
:10B5900000202870D9F8041056F824008847D9F8FC
:10B5A00004105BF82400884702980134A0423BD085
:10B5B00003980028C0D1059F284639460922F5F78F
:10B5C00052FA3D44B8E700BFDBF8041059E000BF71
:10B5D000049E0AF10104002503E000BF0135AC42DE
:10B5E0000ED056F8250010B1D9F8041088475BF842
:10B5F00025000028F2D0D9F804108847EEE700BFF4
:10B60000D9F8041030468847D9F8041058468847BE
:10B610000024204607B0BDE8F08F00BF0024B460CE
:10B62000204607B0BDE8F08FD9F8041030468847AF
:10B63000D9F8041058468847069840B1B8F1010F70
:10B6400005DB284641460922F5F70DFA4544009CE2
:10B650007D202880204607B0BDE8F08FDAF804107E
:10B660000FE000BFDDF810804418069890B1012F5C
:10B6700012DB204639460922F5F7F5F93C440CE087
:10B680007968306888470024C6E90044204607B03E
:10B69000BDE8F08F474600E000277D20208030681D
:10B6A000C419204607B0BDE8F08F00002DE9F04F27
:10B6B00081B0067882468946002E6FD0002132463E
:10B6C00050460DE0A2F122035C3AB3FA83F3B2FADA
:10B6D00082F25B095209134310F8012F19433AB162
:10B6E000202AEFD2012310F8012F1943002AF7D1A5
:10B6F000002953D0002E00F093800AF101050027A5
:10B700000FF250287C1C80F09B8040463146082276
:10B71000F5F70FF9202E38BFBC1D15F8016B002876
:10B7200018BFBC1C002E2746ECD1B9F1000F7CD00D
:10B73000D9F80000002800F0AD80D9E90131621885
:10B7400003329A4240F39080501E40EA600040EA83
:10B75000A00040EA201040EA202040F2080440EA1D
:10B760002040C2F200042168461C30468847002869
:10B7700000F0E480D9E900120746F5F72FF9616877
:10B78000D9F800008847D9F80800C9F80070C9F84E
:10B7900004603E18002E69D17CE000BFB9F1000FB3
:10B7A000A0EB0A0732D0D9F80000002872D0D9E9FE
:10B7B00001317A1803329A4248DD501E40EA600097
:10B7C00040EAA00040EA201040EA202040F20804AD
:10B7D00040EA2040C2F20004216800F1010840461E
:10B7E0008847002800F0AA80D9E900120646F5F73C
:10B7F000F5F86168D9F800008847D9F80800C9F859
:10B800000060C9F80480064416BB43E040F208001B
:10B81000C2F200000168F81C88470646C6B939E044
:10B820000024B9F1000F7FF483AF40F20800C2F2A8
:10B8300000000168E01C88470646BEB92AE000BF48
:10B840000024B9F1000F7FF473AFEEE746180EB392
:10B850002224304600F8014B5146F5F727F8C4532F
:10B86000304601B0BDE8F08F46189EB14FF0220976
:10B87000374607F8019B9AF80000002800F058802E
:10B880000AF101045C250FF2D4084FF0660B4FF06B
:10B89000720A0CE00026304601B0BDE8F08F00BF10
:10B8A00062207870023714F8010B002840D0C1B232
:10B8B000202903D3222901D05C291DD1384600F864
:10B8C000015B14F8012CA2F108011A2918D8DFE84D
:10B8D00001F00F11211B23271B1B1B1B1B1B1B1BF9
:10B8E0001B1B1B1B1B1B1B1B1B1B1B1B2B0000BF2A
:10B8F000D6E700BF7420D4E707F8010BD3E700BFF9
:10B900005C2A01D17D70CDE74146F4F77FFD063713
:10B91000C9E700BF6E20C4E787F801B0C2E700BFE7
:10B9200087F801A0BEE700BF87F80190BAE700BF23
:10B93000A7F80090304601B0BDE8F08F6168D9F8F3
:10B94000000088470026C9E90066304601B0BDE81E
:10B95000F08F00BF225C080C0A0D090075253034F9
:10B9600078000000F0B581B0002800F0AD801C46E2
:10B97000C368002CDBB237D0062B00F2A580DFE8CD
:10B9800003F0054D79A7ADB5BB0000BF20680028C6
:10B9900000F09A80D4E901218B1D934240F3FC8092
:10B9A000481D40EA600040EAA00040EA201040EA5A
:10B9B000202040F2080740EA2040C2F20007396820
:10B9C000451C28468847002800F0DE80D4E9001294
:10B9D0000646F5F703F8796820688847A06826606E
:10B9E00030446560D9E000BF062B6DD8DFE803F076
:10B9F000048A9CB2B8C0C60040F20800C2F200003F
:10BA000001680620884700285ED06521818046F2C3
:10BA10006611C7F26C31016099E000BF2068002810
:10BA200052D0D4E901214B1D934240F3BF80081D41
:10BA300040EA600040EAA00040EA201040EA2020EE
:10BA400040F2080740EA2040C2F200073968451C6E
:10BA500028468847002800F09780D4E9001206465F
:10BA6000F4F7BCFF796820688847A06826603044F6
:10BA700065609CE0206838B3D4E901214B1D9342F6
:10BA800040F39E80081D40EA600040EAA00040EAC2
:10BA9000201040EA202040F2080740EA2040C2F28D
:10BAA00000073968451C2846884700286CD0D4E92F
:10BAB00000120646F4F792FF796820688847A0686C
:10BAC0002660304465607CE0002001B0F0BD00BF1E
:10BAD000214601B0BDE8F040FFF71EB900692146DC
:10BAE00001B0BDE8F040FFF7E1BD00BF234601B063
:10BAF000BDE8F040FEF744BC234601B0BDE8F0408D
:10BB0000FFF778BA40F20800C2F200000168052091
:10BB10008847014600284FF0000018D0087147F20E
:10BB20007420C6F2755010E040F20800C2F2000026
:10BB3000016805208847014600284FF0000006D024
:10BB4000087147F26E50C6F66C400860084601B0B6
:10BB5000F0BD00BF002101B0BDE8F040FFF7DCB848
:10BB60000069002101B0BDE8F040FFF79FBD00BFB4
:10BB7000002301B0BDE8F040FEF702BC002301B095
:10BB8000BDE8F040FFF736BA7968206888470020A2
:10BB9000C4E9000001B0F0BD08446521818046F28F
:10BBA0006611C7F26C31016001B0F0BD084400219C
:10BBB000017147F27421C6F27551016001B0F0BD08
:10BBC00008440021017147F26E51C6F66C410160D4
:10BBD00001B0F0BDB0B541680139042900F28A8096
:10BBE000DFE801F004305C8AC00000BF846842F2E4
:10BBF000BD10C0F6010001F04FF842F2102140F2F2
:10BC00004822C0F60101C2F200022046F4F788FD86
:10BC100001286FD140F24820C2F20000002110221A
:10BC2000F4F70CFE40F2D004C2F20004014644F8DE
:10BC3000180F42F2A11042F23C75C0F60100C0F6A6
:10BC4000010585E0846842F2BD10C0F6010001F0F4
:10BC500023F842F2102140F24822C0F60101C2F25C
:10BC600000022046F4F75CFD012843D140F2482051
:10BC7000C2F2000000211022F4F7E0FD40F2D004EF
:10BC8000C2F20004014644F8180F42F2A11042F239
:10BC90000575C0F60100C0F6010559E0846842F25E
:10BCA000BD10C0F6010000F0F7FF42F2102140F293
:10BCB0004822C0F60101C2F200022046F4F730FD2E
:10BCC000012817D140F24820C2F2000000211022C2
:10BCD000F4F7B4FD40F2D004C2F20004014644F887
:10BCE000180F42F2A11042F60005C0F60100C0F69E
:10BCF00001052DE0B0BD00BF846842F2BD10C0F662
:10BD0000010000F0C9FF42F2102140F24822C0F6C3
:10BD10000101C2F200022046F4F702FD012818BF1B
:10BD2000B0BD40F24820C2F2000000211022F4F71A
:10BD300085FD40F2D004C2F20004014644F8180F19
:10BD400042F2A11042F28765C0F60100C0F601057B
:10BD50002A4600F0A1FF284621460422BDE8B04053
:10BD6000FAF718BE806842F28761C0F6010102A2AC
:10BD7000BDE8B04002F042BE776176795F636F6CD8
:10BD80006F725F32000000002DE9F04182B040F296
:10BD90001C04C2F2000416460D46D4E9001298466F
:10BDA0002B4607460096CDF80480F9F7CBFBD4E983
:10BDB000011238462B460096CDF80480F9F7C2FBF5
:10BDC000D4E9021238462B460096CDF80480F9F7E4
:10BDD000B9FBD4E9031238462B460096CDF804800F
:10BDE000F9F7B0FBD4E9041238462B460096CDF89B
:10BDF0000480F9F7A7FBD4E9051238462B460096D4
:10BE0000CDF80480F9F79EFB2268A16938462B46DD
:10BE10000096CDF80480F9F795FB02B0BDE8F081FB
:10BE2000B0B58AB0002100220446002500F032FAA5
:10BE3000012001900220029003200390042004902E
:10BE400005200590062006900720079008200890FE
:10BE5000092009906A4620464FF4AF710A230095E5
:10BE6000FFF792FF0AB0B0BD2DE9F04393B08046D2
:10BE7000006B09AD29462822FAF736FD9DF83400FB
:10BE800070B19DF8300018B39DF82C0010B39DF8E8
:10BE9000280008B39DF82400B0FA80F040091CE0A7
:10BEA000052088F800000F9841F201014FF21E02B0
:10BEB000411ACFF6FF729142C8F8080042D82820F4
:10BEC000C8F80800002088F8010013B0BDE8F0832E
:10BED000042002E0032000E0022088F800000F9810
:10BEE00041F20101411A6FF47E629142C8F80800E4
:10BEF00028D22820C8F808000520D8F8303088F863
:10BF0000000042F23360C0F6010040A240F21B2163
:10BF10001035FAF7B1FCD8F830004FF0FF310D9131
:10BF2000CDE90911CDE90B1100218DF83410103045
:10BF300029460422FAF704FD002088F8010013B016
:10BF4000BDE8F083A0F2DD7140F62202914211D8E3
:10BF500042F2336042F2FE4238A7C0F60100C0F65A
:10BF6000010239A340F222210097FAF785FC00BFB5
:10BF7000FEE700BFB0F1200422D000250DF1040936
:10BF8000002600BFD8F8301005F12000671BA04242
:10BF900038BF20270844F91C21F003024946FAF76C
:10BFA000A3FC304649463A46FAF73AF93D44AC42DA
:10BFB0000646E7D8109886427FF484AF05E000BFBC
:10BFC0000026109886427FF47DAF0120D8F830100B
:10BFD00088F801009DF8440001F12805033008F1BC
:10BFE000100120F003022846FAF77EFC9DF8440079
:10BFF000129AC11C21F003012944C8F83410C8F872
:10C000000C2088F8020013B0BDE8F0834572726F0F
:10C01000723A2054686520454E56204030782530CD
:10C020003858206C656E6774682068617320616E93
:10C03000206572726F722E0A0000000072656164E2
:10C040005F656E76000000003000000070B598B0AB
:10C050000546400516D042F21D6642F2336042F2B8
:10C06000FE4242F20563C0F60106C0F60100C0F6CA
:10C070000102C0F6010340F249210096FAF7FCFBE9
:10C08000FEE700BF0C4619B316460FA92846242226
:10C09000FAF72AFC159844F24561C3F2340188424C
:10C0A0006560A06028D1012020709DF84400169999
:10C0B000E16058B39DF84000E0B39DF83C00B0FA51
:10C0C00080F040099DF85010607021BB38E000BF3F
:10C0D00042F21D6642F2336042F2FE42C0F60106B1
:10C0E000C0F60100C0F6010268A340F24A210096A2
:10C0F000FAF7C2FBFEE700BF002020704FF0FF30D0
:10C10000E0600726304618B070BD00BF03209DF8E0
:10C1100050106070A1B19DF84C10C9B19DF8481045
:10C12000B1FA81F14909002E4FF00006A170E9D063
:10C1300014E000BF02209DF8501060700029EAD181
:10C140000321002E4FF00006A170DBD006E000BFF7
:10C150000221002E4FF00006A170D3D005F124017A
:10C1600002282661616109D00128CBD140F2DC7040
:10C1700020610026304618B070BD00BF40F2A0100C
:10C18000C2F20000816AA94202D1002110E000BF82
:10C19000016BA94202D101210AE000BF816BA942D3
:10C1A00002D1022104E000BF016CA9420CD103219D
:10C1B00000EBC100C06A0026291A01F50061C4E93C
:10C1C0000410304618B070BD40F2DC7020614FF0B2
:10C1D000FF300D9001A92046FBF76EFA411C0D902F
:10C1E00026D001AD0EE000BF0398D4E9042101443C
:10C1F000101AC4E9040120462946FBF75DFA411CE8
:10C200000D9015D02846FFF72FFE9DF80500002859
:10C21000EAD19DF8040000F0FB000128E4D00D995C
:10C220000EA0FAF72BFB00202061022601E000BFE0
:10C2300000266168606901F50061F9F793FB6269A6
:10C240000146824260681EBF421A02F50062C4E9DC
:10C25000042102F0A7FD304618B070BD4572726F20
:10C26000723A2054686520454E5620284030782583
:10C270003038582920435243333220636865636B5A
:10C28000206661696C6564210A000000736563744F
:10C290006F72000010B56AB3012A4FDBC06800233B
:10C2A00000F16E0C4FF01C1E002000BF31F823304F
:10C2B000013003EB43030CEB03141B014CF803E0C8
:10C2C00083B29342C4F804E0C4F808E0C4F80CE078
:10C2D000C4F810E0C4F814E0C4F818E0C4F81CE096
:10C2E000C4F820E0C4F824E0C4F828E0C4F82CE046
:10C2F000DCDB23E0D0F800C0BCF1010FB8BF10BDFB
:10C30000C068002100F16E0E4FF01C12002300BF28
:10C3100001EB41010EEB0110090101334EF8012040
:10C3200099B28C4542608260C26002614261826162
:10C33000C261026242628262C262E9DC10BD000038
:10C340008AB040F2D009C2F2000942F200240DF195
:10C35000060509AE09F120070FF2641AC0F60104C0
:10C360000FF24C1BE84602E0642001F027FCD9F8EC
:10C370000C00816801390529F6D8DFE801F0070FC4
:10C38000171F27033846FFF74BFDEDE799F800101C
:10C3900031B3D9F8101009912FE000BF99F80010BF
:10C3A00081B3D9F81010099139E000BF99F8001055
:10C3B000D1B3D9F81010099143E000BF99F80010EB
:10C3C000002943D0D9F8101009914CE099F80010D9
:10C3D00000294DD0D9E904120991009264E000BF10
:10C3E000036828461E213EA2F4F726F82846314667
:10C3F00004220023FAF7CAF809993846F9F772F8C7
:10C40000B2E700BF036828461E2131A2F4F714F8F2
:10C410002846314604220023FAF7B8F8099938462D
:10C42000FCF7FAFCA0E700BF036828461E2152462D
:10C43000F4F702F82846314604220023FAF7A6F85A
:10C4400009993846F8F708FC8EE700BF03682846CC
:10C450001E212246F3F7F0FF28463146042200232E
:10C46000FAF794F80999384602F01AFD7CE700BF04
:10C47000036828461E212246F3F7DEFF2846314690
:10C4800004220023FAF782F8D9F80C001E21036871
:10C4900028465A46F3F7D0FF284641460422002397
:10C4A000FAF774F80999009A384602F065FD5BE7DF
:10C4B00025735F776176795F636F6C6F725F3200AF
:10C4C00025735F626F64795F636F6C6F7200000049
:10C4D00025735F6E6F726D616C5F636F6C6F72005E
:10C4E00025735F63686573745F636F6C6F720000C0
:10C4F000B0B501FB00F4204600F0E8FB054620B192
:10C5000028460021224600F039FD2846B0BD000033
:10C51000B0B542F6F00442F6E800C0F60104C0F6F9
:10C520000100A04228BFB0BD42F6E805C0F60105F3
:10C5300055F8040B8047A542FAD3B0BD80B5F3F798
:10C5400087FE40F27811C2F200014A8801324A8027
:10C55000BDE88040F3F780BEB0B5F3F779FE40F256
:10C560007815C2F2000569880446481E01B2002908
:10C57000688005DD2046BDE8B040F3F76DBE00BF22
:10C58000002068802046F3F767FE6868002808BF2F
:10C59000B0BDF3F75DFE698804460029EAD1A868BA
:10C5A000F8F706FB421E44F27820C2F2000050F871
:10C5B00032106868A1F114039842DBD02A7044F26B
:10C5C000F0126B60C2F2000212781C3001F1080117
:10C5D00032B1F3F744FE2046BDE8B040F3F73CBE6D
:10C5E000F3F73DFE2046BDE8B040F3F735BE00004E
:10C5F0002DE9F041002857D040F24017C2F2000761
:10C6000004467868A0424FD8B868A04298BFBDE8F9
:10C61000F08107F1180840464FF0FF31A4F10C06F5
:10C6200000F0AEFE34F80A0C18B13088B0F5F55FB2
:10C630000AD025A000F030FB34F80A2C34F80C3C6A
:10C6400028A0314600F028FB4FF4F55044F80C0CBC
:10C65000D7F80CC0B44584BFFE60B44654F8082C2B
:10C6600078683D691318F11A294439610FD0598847
:10C6700069B9B9688B420AD09C4504BFFE60B446D4
:10C680005A6844F8082C5968331A01448B6054F8EE
:10C69000043CC518B54201D0698839B14046BDE8AF
:10C6A000F04100F043BE00BFBDE8F081B44508BFD3
:10C6B000FD606A6054F8081C084483604046BDE889
:10C6C000F04100F033BE00BF746F206672656520D4
:10C6D0006120626164206461746120626C6F636BCD
:10C6E0003A0A00006D656D3A203078253038782C94
:10C6F000207573656420666C61673A2025642C2080
:10C700006D6167696320636F64653A203078253016
:10C7100034780A0040F2EC50C2F20000704700008A
:10C7200040F2EC50C2F2000000F57050704700007B
:10C7300010B5F5F7FDFEF7F783FFF7F7B3FFF6F750
:10C74000D9F844F6D351C1F26201A0FB0101880976
:10C75000F6F7D8FAFFF7DCFEFFF7DCFF0446FFF739
:10C76000DFFF01462046BDE8104000F0EFBF0000AB
:10C7700080B540F20020C2F200000068016889061E
:10C7800006D40A2001F01AFAFF20C0B280BD00BF13
:10C790004068C0B280BD0000F0B581B004460D20F5
:10C7A0008DF8030040F20020C2F20000002180F862
:10C7B0004010204600F068FFE0B140F20026054638
:10C7C000C2F200060DF103070AE000BF3046214621
:10C7D00001220123F7F7E8FB013D04F1010409D030
:10C7E00020780A28F2D13046394601220123F7F792
:10C7F000DBFBEBE701B0F0BD10B540F2E851C2F24F
:10C8000000010968044621B120468847002808BF76
:10C8100010BD216C42F20A30C0F6010000F03CFA73
:10C82000616A42F2C920C0F6010000F035FAA16A3F
:10C8300042F2D620C0F6010000F02EFAE16A42F280
:10C84000E320C0F6010000F027FA216B42F2F0204D
:10C85000C0F6010000F020FA616842F2FD20C0F647
:10C86000010000F019FAA168C4A000F015FAE1680F
:10C87000C6A000F011FA2169C8A000F00DFA6169A4
:10C88000CAA000F009FAA169CCA000F005FAE1699C
:10C89000CEA000F001FA216AD0A000F0FDF9616B92
:10C8A000D2A000F0F9F9A16BD4A000F0F5F9E16B8A
:10C8B000D6A000F0F1F92078400707D442F22320F7
:10C8C000C0F6010000F0E8F90BE000BF01F0A2F9AA
:10C8D000014642F23D20C0F6010000F0DDF9FBF711
:10C8E0003FF94EF62954CEF20004D4F80300800735
:10C8F00005D542F2A720C0F6010000F0CDF9D4F82A
:10C900000300400040F1F880207830B342F27B20F1
:10C91000C0F6010000F0C0F9217842F28E30C0F676
:10C92000010000F0B9F92078C00745D120788007D0
:10C930004BD42078400751D42078000757D4207872
:10C94000C0065DD494F90000B0F1FF3F60DD42F213
:10C95000FE10C0F6010000F09FF914F8010C002849
:10C9600000F0958042F25A20C0F6010000F094F9E0
:10C9700014F8011C42F2A430C0F6010000F08CF95A
:10C9800014F8010CC00751D114F8010C800757D4DA
:10C9900014F8010C00075DD414F8010CC00663D430
:10C9A00014F9010CB0F1FF3F69DD42F2FE10C0F650
:10C9B000010000F071F96AE042F27930C0F601003E
:10C9C00000F06AF920788007B3D542F26E30C0F6E5
:10C9D000010000F061F920784007ADD542F26C30DB
:10C9E000C0F6010000F058F920780007A7D542F200
:10C9F0006230C0F6010000F04FF92078C006A1D5E2
:10CA000086A000F049F994F90000B0F1FF3F9EDCE8
:10CA1000D4F80F1042F28720C0F6010000F03CF974
:10CA200014F8010C00289DD131E000BF42F23D30E6
:10CA3000C0F6010000F030F914F8010C8007A7D50A
:10CA400042F23330C0F6010000F026F914F8010C70
:10CA50000007A1D542F26130C0F6010000F01CF9D8
:10CA600014F8010CC0069BD542F25830C0F6010004
:10CA700000F012F914F9010CB0F1FF3F95DCD4F885
:10CA80000B1042F29720C0F6010000F005F9B4F84F
:10CA9000010088B342F26D20C0F6010000F0FCF8FE
:10CAA000B4F8011042F2BA30C0F6010000F0F4F818
:10CAB000B4F80100C0072DD1B4F80100800733D4C9
:10CAC000B4F80100400739D4B4F8010000073FD49E
:10CAD000B4F80100C00545D4B4F80100800505D5BF
:10CAE00042F24730C0F6010000F0D6F842F2FE10E4
:10CAF000C0F6010000F0D0F8D4F80300B0F1FF3F19
:10CB000006DC42F2BC20C0F6010000F0C5F800BF10
:10CB1000FEE700BF42F28230C0F6010000F0BCF830
:10CB2000B4F801008007CBD542F22930C0F60100ED
:10CB300000F0B2F8B4F801004007C5D542F2173052
:10CB4000C0F6010000F0A8F8B4F801000007BFD556
:10CB500042F25230C0F6010000F09EF8B4F8010035
:10CB6000C005B9D542F21E30C0F6010000F094F8BD
:10CB7000B4F801008005B3D4B8E700BF7230353A8D
:10CB8000203078253038780A000000007230363ABC
:10CB9000203078253038780A000000007230373AAB
:10CBA000203078253038780A000000007230383A9A
:10CBB000203078253038780A000000007230393A89
:10CBC000203078253038780A000000007231303A81
:10CBD000203078253038780A000000007231313A70
:10CBE000203078253038780A000000007231323A5F
:10CBF000203078253038780A00000000206C723A26
:10CC0000203078253038780A000000002070633A20
:10CC1000203078253038780A0000000053544B4506
:10CC20005252200004324BF6EF6C22F00702CDF690
:10CC3000AD6C42F840CDC2E901CCC2E903CCC2E9F7
:10CC400005CCC2E907C100214FF0807CC2E90D305C
:10CC50001046C2E90911C2E90B11C2F83CC0704785
:10CC600080B5F3F7F5FA44F2F011C2F200010A7848
:10CC700001320A70BDE88040F3F7EEBA80B5F3F7F1
:10CC8000E7FA44F2F011C2F200010A78013A0A70A0
:10CC9000BDE88040F3F7E0BA83B010B581B044F24C
:10CCA000F814844603A8C2F200040EC003AB204669
:10CCB0007F216246009301F053FA2046FFF76CFD96
:10CCC00001B0BDE8104003B0704700002DE9F04FFF
:10CCD00081B0002800F0838040F24019C2F20009C0
:10CCE0000330D9F8001020F00308884577D809F1FF
:10CCF000180B58464FF0FF31B8F10C0F98BF4FF0AA
:10CD00000C0800F03DFBD9F80CE0D9E900CAAEEB05
:10CD10000A02ACEB0807BA425ED20AEB02052B46C8
:10CD200033F8020F2E4656F8044F20B902F10C00DA
:10CD3000211A414558D2BC424ED20AEB04052B467B
:10CD400033F8020F2E4656F8042F20B904F10C00D8
:10CD5000111A414520D2BA423ED20AEB02052B46B7
:10CD600033F8020F2E4656F8044F20B902F10C009A
:10CD7000211A414538D2BC422ED20AEB04052B467B
:10CD800033F8020F2E4656F8042F0028C3D104F1C1
:10CD90000C00111A4145BED3CDF800B0A34614468D
:10CDA00008F11802914226D340440AEB00024FF4E6
:10CDB000F5574AF80070C2E9014B3060526801240F
:10CDC0000CF10C07BA421C801CBF52449060D9F889
:10CDD000100008F10C0114E0584600F0A7FA0020FA
:10CDE00001B0BDE8F08F00BFCDF800B0934608F168
:10CDF00018029142D8D20120D9F810101880A4EB63
:10CE00000B00D9F8142001448A420098C9F8101088
:10CE100038BFC9F814104FF4F551AE45298030D110
:10CE2000BEF8021069B3D9F80820724529D0DEF89F
:10CE300004100AEB010EBEF80210002918BF72455B
:10CE40001DD0DEF804100AEB010EBEF80210002916
:10CE500018BF724513D0DEF804100AEB010EBEF8BD
:10CE60000210002918BF724509D0DEF804100AEB41
:10CE7000010EBEF80210002918BF7245D7D1C9F8BB
:10CE80000CE000F053FA05F10C0001B0BDE8F08FA2
:10CE9000B0B5814214D28B18834211D9002A47D0F1
:10CEA00000EB020E12F00301A2F1010C4FD013F8B7
:10CEB000014D01290EF8014D3CD1624647E000BF0B
:10CEC000B2B312F00304A2F1010C09D08E461EF891
:10CED000015B0346012C03F8015B05D1624613E0B8
:10CEE0008E46034610E000BF4B78022C437005D1FC
:10CEF000023A01F1020E831C06E000BF01F1030EAD
:10CF00008978033AC31C8170BCF1030F38BFB0BDF0
:10CF1000AEF10401043B00BF11F8045F043A03F8CA
:10CF2000045F4D785D708D789D70CD78DD70F3D1A4
:10CF3000B0BD00BF13F8014D02290EF8014D01D11B
:10CF4000023A04E013F8011D033A0EF8011DBCF18A
:10CF5000030FEDD3AEF10401023B00BF5C78043A4D
:10CF6000CC701C788C7013F8014C4C7013F8024C88
:10CF7000A3F1040301F80449F0D1D9E770B5042AFC
:10CF800006461BD316F0030018D1C8B24FF0013388
:10CF9000102A00FB03F313D3A2F1100C012000EBC5
:10CFA0001C1010F003000DD00128C6E90033B36057
:10CFB000F36009D106F11000624616E0304650E0F9
:10CFC00030462EE0304610E00228C6E90433B36153
:10CFD000F36103D106F12000203A06E006F13000AB
:10CFE000303AC6E90833C6E90A33BCF1300F16D32C
:10CFF00000F14004403AC0E90033C0E90233C0E91F
:10D000000433C0E90633C0E90833C0E90A33C0E994
:10D010000C33C0E90E330F2A2046E9D82046042AF3
:10D020001FD30446151F042D40F8043B18D3A2F16A
:10D030000805042D63600DD3A2F10C05042DA36037
:10D040000CD304F11000103AE360032A0446E9D837
:10D0500007E000BF04F1080002E000BF04F10C008B
:10D060002A4622B1CBB211461A46F3F7FCFC3046F1
:10D0700070BD00002DE9F041884640F23C01C2F24B
:10D0800000010A78054682420C460AD00C4614F884
:10D09000100FA84205D011F8200FA84218BF002198
:10D0A0000C46E068FFF712FE4FF00007C0B1E268DF
:10D0B00000210646FFF762FF3046414608223572DE
:10D0C000777200F0FFFAF3F7C3F854F8041F324602
:10D0D00042F80C1F4A6022603461F3F7BDF837460E
:10D0E0003846BDE8F081000010B5044600202072EB
:10D0F000F3F7AEF82246216952F80C3F59602169D6
:10D1000022610B601260F3F7A7F82046BDE81040DB
:10D11000FFF76EBA10B5044600202072F3F798F8B6
:10D1200054F80C1F62684A6062681160C4E90044E8
:10D13000BDE81040F3F790B840F23C02C2F20002A2
:10D140001178814211460AD0114611F8103F8342EE
:10D1500005D012F8201F814218BF00221146084650
:10D1600070470000F0B581B00E4640F23C01C2F2BB
:10D17000000115460A780446B2420F460AD00F460F
:10D1800017F8100FB04205D011F8200FB04218BFA9
:10D1900000210F46FFF7D2F9043738460068B8423D
:10D1A00008D00068B84205D00068B84202D00068D4
:10D1B000B842F3D1FFF7D0F946F080002072204644
:10D1C0002946082200F07EFAF3F742F8396844F85D
:10D1D0000C1F4C603C60676001B0BDE8F040F3F7A5
:10D1E0003BB80000007AC00970470000B0B5F3F703
:10D1F0002FF840F27815C2F200056988044629B17B
:10D200002046BDE8B040F3F727B800BFA868F7F79D
:10D21000CFFC44F278210138C2F2000151F83010FD
:10D220006A68A1F114039A42EAD0287044F2F0101F
:10D230006B60C2F20000037802F11C0001F10801EA
:10D2400033B1F3F70CF82046BDE8B040F3F704B86B
:10D25000F3F705F82046BDE8B040F2F7FDBF000047
:10D2600010B50446F2F7F4FF94F8341094F8352022
:10D2700001F0F001013184F8341044F27821C2F257
:10D28000000101EBC2014A6840F2781C04F114036A
:10D29000C2F2000C1360A2614B60A26BDCF8083094
:10D2A000616143EA0201CCF80810BDE81040F2F7D2
:10D2B000D3BF0000B0B50546F2F7CAFF294651F8C2
:10D2C000142F4B6853604B6849601A6091F8212015
:10D2D00044F278230960C2F2000353F8324003EBB2
:10D2E000C202944204D0BDE8B040F2F7B5BF00BF1F
:10D2F00040F27812C2F20002A96B936823EA01019E
:10D300009160BDE8B040F2F7A7BF000070B51546C8
:10D310000A4602211C460646FFF724FF06F11400C8
:10D32000C6E905000020B583747270BDB0B505462E
:10D33000F2F78EFF2A4652F8141F044691420BD092
:10D34000A1F1140000F042FC2046F2F785FFFFF740
:10D350004DFF0020B0BD00BFA88B4FF6FF71884283
:10D3600006D12046F2F778FF6FF00200B0BD00BF93
:10D370000130A8832046F2F76FFF0020B0BD000007
:10D380002DE9F04381B0894607460091F2F760FF2E
:10D39000B98B804641B1481EB8834046F2F75CFF26
:10D3A000002001B0BDE8F083B9F1000F3ED000F0DD
:10D3B00031FC0546002028637E7A284607F11404D4
:10D3C00000F098FCD6B3012E3FD120460068A04261
:10D3D00034D095F8351090F8212091421AD3006886
:10D3E000A0422BD095F8351090F82120914211D30E
:10D3F0000068A04222D095F8351090F82120914283
:10D4000008D30068A04219D095F8351090F8212073
:10D410009142DBD21438826900F1140105F1140342
:10D420001360AA61836169610FE000BF4046F2F7B3
:10D4300013FF6FF0010001B0BDE8F083B86905F19A
:10D4400014010160A861B9616C61B9F1010F09DBD8
:10D4500005F144066A463046002100F099FD304649
:10D4600000F0FCFD4046F2F7F7FEFFF7BFFE286B29
:10D47000002808BF002001B0BDE8F08380B582B06D
:10D480000AA0FFF709FC0CA0FFF706FC0FF24C0CFA
:10D4900015A0032101220523CDF800C0FFF7FCFBF6
:10D4A00019A002B0BDE88040FFF7F6BB0A205C205F
:10D4B0007C202F0A000000002D205254202D202017
:10D4C000202020546872656164204F706572617419
:10D4D000696E672053797374656D0A004D6172201F
:10D4E0002034203230323500202F207C205C202058
:10D4F00020202025642E25642E2564206275696C09
:10D50000642025730A0000002032303036202D20A0
:10D510003230323020436F707972696768742062EC
:10D52000792072742D746872656164207465616D10
:10D530000A000000F0B581B005460021685C0028B3
:10D5400005EB01000DD0427842B1827842B1C0783B
:10D5500004310028F2D16818013802E0013000E0FF
:10D560000230471B7C1C2046FFF7B0FB002871D01F
:10D57000102C15D28446002C6CD014F00306A4F1B4
:10D58000010217D02B4613F8017B6146012E01F8EA
:10D59000017B13D114468C46032A5BD34BE000BFBA
:10D5A00040EA0501890715D0844614F00306A4F16A
:10D5B0000102E7D12B46032A4CD33CE06978022EC6
:10D5C0008CF801102ED1023CAB1C0CF1020C032A8A
:10D5D00040D330E0002200BFA958AB1881505968F1
:10D5E000861871609968103CB160D9680F2C02F1FF
:10D5F0001002F160F0D8AB18042C00EB020C2BD316
:10D60000A7EB020E1D46AEF10304012155F8042BD1
:10D6100001EB94066146012E41F8042B1ED18C4685
:10D62000A9E700BFA978033CEB1C8CF802100CF1B1
:10D63000030C032A0ED31A1FACF1040112F8043FA5
:10D64000043C01F8043F53784B7093788B70D37887
:10D65000CB70F3D101B0F0BD1D468CE75968022EA6
:10D66000CCF8041006D103F108050CF1080CAEF15A
:10D67000070480E7996803F10C05CCF808100CF159
:10D680000C0CAEF10B0476E7C11C00BF11F8032CA3
:10D6900062B111F8022C6AB111F8012C72B111F8C3
:10D6A000042B002AF2D10439081A70470339081AEA
:10D6B000704700BF0239081A704700BF0139081AC5
:10D6C000704700002DE9F0418046DAB3C2F1000C4A
:10D6D00000234446CF5C08F80370DFB10CEB03066F
:10D6E000771C2FD2CF18787808EB03056870A8B1A3
:10D6F000B01C27D0B878A870B0B1F01C22D0F87850
:10D70000E870D8B1043304341CEB0300A2F1040226
:10D71000E0D117E0601C511E0AD113E0A01C013AB1
:10D72000511E05D10EE000BFE01C023A511E09D087
:10D73000F3F7A9F94046BDE8F08100BF033A281D80
:10D74000511EF5D14046BDE8F081000021F00303F1
:10D750008C46192B01462DD3C81C20F00300A3F1E1
:10D760001802824226D310B5191A40F24014A1F1D2
:10D770001802C2F20004C4E900204FF4F5520C393B
:10D780004FF0000CC0E90021C0F808C041F6A060CD
:10D79000C0F201001A4642F80C0DA26043E90211E2
:10D7A00004F1180005A101220023FFF7AFFD606816
:10D7B000E06010BD03A06246FFF76EBA6865617055
:10D7C000000000006D656D20696E69742C20657223
:10D7D000726F7220626567696E206164647265733E
:10D7E0007320307825782C20616E6420656E64206B
:10D7F0006164647265737320307825780A000000D4
:10D8000010B544F27822C2F2000202F11800C2E917
:10D81000060002F1200002F1080302F11001C2E942
:10D82000080002F14000C2E90233C2E9041102F12A
:10D83000280102F1300302F13804C2E9100002F1BC
:10D840006000C2E90A11C2E90C33C2E90E4402F1D8
:10D85000480102F1500302F15804C2E9180002F134
:10D860008000C2E91211C2E91433C2E9164402F180
:10D87000680102F1700302F17804C2E9200002F1AC
:10D88000A000C2E91A11C2E91C33C2E91E4402F128
:10D89000880102F1900302F19804C2E9280002F124
:10D8A000C00040F2781EC2E92211C2E92433C2E965
:10D8B000264402F1A80102F1B00302F1B804C2E962
:10D8C000300002F1E000C2F2000EC2E92A11C2E902
:10D8D0002C33C2E92E4402F1C80102F1D00302F157
:10D8E000D804C2E938001F204FF0000CC2E9321101
:10D8F000C2E93433C2E9364402F1E80102F1F0032F
:10D9000002F1F8048EF800000EF10C00AEF802C02F
:10D91000C2E90022C2E93A11C2E93C33C2E93E44FD
:10D92000CEE901CCCEE9030010BD000010B540F2F5
:10D930007814C2F20004A068F7F73AF944F27821AB
:10D94000C2F2000101EBC00050F8080CA0F1140174
:10D9500008306160BDE81040F2F7AFBC40F28C10B7
:10D96000C2F20000011DC0E90111704770470000BC
:10D970002DE9F04383B00F46014601201D461646AF
:10D98000FFF778FB00283DD004462846FFF79EF9B4
:10D9900000283DD004F11401DDE90A98C4E905111D
:10D9A00023212A46C4E90876C4E90A05FFF7E6FA06
:10D9B00004F120030FCB1A444DF62123043AC0F69C
:10D9C0000003FFF72FF94DF63952E061002704F10B
:10D9D0004400C0F600022146234684F8369084F8BD
:10D9E0003590C4E90E78C4F84080276384F8347019
:10D9F000C4E91C770097019700F016FB204603B09E
:10DA0000BDE8F0830024204603B0BDE8F08300BFEA
:10DA10002046FFF769FB0024204603B0BDE8F083F1
:10DA200070B540F27C10C2F200000568F2F710FCFD
:10DA30000446F2F70DFC296F064609B128468847CF
:10DA40003046F2F709FC2846FFF734FC042085F83D
:10DA5000340005F1440000F0CFFA2846FFF7C2FB7E
:10DA6000012809D12846FFF755FBFFF7BFFB2046E9
:10DA7000BDE87040F2F7F0BB40F28410C2F2000043
:10DA8000016845F8141F4D6005606860FFF7AEFB44
:10DA90002046BDE87040F2F7DFBB000040F284167C
:10DAA000C2F2000603E000BF2046F2F7D5FBF2F712
:10DAB000CFFB31680446B142F6D0D1E90020A1F194
:10DAC000140550604B6848691A60C1E90011FEF7FF
:10DAD0008FFD2846FFF708FBE6E7000010B584B08D
:10DAE00044F278324FF48071C2F2000240F2505496
:10DAF0001F20CDE90021C2F200044DF69D224FF017
:10DB0000200C029007A1C0F6000220460023CDF8A9
:10DB10000CC000F00BF8204604B0BDE8104000F047
:10DB2000BBB800BF7469646C650000002DE9F04764
:10DB300082B00DF1280A16460A46DDF834909AE8BC
:10DB4000800501211D460446FFF70CFB04F114007B
:10DB5000C4E90500384623214246C4E90865C4E902
:10DB60000A78FFF70BFA04F120030FCB1A444DF6A5
:10DB70002123043AC0F60003FFF754F84DF639525A
:10DB8000E061002704F14400C0F60002214623466C
:10DB900084F836A084F835A0C4E90E79C4F8409022
:10DBA000276384F83470C4E91C770097019700F06C
:10DBB0003BFA002002B0BDE8F087000080B500F01D
:10DBC00001F900F02DF8002080BD0000B0B504463A
:10DBD00090F8340000F00F0002281CBF4FF0FF3017
:10DBE000B0BDF2F735FB2246A16952F8143F054655
:10DBF0005960A16904F144000B60A261126000F059
:10DC000093FA2846F2F728FB2046FFF729FB00206D
:10DC1000B0BD000040F27C10C2F200000068704706
:10DC2000F0B581B00090F2F713FB40F27C11C2F224
:10DC300000010C68054694F8341001F00F01012929
:10DC400013D1F2F705FB06462046FFF733FB94F8A5
:10DC5000340000F0F000023084F8340004F1440095
:10DC600000F062FA3046F2F7F7FA04F144066A4629
:10DC700030460021002700F08BF9304600F0EEF925
:10DC80002846F2F7E9FAFFF7B1FA206B023008BF35
:10DC90002763002001B0F0BDB0B5044690F836000F
:10DCA000012184F8350001FA00F0A063022084F815
:10DCB0003400F2F7CDFA2246A16952F8143F054626
:10DCC0005960A16904F144000B60A261126000F088
:10DCD0002BFA2846F2F7C0FA2046FFF7C1FA40F2C5
:10DCE0007C10C2F200000068002818BFFFF77EFA1F
:10DCF0000020B0BDB0B5044690F8340000F00F002D
:10DD000001281CBF4FF0FF30B0BDF2F7A1FA054665
:10DD10002046FFF7CFFA94F8340000F0F00002300C
:10DD200084F8340004F1440000F0FEF92846F2F7CC
:10DD300093FA0020B0BD000080B50246816952F818
:10DD4000143F6FF0010C59608169C0F830C00B605E
:10DD500082611260FFF784FABDE88040FFF746BA9F
:10DD600010B5F2F775FA40F27C11C2F200010968B1
:10DD700091F8342002F00F02012A1FD10A4652F80E
:10DD800014CF53689C4519D0CCF8043091F835E095
:10DD900044F27823C2F2000303EBCE03D1F818E07B
:10DDA0008A615C68CEF800C022608C615A604B6169
:10DDB000F2F752FAFFF71AFA002010BDF2F74CFA08
:10DDC000002010BD002844BF4FF0FF30704744F6DC
:10DDD000D351C1F26201A0FB01239A094FF47A7377
:10DDE00002FB1300584300F2E730A0FB010102FBE5
:10DDF00003F000EB9110704744F27C40C2F2000047
:10DE00000068704780B544F27C40C2F200000168AF
:10DE100001310160FFF7FEFE016C0139016403D09E
:10DE2000BDE8804000F008B8C16B0164FFF798FFBF
:10DE3000BDE88040AFF300802DE9F04F83B00DF1D5
:10DE4000040BCDE901BBFFF7D7FF0546F2F700FA57
:10DE500040F28C18C2F20008414651F8047F00904D
:10DE60008F4200F08F804FF6FE76C7F6FF7608F1FE
:10DE7000040A18E05046D8F8001002680131C8F8CA
:10DE8000001017F80B1C57603A600760786041F08B
:10DE9000010007F80B0C4846F2F7DEF9404650F84F
:10DEA000047F87426ED07869281AB0426AD8D7E9D1
:10DEB000001048607A6817F80B0C116081073F600A
:10DEC0005CBF00F0FE0007F80B0C0198476038605B
:10DED000D7E902100197C7F804B08847FFF78CFF15
:10DEE000019905465945D9D0D7E9000141607968C3
:10DEF0007F60086017F80B0C3F6000F003010329F6
:10DF0000CCD100F0FE0007F80B0CF2F7A1F9D7E92D
:10DF1000001281464A6017F80B0C7A6800F0FE0088
:10DF200011603F607F6007F80B0CFFF765FF3A69EF
:10DF3000D8F808101044514578619BD0C243504630
:10DF400003685C691444B44295D3994215D01868AB
:10DF500044691444B44213D381420ED003685C690F
:10DF60001444B442FFF487AF994206D0186844695C
:10DF70001444B44204D38142E2D108467BE700BF97
:10DF8000184678E70098F2F767F903B0BDE8F08F1C
:10DF900070B514460E460546F2F75AF9042E07D816
:10DFA000DFE806F0040A1018200000BF216869624B
:10DFB000F2F752F9002070BD696A2160F2F74CF95E
:10DFC000002070BD697A01F0FD016972F2F744F931
:10DFD000002070BD697A41F002016972F2F73CF9E4
:10DFE000002070BD697AC9070CBF002101212160A2
:10DFF000F2F732F9002070BD10B50446F2F728F9A7
:10E000002246A16952F8143F5960A169A2610B60D0
:10E01000617A126001F0FE016172F2F71DF920468B
:10E02000FFF778F8002010BD2DE9F04115460A46AB
:10E03000DDE906870A211C460646FFF793F807F03C
:10E04000FE007072002006F11401C6E90511C6E950
:10E050000754C6E90980BDE8F08100002DE9F041D0
:10E060000446F2F7F5F8264656F8141F8046726803
:10E0700016F80B0C4A60726800F0FE001160366002
:10E08000766006F80B0CFFF7B7FE40F28C1CC2F26C
:10E09000000C3169DCF808700CF10402014497426D
:10E0A00071612CD04FF6FE75CB43C7F6FF75116832
:10E0B00048691844A84222D38F4217D00A68506991
:10E0C0001844A84214D3974214D0116848691844E0
:10E0D000A84214D38F420FD00A6850691844A8424E
:10E0E0000CD39742E3D13A4609E000BF3A4606E036
:10E0F0000A4604E03A4602E03A4600E00A46DCF806
:10E10000000011680130CCF80000607A4E6040F0E9
:10E1100001006072404661611660A261F2F79CF8EE
:10E120000020BDE8F081000010B50446407AC00729
:10E1300004BF4FF0FF3010BDF2F78AF854F8141FF7
:10E1400062684A6062686460116014F80B1C2460A5
:10E1500001F0FE0104F80B1CF2F77EF8002010BD60
:10E160002DE9F04F85B09B46144600EB010A4FF0B5
:10E1700020090391002948BF4FF0FF3A049002E0C4
:10E18000411C013408462178252907D0002900F0D8
:10E19000E983504538BF0170F2E700BF0234002127
:10E1A00014F8012CA2F12007102F00F26D8010232B
:10E1B000DFE807F00A6A6A0C6A6A6A6A6A6A6A0EC3
:10E1C0006A126A6A100000BF082305E0202303E0FA
:10E1D000042301E0012300BF22781943A2F12007A4
:10E1E000102F00F28D801023DFE807F00A8A8A0CD6
:10E1F0008A8A8A8A8A8A8A0E8A128A8A100000BFCC
:10E20000082305E0202303E0042301E0012300BFED
:10E2100062781943A2F12007102F00F29980102391
:10E22000DFE807F00A96960C969696969696960EC6
:10E2300096129696100000BF082305E0202303E005
:10E24000042301E0012300BFA2781943A2F12007B3
:10E25000102F00F285801023DFE807F01082821271
:10E26000828282828282820E820A8282140000BFAF
:10E270001943043494E700BF0423F9E70823F7E7C0
:10E280002023F5E70123F3E7A31E013CA2F13007A9
:10E29000092F3AD80234002606EB860302EB43032B
:10E2A00014F8012CA3F13006A2F13007092F5FD832
:10E2B00006EB860302EB43032278A3F13006A2F1BA
:10E2C0003007092F56D806EB860302EB430362782A
:10E2D000A3F13006A2F13007092F00F2A38006EB6C
:10E2E000860302EB4303A278A3F13006A2F13003C8
:10E2F0000A2B04F10404CFD3023C2E2A3CD018E0B0
:10E30000631EA2F13007092FC4D92A2A0CD15BF869
:10E31000046B9C1CB6F1FF3FDCBF764241F010015C
:10E3200022782E2A28D004E022784FF0FF362E2AB9
:10E3300022D04FF0FF3E42F004036C2B40F07E8071
:10E3400014F801CFACF12505532D40F27E80E5E0B5
:10E3500023460134A2F13007092FD6D89AE700BF2F
:10E36000631C0234A2F13007092F93D9CDE700BF17
:10E37000013C00BF2E2ADCD1234613F8012FA2F165
:10E380003007092F36D80234002300BF03EB830384
:10E3900002EB43032278303BA2F13007092F46D825
:10E3A00003EB830302EB43036278303BA2F13007B7
:10E3B000092F3BD803EB830302EB4303A278303BE6
:10E3C000A2F13007092F00F22F8103EB830302EB48
:10E3D0004303E278303BA2F130070A2F04F1040432
:10E3E000D4D3013C23EAE37E42F004036C2BA7D094
:10E3F00024E000BF2A2A0BD114F8022F5BF8043B5B
:10E4000023EAE37E42F004036C2B99D016E000BFB0
:10E410004FF0000E1C4642F004036C2B3FF490AF0B
:10E420000CE000BF01342E2AA6D082E7013423EA93
:10E43000E37E42F004036C2B3FF482AF944600224B
:10E44000ACF12505532D00F269800A23DFE815F0B1
:10E45000540066006600660066006600660066009E
:10E46000660066006600660066006600660066007C
:10E47000660066006600660066006600660066006C
:10E48000660066006600660066006600660066005C
:10E49000660066006600660066006600660066004C
:10E4A000660066006600660066006600660066003C
:10E4B000660066006600780066006600660066001A
:10E4C0006600660066006600660066008C005A0002
:10E4D00066006600660066005A0066006600660018
:10E4E00066006600A800AC0066006600BE0066001C
:10E4F0007B00660066007A0050453CBF2521017014
:10E500003EE600BF41F002010A23682A1DD1BBF894
:10E5100000208F0748BF12B21AE000BF504503D257
:10E520002521017094F800C0BCF1000F00F1010139
:10E5300000F08680514538BF81F800C0811C20E67C
:10E5400041F040011023682AE1D06C2ADBF800205A
:10E550000BF1040BCFB25146CDE9006E0297FCF7E8
:10E5600057F901460DE600BFC90667D4022EA6F191
:10E570000103C0F28D8013F00307A6F1020200F040
:10E58000E780504538BF80F80090012F00F101016D
:10E5900040F0EA801346032A80F010812AE100BF90
:10E5A0000823682AD1D1B2E7721CB2FA82F24FEA8C
:10E5B000521241EA020108BF08265BF8042BCFB2D1
:10E5C000CDE9006E51461023C8E700BF5BF8048B0D
:10E5D00042F21C22B8F1000FC0F6010208BF9046BB
:10E5E00086B3C6F1000C002218F802305BB30CEBC6
:10E5F00002035D1C15D008EB02077D78002D00F0AA
:10E60000BF809D1C0DD0BD78002D00F0BB80033372
:10E6100007D0FB78002B00F0C78004321CEB02030C
:10E62000E2D132460FE000BF023423EAE37E42F03B
:10E6300004036C2B3FF484AE00E700BF0146DAE030
:10E64000013C9EE5002272459446C8BFF446BEF1E7
:10E65000000FD8BF9446C9061FD46645A6F1010233
:10E660001ADDA6EB0C0111F0030775D0504538BF39
:10E6700080F80090012F00F1010140F08580B21E6A
:10E680006FEA0C003044032880F0FD8016E100BFE3
:10E6900001461E46AFE000BF1646BCF1010FC0F2B6
:10E6A0001481ACF10101032904D21CF0030234D11E
:10E6B0000CE100BF2CF00302002102E004318A4289
:10E6C00024D0471857453CBF18F801303B707B1CDD
:10E6D00053450BD208EB01056D781D70BB1C5345EB
:10E6E00007D3FB1C5345E9D20AE000BFBB1C5345CE
:10E6F000F7D208EB0105AD781D70FB1C5345DDD248
:10E7000008EB0107FF781F70D8E700BF8844014479
:10E7100008461CF0030200F0D98050453CBF98F831
:10E7200000100170012A00F1010100F0CF80514575
:10E730003CBF98F801300B70022A00F1020100F092
:10E74000C58051453CBF98F802200A70C11CBDE04D
:10E750000146032A32D24DE001466FEA0C003044F4
:10E76000032880F09080A9E0514538BF81F80090DF
:10E77000022F00F1020119D1F31E032A1ED239E043
:10E78000013260E702325EE7514538BF81F8009000
:10E79000022F00F102016BD1F21E6FEA0C0030442F
:10E7A000032870D28AE000BF03324CE7514538BFDE
:10E7B00081F80090C11C331F032A1BD3181D00BF12
:10E7C000514501F1010238BF81F80090524538BF30
:10E7D00082F800908A1C524538BF82F80090CA1C0B
:10E7E0005245A0F1040038BF82F80090042801F1DE
:10E7F0000401E5DC002651453CBFDBF80000087051
:10E80000022E0BF1040B2FDB043100BFC81E504554
:10E8100038BF01F8039C032EA1F10200FFF4A1AE62
:10E820005045A6F1040038BF01F8029C10F1040F16
:10E83000A1F1010276D85245A0F1010038BF01F8DC
:10E84000019C10F1040F3FF69CAC5145A0F1010270
:10E8500038BF81F80090043112F1030F00F1010676
:10E86000D4D30339FFF78DBC0131FFF78ABC00BF59
:10E87000514538BF81F80090C11C321F6FEA0C006F
:10E88000304403281AD3501C514501F1010238BF0E
:10E8900081F80090524538BF82F800908A1C52459A
:10E8A00038BF82F80090CA1C5245A0F1040038BF5E
:10E8B00082F80090844501F10401E5DBACF101062A
:10E8C0000846BCF1010FBFF6ECAE014666457FF786
:10E8D00058ACA6EB0C0010F0030009D0514538BF2E
:10E8E00081F80090012801F1010205D1701E13E0AA
:10E8F00030460A4610E000BF524538BF82F800900B
:10E90000022801F1020201D1B01E05E0524538BFD4
:10E9100082F80090F01ECA1C6FEA0C0131440329F2
:10E92000114603D21146FFF72CBC00BF514501F13F
:10E93000010238BF81F80090524538BF82F800903C
:10E940008A1C524538BF82F80090CA1C5245A0F17B
:10E95000040038BF82F80090844501F10401E5DB32
:10E96000FFF70FBC0399049B002948BFD94331B17D
:10E9700001460022504528BFAAF101010A70C01AC1
:10E9800005B0BDE8F08F0000002070470020704700
:10E990000020704700207047F0B581B0044608465B
:10E9A0000E46F1F7A7FF07460230F1F7CBFC98B10E
:10E9B00031460546F1F77AFF0A20E853781C82B207
:10E9C000204629464FF0FF33F5F7EEFA284601B00E
:10E9D000BDE8F040F1F7E5BC02A001B0BDE8F040B1
:10E9E000FEF75AB9E58685E5AD98E58886E9858D17
:10E9F000E5A4B1E8B4A5EFBC810A0000F0B585B08C
:10EA000006460D461EA031461446FEF745F924A1E0
:10EA10000DF10D020DF106033046F1F781FE0228DB
:10EA200028D10DF10D0000211022F1F707FF42F26D
:10EA30007A16C0F601060146009030462A46FEF7D7
:10EA40002BF96F46284639460422F7F7A3FF0DF14C
:10EA5000060000211022F1F7F1FE01460090304639
:10EA60002246FEF719F9204639460422F7F792FFAD
:10EA700005B0F0BD0EA0FEF70FF905B0F0BD00BF68
:10EA8000E8BE93E585A5E79A84E9A29CE889B2E50A
:10EA9000AD97E7ACA6E4B8B23A2025730A000000AF
:10EAA0005B232536732C20232536735D0000000080
:10EAB000E8A7A3E69E90E9A29CE889B2E5AD97E7B6
:10EAC000ACA6E4B8B2E5A4B1E8B4A5EFBC810A00F5
:10EAD00080B540F2002044F20041C2F20000C4F2CE
:10EAE000000100234FF00C0C4FF4E13280E80E00DF
:10EAF000C0E90333C0E905C3C361F5F7FBF808B10A
:10EB0000FEE700BF002080BD2DE9F04790460A4691
:10EB100001460020F7F784FB18F101014FEA104E7F
:10EB200000F0AC8040F25C2C4FF010094FF6FF7AF9
:10EB30000024C2F2000C0025102612E0788B1FFA88
:10EB40008AF100281ABF01387883002083B28B42F3
:10EB50003CBF914682462034802C05F1040500F02C
:10EB600080803CF804000CEB0407864500F096809A
:10EB70007A6886F0100060EA02000028304608BF7C
:10EB80002846013210D0788800281ABF421E7A80A9
:10EB900000221FFA8AF091B281423CBFA9469246F8
:10EBA0003889864504D17FE00646388986457BD082
:10EBB000F96886F0100060EA01000028304605F18F
:10EBC000010208BF1046013110D078891FFA8AF17E
:10EBD00000281ABF01387881002083B28B423CBFE5
:10EBE00091468246388A864504D163E00646388AD3
:10EBF00086455FD0796986F0100060EA0100002840
:10EC0000304605F1020208BF1046013110D0788A63
:10EC10001FFA8AF100281ABF01387882002083B2D7
:10EC20008B423CBF91468246388B864504D147E0F3
:10EC30000646388B864543D0F96986F0100060EAB5
:10EC400001000028304605F1030208BF10460131DB
:10EC50007FF474AF06462034802C05F104057FF460
:10EC600080AF0F2E38D80CEBC6000021C0F804800E
:10EC70002CF836E04180BDE8F08700BF40F25C220E
:10EC8000C2F200021088002186454FF0000300F018
:10EC900080801089864519D101237AE0381DC0F89B
:10ECA0000080BDE8F08700BF07F10C00C0F80080CD
:10ECB000BDE8F08707F11400C0F80080BDE8F087D8
:10ECC00007F11C00C0F80080BDE8F087108A864577
:10ECD00012D102235DE000BFB9F10F0F88BFBDE87C
:10ECE000F0870CEBC9000021C0F804802CF839E053
:10ECF0004180BDE8F08700BF108B864502D1032319
:10ED000047E000BF108C864502D1042341E000BFDC
:10ED1000108D864502D105233BE000BF108E86454D
:10ED200002D1062335E000BF108F864502D10723AC
:10ED30002FE000BFB2F84000864501D1082328E04B
:10ED4000B2F84800864501D1092322E0B2F850000C
:10ED5000864501D10A231CE0B2F85800864501D14E
:10ED60000B2316E0B2F86000864501D10C2310E0B9
:10ED7000B2F86800864501D10D230AE0B2F87000B0
:10ED8000864501D10E2304E0B2F878008645B0D163
:10ED90000F2302EBC3004FF0FF3242604180BDE819
:10EDA000F0870000B0B540F2A01EC2F2000EDEF8FF
:10EDB000283081420ED900F500628A420AD9834286
:10EDC0000ED10EF128024FF0000C10600EEBCC00BB
:10EDD000C162B0BD834223D10EF128012FE000BFF4
:10EDE000724652F8304F4FF0010C8442EDD0B3F12F
:10EDF000FF3518BF01255A1C08BF4FEA850C621C5D
:10EE0000724652F8383F18BF4FEA850C83421BD137
:10EE10004FF0020C10600EEBCC00C162B0BD00BF21
:10EE2000714651F8302F824209D0714651F8382F7F
:10EE3000824204D05EF8401F8142714625D14FF0D6
:10EE4000FF300860B0BD00BF8CF0040262EA03022C
:10EE5000002A724652F8403F08BF4FF0020C83422E
:10EE600006D14FF0030C10600EEBCC00C162B0BDB8
:10EE70005A1C08BFBCF1040F08D0BCF1030F88BFB7
:10EE8000B0BD0EEBCC02C2E90A01B0BD4FF0030CDD
:10EE9000F7E7000080B5FEF7F1FA002080BD000022
:10EEA0002DE9F04F89B00C460021002205460027CD
:10EEB000FDF7F0F904200790032001264FF0020827
:10EEC00003900DF12009284600212246C823089608
:10EED000CDE90478CDF800900196F6F733FB0DF1FB
:10EEE0001C0A284600212246C823CDF800A001961E
:10EEF000F6F728FB0DF1100B284600212246C82307
:10EF0000CDF800B0CDF80480F6F71CFB03AF28461F
:10EF100000212246C82300970196F6F713FBC8206C
:10EF2000FEF74CFE284621460022C823CDF800906B
:10EF30000196F6F707FB284621460022C823CDF8A4
:10EF400000A00196F6F7FEFA284621460022C823C3
:10EF5000CDF800B0CDF80480F6F7F4FA2846214643
:10EF60000022C82300970196F6F7ECFAC820FEF7B6
:10EF700025FE09B0BDE8F08F2DE9F04F89B01446A9
:10EF80000E460021002205464FF00008FDF782F9E9
:10EF9000042007900220CDE9048003204FF00109EE
:10EFA00003900DF1200A284600213246C823CDF8EF
:10EFB0002090CDF800A0CDF80490F6F7C3FA0DF13B
:10EFC0001C0B284600213246C823CDF800B0CDF8EE
:10EFD0000490F6F7B7FA0DF11008284600213246E2
:10EFE000C8230227CDF800800197F6F7ABFA03A8F3
:10EFF0000090284600213246C823CDF80490F6F749
:10F00000A1FA6420FEF7DAFD284631462246C823DD
:10F01000CDF800A0CDF80490F6F794FA28463146D2
:10F020002246C823CDF800B0CDF80490F6F78AFA4E
:10F03000284631462246C8230227CDF80080019792
:10F040004FF0020AF6F77EFA03AF28463146224611
:10F05000C8230097CDF80490F6F774FAC820FEF79D
:10F06000ADFD08A80090284621460022C823CDF80F
:10F070000490F6F767FA284621460022C823CDF807
:10F0800000B0CDF80490F6F75DFA2846214600223C
:10F09000C823CDF80080CDF804A0F6F753FA28462F
:10F0A00021460022C8230097CDF80490F6F74AFACB
:10F0B000C820FEF783FD09B0BDE8F08F5FEA400C81
:10F0C00008BF91F0000F4FEA8C234FEAC12243EAB8
:10F0D00051514FEA1C5018BF00F5F0404FEA300084
:10F0E00018BF41F000415FEA6C5C00F02980BCF180
:10F0F000FF3F08BF40F080407047130C06BF12046A
:10F100004FF0100C4FF0000C130E04BF12020CF164
:10F11000080C130F04BF12010CF1040C930F04BF71
:10F1200092000CF1020CD30F04BF52000CF1010C41
:10F1300011464FF00002A0F11F00A0EB0C00704739
:10F1400011F0004F08BF704731F000413FF4D5AFD8
:10F150000B0C06BF09044FF0100C4FF0000C0B0E07
:10F1600004BF09020CF1080C0B0F04BF09010CF1DC
:10F17000040C8B0F04BF89000CF1020CCB0F04BFF1
:10F1800049000CF1010CCCF1200322FA03F341EA0F
:10F19000030102FA0CF2A0EB0C0000F10100704731
:10F1A00023F07F4720F07F4C80EA030000F000400E
:10F1B000ACEB070303F57C5303F1FF032DE9804912
:10F1C00009B44FEA144324EA03484FEA154B25EAF1
:10F1D0000B4E0FF2042606EB13273E7803FB06675F
:10F1E000C7F5000707FB06F64FEAD64606F102060A
:10F1F0004FEA543707FB066CCCF1005C4FEA1C4722
:10F200002CEA074C0CFB06F507FB06F404EB15464D
:10F210004FEA961649085FEA320234BF00204FF0E9
:10F2200000404FEAD13706FB07FC4FEA1C4C0CFBB1
:10F230000BF7D21B03FB0CF761EB07010CFB0EF77E
:10F24000B0EB074072EB17420CFB08F734BFA2EBA0
:10F250000742B2EB074261EB17414FEA0C444FEA19
:10F26000910706FB07FC4FEA1C4C0CFB0BF7B0EBBD
:10F27000C74072EB573203FB0CF734BFA2EBC74217
:10F28000B2EBC74261EB57310CFB0EF7B0EBC70096
:10F2900072EB57720CFB08F734BFA2EBC702B2EB5C
:10F2A000C70261EB57714FEA816141EA92114FEA5F
:10F2B000826242EA90124FEA806004EBCC04039F22
:10F2C0004FEAD13706FB07FC4FEA1C4C0CFB0BF74F
:10F2D000D21B03FB0CF761EB07010CFB0EF7B0EB45
:10F2E000074072EB17420CFB08F734BFA2EB074252
:10F2F000B2EB074261EB17414FEA8C5504EB9C24BB
:10F300004FEA910706FB07FC4FEA1C4C0CFB0BF77E
:10F31000B0EBC74072EB573203FB0CF734BFA2EBE4
:10F32000C742B2EBC74261EB57310CFB0EF7B0EBB3
:10F33000C70072EB57720CFB08F734BFA2EBC70291
:10F34000B2EBC70261EB57714FEA816141EA92115A
:10F350004FEA826242EA90124FEA806015EB4C2538
:10F3600044F100044FEAD13706FB07FC4FEA1C4C7E
:10F370000CFB0BF7D21B03FB0CF761EB07010CFB3B
:10F380000EF7B0EB074072EB17420CFB08F734BFE7
:10F39000A2EB0742B2EB074261EB17414FEA813122
:10F3A00041EA92414FEA823242EA90424FEA80308B
:10F3B0004FEA0C7615EB1C1544F1000448EA0343B0
:10F3C0004EEA0B484FF0000EB2EB080C71EB03074E
:10F3D00024BF624639464EEB0E0E4FF0000B00186C
:10F3E000524149414BEB0B0BB2EB080C71EB03079D
:10F3F0007BF1000B24BF624639464EEB0E0E4FF0F8
:10F40000000B0018524149414BEB0B0BB2EB080CBF
:10F4100071EB03077BF1000B24BF624639464EEBCC
:10F420000E0E51EA020718BF46F0010616EB0E76E3
:10F4300055F1000254F1000103D5BDE88901BDE892
:10F440000088BDE88901BDE80048B619524141EB8A
:10F450000101A3F10103704780807F7E7D7C7B7A70
:10F460007978777676757473727171706F6E6E6D70
:10F470006C6C6B6A6A696868676666656464636316
:10F4800062616160605F5F5E5E5D5D5C5C5B5B5A9C
:10F490005A59595858575756565555555454535309
:10F4A00052525251515050504F4F4F4E4E4D4D4D64
:10F4B0004C4C4C4B4B4B4A4A4A49494948484847AF
:10F4C00047474746464645454544444444434343ED
:10F4D00043424242424141419C46002B30D4770096
:10F4E0002BD04FEA37071CB503B44FF010004FF094
:10F4F0001001BAF1000F06D0BCF1000FDCBF40F0E4
:10F50000080040F008014FF000000FBCBDE81040BB
:10F510000BF1010BBBF1010F08BF5FEA170722BF18
:10F5200012F1010211F101014FF0004143F100031A
:10F5300000F0004043EA00007047F9D35708D0E7D5
:10F5400046EA06464FEA164613F1400F1FDD13F157
:10F55000200FDFBF16430A46002120335B42BED096
:10F56000C3F1200746EA06464FEA164602FA07F7B5
:10F5700046EA070622FA03F2C3F1200701FA07F769
:10F5800042EA070221FA03F14FF00003A7E746EA37
:10F59000020646EA06464FEA164646EA0106BCBFA0
:10F5A00046EA0646360C4FF000034FF000024FF0DB
:10F5B000000194E72DE9804C70B49A46934691E897
:10F5C000380007C831EA400C48BF34EA430C03D581
:10F5D000FFF7E6FDFFF780FFF0BCBDE8008C2DE9EA
:10F5E000804C70B49A46934691E8380007C810F0F2
:10F5F000804F08BF13F0804F03D100F005F8FFF7EC
:10F600006BFFF0BCBDE8008C20F07F4723F07F4CFF
:10F6100080EA030000F0004007EB0C03A3F57C53E5
:10F62000A3F1FE0392F0000F00F0B38095F0000FFD
:10F6300000F077802DE901494FEA114021EA0048A6
:10F640004FEA144624EA064700FB06FC08FB06F6D0
:10F6500007FB08F818EB06484CEB164C00FB07F7C5
:10F6600018EB07484CEB17404FEA124B22EA0B4EBF
:10F670004FEA154625EA06470BFB06FC0EFB06F68D
:10F6800007FB0EFE1EEB064E4CEB164C0BFB07F772
:10F690001EEB074E4CEB174B18EB0B0840F100002C
:10F6A00018EB0E0B58EB000840F100008F1A4FF0DA
:10F6B00000014FF000063CBFC943661B14BFB5EB09
:10F6C000040C00213CBFC943F61B4FEA174427EA4C
:10F6D00004454FEA1C472CEA074C04FB076205FB74
:10F6E00007F70CFB05F616EB074642EB174204FB47
:10F6F0000CFC16EB0C4642EB1C421BEB060658EBCF
:10F70000020241414EEA8E0E46EA9E0601D5BDE850
:10F710000189B619524141EB0101A3F10103BDE892
:10F7200001894FEA144524EA05464FEA114721EAC8
:10F73000074C05FB07F406FB07F70CFB06F111EB82
:10F74000074144EB174405FB0CFC11EB0C4144EB67
:10F750001C444FEA124722EA074C05FB07F206FB5E
:10F7600007F70CFB06F616EB074642EB174205FBC4
:10F770000CFC16EB0C4642EB1C456A1854F10001D8
:10F7800048BF7047B619524141EB0101A3F1010393
:10F79000704795F0000F37D04FEA114221EA024638
:10F7A0004FEA144724EA074C02FB07F106FB07F770
:10F7B0000CFB06F414EB074441EB174102FB0CFC75
:10F7C00014EB0C4441EB1C414FEA154725EA074C6A
:10F7D00002FB07F506FB07F70CFB06F616EB0746E0
:10F7E00045EB174502FB0CFC16EB0C4645EB1C42A7
:10F7F000121951F1000148BF7047B619524141EB4F
:10F800000101A3F1010370474FEA144524EA0546BC
:10F810004FEA114721EA074C05FB07F106FB07F702
:10F820000CFB06F212EB074241EB174105FB0CFC07
:10F8300012EB0C4251EB1C414FF0000648BF7047E1
:10F84000921841EB0101A3F101037047490050EA0E
:10F85000C12018BF04204A0D18BF40F0010040F23B
:10F86000FF72B2EB515F08BF40F00200012808BFF1
:10F87000052070472DE9F0414F1E00EBC7010446FB
:10F88000D1E9000115461E4637F006020DD02A4682
:10F89000334601F033F97F1E04EBC703D3E900239D
:10F8A00000F01CFE37F00602F1D1022F25D0042F04
:10F8B00013D0062F18BFBDE8F0812A46334601F069
:10F8C0001DF9D4E90A2300F009FE2A46334601F067
:10F8D00015F9D4E9082300F001FE2A46334601F069
:10F8E0000DF9D4E9062300F0F9FD2A46334601F06C
:10F8F00005F9D4E9042300F0F1FD2A46334601F06E
:10F90000FDF8D4E9022300F0E9FD2A46334601F070
:10F91000F5F8D4E90023BDE8F04100F0DFBD0000B8
:10F92000002213461046014900F094BE0000F03F4B
:10F9300000F0D4BD002213461046114600F08ABEE6
:10F9400040F2013200204FF0E04101F0F6BE00002D
:10F95000024A0020110701F0F0BE000001FDFFFF88
:10F9600030380A2801D2012070470020704700007B
:10F970002DE9F041C1F30A52A2F2FF362F4A304B73
:10F980000D460446142E2FDA002E12DA00F0A6FDE2
:10F990000022134601F0B0F94CD2002DA4BF002480
:10F9A000254647DA25F00040204318BF254D41D0B9
:10F9B00018E0DFF894C02CFA06F705EA070C5CEAB9
:10F9C000040C08BFBDE8F08100F088FD002213465A
:10F9D00001F092F92ED2002D03DA4FF48010F0409E
:10F9E0000544BD43002425E0332EC8BFBDE8F081A7
:10F9F000A6F1140C4FF0FF3727FA0CF73C4208BF72
:10FA0000BDE8F08101F0AEF90022134601F074F96F
:10FA100010D2002D0DDA142E08BF6D1C09D0C6F1CE
:10FA20003400012101FA00F02044A04238BF6D1CCF
:10FA30000446BC4329462046BDE8F0819C750088F9
:10FA40003CE4377E0000F0BFFFFF0F002DE9F04DD2
:10FA50001D460C4694B0174621F0004123F00043A8
:10FA6000002814BF4FF0010C4FF0000C0CEB440CBD
:10FA7000FB4A0CEB02064FEA620C66452BD33E00B4
:10FA800018BF012606EB45061644F64A964222D3D5
:10FA9000F54A53EA070C02D0944205D148B914B094
:10FAA00000201146BDE8F08D002808BF4FF0000C83
:10FAB00001D04FF0010C0CEB440212F5001F0AD8E4
:10FAC000002F14BF4FF0010C4FF0000C0CEB45025F
:10FAD00012F5001F07D914B03A462B462146BDE85F
:10FAE000F04DFFF725BF0022DFF880A3002CB8BF40
:10FAF000534526DADFF878C36345A8BF022220DA2F
:10FB0000DFF864C39C451CDCDFF868C30CEB235CA6
:10FB1000BCF1140F08DDCCF1340627FA06FC0CFA10
:10FB200006F6BE420DD108E05FB9CCF1140623FA07
:10FB300006FC0CFA06F69E4203D10CF00102C2F15B
:10FB4000020251EA000C19D1002D17DA002C18BF5F
:10FB5000022A01D0012A07D00220F1F76EF814B072
:10FB6000BDE8F04DFFF7DCBE0220F1F766F8FFF7C5
:10FB7000D7FE14B081F00041BDE8F08DB7F1000C64
:10FB80006CD1534525D104F1804212F5801201BF9A
:10FB900000280020B44914B008BFBDE8F08DB24879
:10FBA000884207DC002DA1BF6046294614B0BDE89D
:10FBB000F08D07E0002DBFBF604685F0004114B016
:10FBC000BDE8F08DAC497944D1E9000114B0BDE83D
:10FBD000F08DDFF894C2634525D1002D1FDA19B1ED
:10FBE000514512D1D8B909E0002840F0F6829F4A69
:10FBF000214614B062F31E01BDE8F08D00202146BD
:10FC000014B060F31E01BDE8F08D08DA14B023468D
:10FC1000BDE8F04D02460020614600F01BBD14B067
:10FC20002146BDE8F08D514518DAB5F1804F0DD071
:10FC3000A5F1005CBCF1FF5C10D1B4F1000C0DDB50
:10FC400014B06146BDE8F04D00F0F6BB234614B099
:10FC50000246BDE8F04D194600F050BF060024F002
:10FC6000004C3BD1D9B1514533D1002C06DD002DDC
:10FC7000A1BF0020514614B0BDE8F08D002C01DD7D
:10FC8000002D1BDB002C13DA002D11DB012A4FF0B5
:10FC9000000014BF7549794914B0BDE8F08D022AFF
:10FCA00018BF002C0AD0012A08D1002C06DA0AE07D
:10FCB000002CB8BF002D11DA012A04D0002014B0A6
:10FCC0000146BDE8F08D14B000204FF00041BDE8C2
:10FCD000F08DA1F14050B0F17F601AD0012000EB0F
:10FCE000E47050EA020421D05F4C521E4FF0000B2A
:10FCF000104304BF4FF0000B614C624883427DDD2E
:10FD0000614A6248934229DD884217DB002D2FDBD0
:10FD100041E0002C00DA4AB1022A0CBF01204FF06A
:10FD2000FF3014B0BDE8F04D00F059BE0120F0F7EF
:10FD300084FF14B0BDE8F04DFFF7FCBD4A4A8A428B
:10FD40000CDC002D14DC0220F0F777FFFFF700FE3B
:10FD500061F31E0414B02146BDE8F08D814202DA41
:10FD6000002D18DA04E0404B994220DD002D12DD11
:10FD70000220F0F762FFFFF7E3FD05460E46002282
:10FD800053465846214600F0B9FE14B066F31E01F2
:10FD90002846BDE8F08D0220F0F74FFFFFF7D8FDB1
:10FDA0000A46214614B062F31E01BDE8F08D002220
:10FDB0003046614601F0C8F8064688466FF00102F9
:10FDC00001F0BBFC4FF05532314B00F0CBFF324617
:10FDD000434600F093FE00222E4B00F0C3FF8A46FC
:10FDE0003246434602901046194600F087FE5346BD
:10FDF000029A00F083FE8246324600E054E005910C
:10FE000043464FF0C040244900F078FECDE90C0194
:10FE1000224A214B5046059900F070FE824601911E
:10FE20001F4A204B3046414600F068FE5246019B77
:10FE300001F08AF882460B4602460991DDE90C0181
:10FE400000F04CFBDDE90C2300268846304601F02B
:10FE50007BF85246099B00F085FF024600F07EB910
:10FE6000FFFF1F00FFFF0F000000F03F0000F07FCA
:10FE70000000404301FCFFFFBE1C00000000F0FF3B
:10FE80000000F0BF0000E0410000F043FFFFEF3F43
:10FE90005555D53F0000E03F4715F73FFE822B65E3
:10FEA00044DF5DF80BAE543E0020B1F5801F07DA49
:10FEB00035223046614601F040FC06466FF03400C2
:10FEC00000EB2150A0F2FF300190C1F3130040F08D
:10FED0007F6141F040510291FE498842D8BF002025
:10FEE00004DDFD498142C8BF012001DD0F9008E01B
:10FEF00000200F900198401C01900298A0F58010FE
:10FF000002900299F548784405910F9900EBC100E1
:10FF10001290D0E900233046059901F015F8CDE99B
:10FF20000C011298D0E900233046059900F0D6FA6A
:10FF300002460B460020EA4900F08CFB0B46CDE957
:10FF400008010246DDE90C0100F0D8FD0A90E54801
:10FF50008A464FF0000878440299006810904FF0EC
:10FF6000005040EA61010F9801EB804000F500214C
:10FF700012981191D0E90023109800F0E5FF324665
:10FF8000059B00F0EFFE4246534600F0B7FDDDE969
:10FF90001023064603914046514600F0AFFDDDE9CF
:10FFA0000C2300F0DFFE3246039B00F0CDFFDDE9BD
:10FFB000082300F0A3FD03910A9A129053461046BD
:10FFC000194600F09BFD06460246C7480B460291C3
:10FFD00006217844FFF74EFC029B324605910890BB
:10FFE0001046194600F08AFD059B089A00F086FD30
:10FFF000064609915346404619460A9A00F06EFAA1
:020000040801F1
:10000000039B129A00F07AFD3246099B00F066FAD3
:10001000CDE90801424653461046194600F06EFDF0
:1000200002460B46029104900020B04900F056FAB7
:10003000DDE9082300F052FA0E464246AB4B40463B
:1000400000F082FF029B049A00F07EFFDDE90823A6
:1000500000F088FE42460491029033461046514615
:1000600000F04CFDCDE90C0153460A9A0499029820
:1000700000F044FD824600913346424603991298AF
:1000800000F03CFD5246009B00F028FA82460B46E9
:1000900002460991DDE90C0100F020FADDE90C23AC
:1000A00000268846304600F04FFF5246099B00F07C
:1000B00059FECDE90801434632464FF060408C4975
:1000C00000F01CFD82460491DDE90801894A884B55
:1000D00000F014FD0291009043463246864887495D
:1000E00000F00CFD029B009A00F0F8F9844B7B4471
:1000F0000F9A03EBC203D3E9002300F0EFF900905D
:100100000291019800F06BFC0E9003915046029B07
:10011000009A049900F0E2F97A4A7A440F9B02EBC4
:10012000C3030993D3E9002300F0D8F9039B0E9A87
:1001300000F0D4F988463046039B0E9A00F004FF85
:10014000099BD3E9002300F0FFFE5246049B00F018
:10015000FBFE029B009A00F005FE024600200B46C3
:1001600002903846294600F0C9FC824603912B468E
:1001700038461946029A00F0E7FE3246434600F040
:10018000BDFC5246039B00F0A9F907468A46324659
:1001900043462946029800F0B1FC05460E463A4611
:1001A000534600F09BF9584A8846914221DBA8EB60
:1001B000020353EA000210D12A46334600F0C4FE7F
:1001C000CDE90310514A524B3846514600F086F9AA
:1001D000DDE9033200F090FD21D20220F0F72DFD81
:1001E000FFF7AEFB0A46214614B062F31E01BDE8DC
:1001F000F08D484B28F000429A4210D3464A08EB53
:10020000020353EA00027FF4C6AD2A46334600F0EB
:100210009BFE3A46534600F06FFD7FF6BCAD0022D0
:10022000019228F000403D493D4A01EB20518242B5
:1002300023DA481C4FF4801121FA00F04044394A77
:10024000C0F30A517A44384BA1F2FF31CB4020EA87
:100250000303C0F3130040F48010C1F11401C8403F
:1002600012680190B8F1000FBCBF404201902846CF
:10027000314600F069FE05460E462A4633463846AA
:10028000514600F02BF94FF000084246274B4046FC
:10029000039100F033FCCDE90C01254A254B404683
:1002A000039900F02BFC029100902A463346404609
:1002B000039900F049FE3A46534600F053FD1E4AAA
:1002C0001E4B00F01BFC029B009A00F007F907464A
:1002D000884635E08E9803007AB60B00F6180000C9
:1002E0000000F03F2E1900005A18000000000840DE
:1002F00009C7EE3FFD033ADCF5015B14E02F3EBE7B
:100300002E170000F216000000009040FE822B65C0
:100310004715973C00CC904000346F3F01FCFFFF35
:100320000000E03F40160000FFFF0F00432EE63FB5
:10033000396CA80C615C20BEEF39FAFE422EE63F14
:1003400002460B46DDE90C0100F0C8F8DDE90C239C
:1003500005460E4600F0F8FD3A46434600F002FD21
:1003600007462A46334605911046194600F0C6FB5B
:10037000824602462E4888460B4605217844FFF700
:1003800079FA5246434600F0B9FB2A46334600F05C
:10039000E9FC80468A463A4628463146059B00F0ED
:1003A000ADFB3A46059B00F099F8059100900022BC
:1003B0004FF080434046514600F0C6FD074603918A
:1003C000424653462846314600F098FB3A46039B86
:1003D00000F040F9059B009A00F0B6FD2A4633462E
:1003E00000F0B2FD0022134B00F0BCFC0546019862
:1003F0000E4601EB00510815002810DC2846314656
:10040000019A01F09AF9FFF721FA042808BFFFF7D3
:100410009FFA28463146019A01F08FF905460B46AE
:1004200014B02A4658462146BDE8F04D00F066BBA0
:10043000E01400000000F03F2DE9F04106460F46B1
:1004400000F09CFC041E0D4618BF0120284320F03C
:100450000040C0F17F6000F1E040C00F0ED0301CC2
:1004600018BF0120384320F00040C0F17F6000F148
:10047000E040C00F04BF0120F0F7DFFB2046294613
:10048000BDE8F08110B500290AD00878002807D00F
:1004900005487844F1F780FA002801D0002010BD0B
:1004A0000248784410BD0000322500002A250000D3
:1004B00010B500290AD00878002807D005487844EC
:1004C000F1F76AFA002801D0002010BD02487844F4
:1004D00010BD0000162600000E26000010B591EA9F
:1004E000030F48BF83F0004300F13685841A71EB97
:1004F000030C05D2121943EB0C03001B61EB0C013A
:100500004FEA1154A4EB135CDFF81CE11EEA430F21
:1005100018BF9EEA445F00F0748021EA045123EA88
:100520000E0343F48013DCF1200E32D322FA0CFECA
:1005300010EB0E0023FA0CFE41EB0E01CCF1200E65
:1005400003FA0EFE10EB0E00CCF1200E51F100016B
:10055000B1F5801F32D201EB045112FA0EF2BDE860
:10056000104058BF7047401C38BF5FEA420218BFB6
:100570007047002814BF20F0010041F100014FEA4C
:10058000410313F5001F38BF7047A1F1C04100F0CF
:10059000ADBB012A43EB0302ACF1200CDCF11F0ED2
:1005A00032BF4FF0000E23FA0CF310EB030041EBC7
:1005B0000451B4EB115FD0D0A1EB045101F58011CF
:1005C000490801EB04515FEA30000ED350F10000FE
:1005D00038BF12FA0EFE08D1BDE81040C9E7401C32
:1005E00038BF5FEA4202CAD1C3E7BDE810404FEA14
:1005F000410313F5001F38BF7047A1F1C04100F05F
:1006000075BB9EEA445F08D011EA5E0FBDE810405A
:1006100004BF01F0004100207047BDE8104070B5F4
:1006200000F016FB64FBBE3E0000E0FF02494FF005
:10063000000001F050B800BF0000F87F491058BF1B
:10064000C1F140415B1058BFC3F140438B42EFF30F
:10065000008070472DE9C04130B4DFF8A4C23CEA05
:10066000111418BF3CEA131400F0ED801CEA1114B9
:1006700081EA030544EAD57418BF1CEA131500F09B
:10068000C880A4EB050404F17F7404F500344FF036
:10069000004545EAC12145EAC32341EA505143EAF6
:1006A00052534FEAC0204FEAC222994208BF9042FB
:1006B00000F09D804FEA13650FF24416765D4FEA15
:1006C000134506FB05F7C7F1807706FB07F74FEAEE
:1006D000D737A7FB03687642A7FB06CEC8F580385C
:1006E00038BFA8F1010807FB08E6A6FB028C4FF013
:1006F000000EE6FB03CEDCF1000CCEF1004E38BF5D
:10070000AEF1010EA6FB0C584FF00007E6FB0E877A
:10071000A1FB08C6A0FB07CE16EB0E064FF00005A6
:1007200045F10005E1FB076515F1E04E7EBFA4F53C
:1007300080345FEA46066D4116F1800745F10005F9
:100740004FEA172747EA05674FEA15254FEA06667D
:10075000A6F1DE46B6F1805F20D9384605EBC471BC
:1007600024F0010C01EB0C11BCF1FE6F02D8F0BCBF
:10077000BDE8008124425CBF01F5801E9EEAC47F73
:1007800002D4F0BCBDE80081244200F13980A1F11F
:10079000C041F0BCBDE8004100F0A8BA4FEAD0204B
:1007A00040EA41504FEAD1214FEAD22242EA435275
:1007B0004FEAD323A7FB028607FB036605FB02660D
:1007C0001EEA0E0F58BFA6EB0056B6EB00564FEAD6
:1007D000520E4EEAC37E18EB0E0E56EB530EBCD5EE
:1007E00018EB02085E417F1C55F10005B5E74FF498
:1007F00080154FF000074FF000064FF00008ACE7FF
:1008000001F1C04101F000414FF00000F0BCBDE833
:1008100000810CEA131511EA0C1F00D00CE013EA5A
:100820000C1F00F026804FF0000081EA030101F068
:100830000041F0BCBDE80081F0BCBDE8004181EAA8
:10084000030100F053BAF0BCBDE8004170B500F000
:10085000FFF900BF097EFC3E00F007B84FF0000032
:1008600081EA030101F00041704781EA030100F0D1
:100870003DBAF0BCBDE8004122494FF0000070478E
:10088000FFFDFBF9F7F5F4F2F0EEEDEBE9E8E6E455
:10089000E3E1E0DEDDDBDAD8D7D5D4D3D1D0CFCDDC
:1008A000CCCBCAC8C7C6C5C4C2C1C0BFBEBDBCBB15
:1008B000BAB9B8B7B6B5B4B3B2B1B0AFAEADACAB10
:1008C000AAA9A8A8A7A6A5A4A3A3A2A1A09F9F9EEA
:1008D0009D9C9C9B9A99999897979695959493939C
:1008E000929191908F8F8E8E8D8C8C8B8B8A898933
:1008F00088888787868585848483838282818180B6
:100900000000FF070000F87F51EA030C17D41CF524
:10091000801F58BFBCF5801F00F10680994218BFA8
:10092000704708BF9042704707D711F5801F58BF26
:1009300013F5801F19D499427047894270471CF5FE
:10094000801F08D5BCF5801FF7D58B4218BF7047B4
:1009500008BF824270474FF4001C1CEB410F38BFA8
:100960001CEB430F01D28B42704770B500F070F959
:10097000922449004FF000514FF08053FFF75EBEC4
:100980004FEA41034FEA5353A3F58063D3F11E03AB
:10099000C8BFD3F1210C0CDD4FF0004242EAC12266
:1009A00042EA505232FA03FC8CEAE17CACEBE17093
:1009B0007047102BC4BF0020704703F5787CBCF152
:1009C000FF3F04D06FF0004282EA2100704770B50B
:1009D00000F03EF94992248000207047F2E710F0C1
:1009E000004248BF4042B0FA80F310FA03F10AD047
:1009F000C3F11D0303F5806302EB03524FEA41503C
:100A000002EBD12170474FF00000704751EA030C10
:100A100017D41CF5801F58BFBCF5801F00F106805D
:100A2000994218BF704708BF9042704707D711F529
:100A3000801F58BF13F5801F19D49942704789420F
:100A400070471CF5801F08D5BCF5801FF7D58B4279
:100A500018BF704708BF824270474FF4001C1CEB60
:100A6000410F38BF1CEB430F01D28B42704770B56A
:100A700000F0EEF8922449004FF080514FF00053FF
:100A8000FFF7DCBD51EA030C17D41CF5801F58BFDB
:100A9000BCF5801F00F10680994218BF704708BF5F
:100AA0009042704707D711F5801F58BF13F5801F7C
:100AB00019D499427047894270471CF5801F08D5A8
:100AC000BCF5801FF7D58B4218BF704708BF824224
:100AD00070474FF4001C1CEB410F38BF1CEB430F59
:100AE00001D28B42704770B500F0B2F892244900F1
:100AF0004FF000514FF08053FFF7A0BD70B5DFF805
:100B000048C11CEA111E1EBF1CEA13159EEA0C0FF9
:100B100095EA0C0F00F06F8081EA03044EEAD47E60
:100B2000AE4421EA4C1123EA4C1341F4801143F402
:100B30008013AEF17F7EA1FB024CA0FB036536194A
:100B400055EB0C05A1FB034C4CF10003A0FB021C70
:100B500016EB0C06654153F10003094218BF46F03D
:100B6000010613F4007F0BD14FEA03314FEA053041
:100B700041EA155140EA165034036FF003020AE0CF
:100B80004FEAC3214FEAC52041EA555140EA565089
:100B9000F4026FF0020202EB2E4201EB025585EAED
:100BA000CE710AD05FEA440C18BF24F0004450F123
:100BB000000041F1000120EAD47040F2FE7C624561
:100BC00000D270BDA84214BF4FF080444FF04044A3
:100BD000002E08BF0024BEF1806FA8BFA1F1C04164
:100BE000BDE8704080F2828001F1C04101F0004117
:100BF0004FF0000070470CEA13159EEA0C0F18BF67
:100C000095EA0C0F06D081EA030E4FF000000EF0BB
:100C1000004170BD00F01CF88900013E00F007B8EB
:100C200000F009B84FEA430C5FEA5C5C08D081EA47
:100C3000030100F05BB84FEA410C5FEA5C5CF6D15F
:100C400002494FF0000070470000FF070000F87FE6
:100C50000EF1020E2EF0030E5EF8046B364205D440
:100C6000012A43EB030515F5001F12D8012841EBBB
:100C7000010C1CF5001F0CD80ED14FEAD17C0CEBF7
:100C80004C0C0CF1020C15F5001F08BF4CEBD37C8B
:100C900004E04FF0080C01E04FEAD37C0CEB4C056C
:100CA00026FA05F606F00706B6F1040C06D20EEB9E
:100CB000860CBDE870404CF0010C6047DFE80CF09A
:100CC000090B02024FF00041A1F500214FF0000096
:100CD00070BD19461046012851EB010418BFD4F528
:100CE000001484BF002001F0004170BD0808A0F589
:100CF00000114FEA3101704753EA010C17D41CF57B
:100D0000801F58BFBCF5801F00F106808B4218BFC2
:100D1000704708BF8242704707D713F5801F58BF3E
:100D200011F5801F19D48B4270479B4270471CF508
:100D3000801F08D5BCF5801FF7D5994218BF7047B2
:100D400008BF904270474FF4001C1CEB430F38BFA4
:100D50001CEB410F01D2994270470FB40CBC03BC8D
:100D6000FFF7C1BE10B591EA030F81F000413FF5D6
:100D7000BDAB83F0004300F0EFB800002DE9F04177
:100D800001F5801CBCF5001FC0F2C3804FEA115C66
:100D900021EA0C5141F480110CF1FD0C5FEA5C0C6E
:100DA0000CF5C07C01D340004941890241EA9051D1
:100DB00087023BA48E0EA45D0A0C04FB04F602FB22
:100DC00006F6C6F14046A4FB0662F60D46EA422648
:100DD00006FB06F4A4FB01235242C3F1404338BF93
:100DE0005B1EA6FB02420024E6FB0324D20B42EA70
:100DF0004446A6FB0623A1FB02E2A3FB07E4A418DA
:100E00004FF0000252F10002E3FB01426442C2F1E2
:100E1000404E38BFAEF1010EA6FB04234FF0000296
:100E2000E6FB0E32A2FB0346B6194FF0000454F164
:100E30000004E2FB0264A1FB06E6A4FB07E816EB54
:100E400008064FF0000858F10008E4FB01687642FC
:100E5000C8F1405838BFA8F10108A2FB06E4A3FB83
:100E600008E52D194FF0000454F10004E2FB08548A
:100E7000A1FB05E6A7FB04E818EB06084FF0000607
:100E800056F10006E1FB048618F1200556F1000634
:100E9000A80940EA8660B109A8F11B0808F03F08DC
:100EA000B8F10A0F1CD901EB0C51BDE8F08100BF6D
:100EB000FCF5EEE8E2DDD8D3CFCBC7C3C0BDB9B6F1
:100EC000B4B1AEACA9A7A5A3A19F9D9B9A989695F6
:100ED0009392908F8D8C8B8988878685848382817D
:100EE000A0FB006800FB01F208EB4208B8EB872882
:100EF00007D5341858EB0104D5D5401C51F1000139
:100F0000D1E7341A78EB0104CDD4401E71F1000111
:100F1000C9E75FEA4C0C5FEA9C5C0DD105D301F098
:100F200000414FF00000BDE8F081BDE8F04170B530
:100F3000FFF78EFE6DDBFFBEBDE8F04101494FF0CB
:100F4000000070470000F87F10B591EA030F48BF1A
:100F500083F000433FF5CAAA841A71EB030C07D251
:100F60008CF0004C121943EB0C03001B61EB0C01DD
:100F70004FEA1154A4EB135CDFF8A4E11EEA430F1F
:100F800018BF9EEA445F00F0B48021EA045123EACE
:100F90006E035242C3EB6E0338BF5B1EDCF1200EC2
:100FA00025D322FA0CFE10EB0E0043FA0CFE41EBA7
:100FB0000E01CCF1200E03FA0EFE10EB0E00CCF168
:100FC000200E51F1000129D401EB045112FA0EF266
:100FD000BDE8104058BF7047401C1CBFB2F1004F25
:100FE000704700280CBF491C20F00100704712EB2D
:100FF000020E43EB030218BF4FF0010E4EEA42020D
:10100000ACF1200CDCF11E0E56D943FA0CFE10EBAD
:101010000E00CCF11E0E51F1FF31D5D50EF1010EAF
:1010200012FA0EFE404141EB010101EB445C5FEA24
:101030005C5C10D901EB045110EBDE7038BFBEF1DF
:10104000004FBDE8104018BF704700280CBF491C76
:1010500020F00100704734D24FEAD42C24F400640D
:1010600011F500111BD0B1FA81F20B3AA41AA41E9B
:10107000D2F12003914030FA03F31943904001EB81
:10108000CC7101EB0451002CBDE81040A8BF7047A3
:1010900001F1C04101F000414FF000007047B0FA8B
:1010A00080F310FA03F102D1BDE810407047E41A52
:1010B000173C4805C90AE2E701EB0451BDE81040BE
:1010C000704749104FEA300001EB0451BDE8104071
:1010D00002E04FF0000170474A0008BF0042F8D01C
:1010E000B2F5001F28BF704701F000414FF000002B
:1010F00070479EEA445F07D011EA5E0FBDE81040DA
:1011000004BF002100207047BDE8104070B5FFF714
:101110009FFD00BF40DFF63E104683F00041704760
:101120000000E0FF90EA010F48BF81F0004100F1AC
:101130006282421A3CBF801A89184FEAD052A2EB51
:10114000D1534FF07F4C1CEA410F18BF9CEA026F4D
:1011500000F03B804FF0004C4CEA00204CEA0121AB
:1011600021FA03FC10EB0C0C1ED202F1FF325FEAF5
:101170001C2040EBC25038BF70471CF07F0F4FEA75
:10118000400C18BFBCF17F4F38BF7047C3F120033C
:10119000994008BF20F00100BCF17F4F38BF704775
:1011A000A0F1C04000F01BBA4FEA3C00000A40EB3F
:1011B000C25028BF1CF0FF0F4FEA400CE6D018BF0A
:1011C000BCF17F4F38BF7047EAE79CEA026F05D059
:1011D00010EA5C0F08BF00F00040704710B500F047
:1011E000B8F900BF64FBBE3E10B5FFF78DFB0CBF26
:1011F0000120002010BD10B5FFF786FB14BF0120B1
:10120000002010BD10B5FFF701FC8CBF01200020AD
:1012100010BD10B5FFF7FAFB2CBF0120002010BD58
:1012200010B5FFF72FFC94BF0120002010BD10B5B2
:10123000FFF728FC34BF0120002010BD4FF47F0CC5
:101240001CEAD0121EBF1CEAD11392EA0C0F93EADB
:101250000C0F00F0858090EA010F48BF42F48072C5
:1012600040F4000C41F400002CF07F4120F07F405E
:1012700000B5A2EB030281420FF2081CACEB504E0A
:101280009EF800E0C0F100004FEA4E0E00FB0EFC9D
:1012900038BF49004FEA2C1C0CFB0EF34FEACE1E60
:1012A0000EEB635E4FEA112C0EFB0CFC4FEAC121E2
:1012B0004FEA1C5300FB031102F5FA024FEA112C0E
:1012C0000EFB0CFC4FEA01314FEADC4C00FB0C1129
:1012D00042EB2242C14228BF09184CEB03335DF8B0
:1012E00004EB10EB410143EBC250B2F57C0F38BF69
:1012F000704729D512F0F00F1CBF00F1C04000F07C
:1013000000407047008182838485868788898B8C22
:101310008D8E8F919293959697999A9C9D9FA0A25E
:10132000A3A5A7A8AAACAEB0B2B3B5B7B9BCBEC0AE
:10133000C2C5C7C9CCCED1D4D7D9DCDFE2E6E9EC4F
:10134000F0F3F7FAFE0000004FEA400C0CF1807C4D
:10135000BCF17E4F28BF7047B0F1C04000F03FB9EC
:101360000CEAD11390EA010F48BF42F48072624543
:1013700038BF634507D213F47F0F16D080EA01000F
:1013800000F00040704710B500F0E3F8097EFC3E25
:1013900000F005B880EA010000F00040704780EAE4
:1013A000010000F0004000F01AB912F47F0F04BFF2
:1013B0000248704780EA010000F011B90000C07FC8
:1013C00041000B0ED3F19E0208D950F400034FEAFE
:1013D000032323FA02F048BF4042704710B500F0E3
:1013E000B8F800BF49922480002070476FF0004297
:1013F00082EA20007047000010F0004148BF4042E0
:10140000B0FA80F310FA03F2C3F19D030BD051EA56
:10141000C35101EB1220530638BF704700F10100A1
:1014200008BF20F001007047B0FA80F310FA03F211
:10143000C3F19D030AD0D90501EB1220530638BF32
:10144000704700F1010008BF20F001007047000064
:101450004FF47F0C1CEAD0121EBF1CEAD11392EA93
:101460000C0F93EA0C0F00F0478090EA010F48BF81
:1014700042F480724FF0004C4CEA00204CEA01210B
:1014800002EB0302A0FB0113A2F50002002918BF22
:1014900043F001035B0028BF4FEA330342EB2242D3
:1014A0005FEA132C4CEBC2502EBFBCEB436FB2F57E
:1014B0007C0F70474FEA036CBCF1004F08BF20F06F
:1014C0000100B2F57C0F38BF70470BD582F0FF02E8
:1014D00012F5803FC8BF704700F1C040D8BF00F090
:1014E0000040704700F5000C5FEA4C0C48BF7047A5
:1014F000B0F1C04000F073B80CEAD11390EA010FCC
:1015000048BF42F48072624538BF634504D280EA26
:10151000010000F00040704710B500F01AF800BF5D
:101520008900013E00F007B800F009B85FEA410CFD
:101530005FEA1C6C08D080EA010000F050B85FEA56
:10154000400C5FEA1C6CF6D14FF00040A0F5800023
:1015500070470EF1020E2EF0030E5EF8044B24428B
:1015600004D44FEA4102B2F17F4F11D84FEA400351
:10157000B3F17F4F0CD80ED14FEAD07C0CEB4C0C62
:101580000CF1020CB2F17F4F08BF4CEBD17C04E0B0
:101590004FF0080C01E04FEAD17C0CEB4C0324FA2D
:1015A00003F404F00704B4F1040C06D20EEB840C2F
:1015B000BDE810404CF0010C6047DFE80CF0070874
:1015C00002024FF00040A0F5800010BD0846420026
:1015D00018BFD2F1807288BF00F0004010BDFF211B
:1015E00041EAD050C005704790EA010F48BF81F032
:1015F00000413FF59EAD421A04D882F00042A0EBB4
:10160000020011444FEAD052A2EBD1534FF07F4C6D
:101610001CEA410F18BF9CEA026F4AD04FF0004C01
:101620004CEA00204CEA012121FA03FCB0EB0C0C3F
:101630000FD412F0FE0F36D05FEA4C001DD5001219
:1016400040EBC25038BF70471CF03F0F18BF7047C7
:101650000BE05FEA1C20A2F1010240EBC25038BF50
:1016600070471CF07F0F18BF7047C3F120039940EB
:1016700014BF401E20F0010070474FEA122380087B
:1016800008BF7047B0FA80FCA2EB0C02CCF1280C2A
:1016900060FA0CF093EA122F04BF00EBC2507047BF
:1016A0004FEAC3707047130A5FEADC1008BF704747
:1016B000F6E79CEA026F04D010EA5C0F08BF002036
:1016C000704710B5FFF745FF40DFF63E81F0004060
:1016D0007047EFF7E9BB0CF00F03092B08BF082098
:1016E00000F059800A2B0BD0082B18BF704708BF99
:1016F0001CF0400F0AD04FF000004FF0000170477F
:101700001CF0400F18BF4FF0004070471CF0100F46
:1017100008D000F07F4220F0704342EAD3014FEA44
:101720004370704700F0604021F07F4242EA0002BF
:1017300001F07F4040EA727070474FF0FF0C4CF4AC
:10174000E06C1CEA11531CBF9CEA030C9445C2BF19
:10175000DA4201EB02517047002B0DD0BCF1000FB3
:101760000FD001F00041002AA4BF41F0E04141F058
:101770007F614FF00000704701F000414FF0000022
:10178000704750EA01334FF09B0C18BF4CF0806C4F
:101790007EF44CAF70471CF4801F11D01CF4E02F76
:1017A00003D06FEACC31490070474FF04050EFF35F
:1017B000008222F0704242EA000282F30088704701
:1017C0004FF0000070473031323334353637383916
:1017D000414243444546403058003031323334357D
:1017E00036373839616263646566403078000400DA
:1017F00000080000000000000002000100001000CE
:10180000000000000000F03F000000000000F83F72
:1018100000000000000000000000004003B8E23FAC
:10182000000000000000000006D0CF43EBFD4C3E5E
:10183000033333333333E33FFFAB6FDBB66DDB3F53
:101840004D268F515555D53F01411DA96074D13F9B
:1018500065DBC9934A86CD3FEF4E454A287ECA3F95
:101860003E5555555555C53F93BDBE166CC166BF17
:101870002CDE25AF6A56113FF16BD2C541BDBBBE10
:10188000D0A4BE726937663E000000000000000070
:1018900002400000000000A0000000000540000021
:1018A000000000C8000000000C4000000000409C48
:1018B00000000000194000000020BCBE0000000035
:1018C00034400000BFC91B8E00000004B54000007A
:1018D000504BCFD06607E2CF010000006C41000002
:1018E0003E8251AADFEEA73401000000D942000079
:1018F000DCB5A0E23A301F97FFFFFFFFB4450000C0
:10190000FD25A0C8E9A3C14FFFFFFFFFFF3F000077
:101910000000008000000000FF3F00000000008089
:1019200000000000000000000000000001000000B6
:10193000020000000300000004000000000000009E
:10194000000000000102030406070809000000006F
:101950000102030401020000010002000100030073
:101960000100020001000400010002000100030068
:101970000100020001000500010002000100030057
:101980000100020001000400010002000100030048
:101990000100020001000600010002000100030036
:1019A0000100020001000400010002000100030028
:1019B0000100020001000500010002000100030017
:1019C0000100020001000400010002000100030008
:1019D00001000200010007000100020001000300F5
:1019E00001000200010004000100020001000300E8
:1019F00001000200010005000100020001000300D7
:101A000001000200010004000100020001000300C7
:101A100001000200010006000100020001000300B5
:101A200001000200010004000100020001000300A7
:101A30000100020001000500010002000100030096
:101A40000100020001000400010002000100030087
:101A5000010002000100000000000000963007773E
:101A60002C610EEEBA51099919C46D078FF46A7092
:101A700035A563E9A395649E3288DB0EA4B8DC79B2
:101A80001EE9D5E088D9D2972B4CB609BD7CB17E32
:101A9000072DB8E7911DBF906410B71DF220B06A02
:101AA0004871B9F3DE41BE847DD4DA1AEBE4DD6D12
:101AB00051B5D4F4C785D38356986C13C0A86B6412
:101AC0007AF962FDECC9658A4F5C0114D96C066332
:101AD000633D0FFAF50D088DC8206E3B5E10694C12
:101AE000E44160D5727167A2D1E4033C47D4044B52
:101AF000FD850DD26BB50AA5FAA8B5356C98B24232
:101B0000D6C9BBDB40F9BCACE36CD832755CDF45B1
:101B1000CF0DD6DC593DD1ABAC30D9263A00DE51E1
:101B20008051D7C81661D0BFB5F4B42123C4B356D1
:101B30009995BACF0FA5BDB89EB802280888055F51
:101B4000B2D90CC624E90BB1877C6F2F114C6858B1
:101B5000AB1D61C13D2D66B69041DC760671DB019F
:101B6000BC20D2982A10D5EF8985B1711FB5B60671
:101B7000A5E4BF9F33D4B8E8A2C9077834F9000FB1
:101B80008EA8099618980EE1BB0D6A7F2D3D6D0851
:101B9000976C6491015C63E6F4516B6B62616C1C41
:101BA000D83065854E0062F2ED95066C7BA5011B71
:101BB000C1F4088257C40FF5C6D9B06550E9B71211
:101BC000EAB8BE8B7C88B9FCDF1DDD62492DDA15D1
:101BD000F37CD38C654CD4FB5861B24DCE51B53AF1
:101BE0007400BCA3E230BBD441A5DF4AD795D83DF1
:101BF0006DC4D1A4FBF4D6D36AE96943FCD96E3431
:101C0000468867ADD0B860DA732D0444E51D033310
:101C10005F4C0AAAC97C0DDD3C710550AA41022720
:101C200010100BBE86200CC925B56857B3856F20F0
:101C300009D466B99FE461CE0EF9DE5E98C9D92950
:101C40002298D0B0B4A8D7C7173DB359810DB42E90
:101C50003B5CBDB7AD6CBAC02083B8EDB6B3BF9ADC
:101C60000CE2B6039AD2B1743947D5EAAF77D29D68
:101C70001526DB048316DC73120B63E3843B649448
:101C80003E6A6D0DA85A6A7A0BCF0EE49DFF099348
:101C900027AE000AB19E077D44930FF0D2A30887B8
:101CA00068F2011EFEC206695D5762F7CB67658068
:101CB00071366C19E7066B6E761BD4FEE02BD38968
:101CC0005A7ADA10CC4ADD676FDFB9F9F9EFBE8EC8
:101CD00043BEB717D58EB060E8A3D6D67E93D1A108
:101CE000C4C2D83852F2DF4FF167BBD16757BCA6E8
:101CF000DD06B53F4B36B248DA2B0DD84C1B0AAF88
:101D0000F64A0336607A0441C3EF60DF55DF67A807
:101D1000EF8E6E3179BE69468CB361CB1A8366BC97
:101D2000A0D26F2536E2685295770CCC03470BBBE7
:101D3000B91602222F260555BE3BBAC5280BBDB2E7
:101D4000925AB42B046AB35CA7FFD7C231CFD0B587
:101D50008B9ED92C1DAEDE5BB0C2649B26F263EC79
:101D60009CA36A750A936D02A906099C3F360EEB87
:101D70008567077213570005824ABF95147AB8E247
:101D8000AE2BB17B381BB60C9B8ED2920DBED5E527
:101D9000B7EFDC7C21DFDB0BD4D2D38642E2D4F177
:101DA000F8B3DD686E83DA1FCD16BE815B26B9F607
:101DB000E177B06F7747B718E65A0888706A0FFF67
:101DC000CA3B06665C0B0111FF9E658F69AE62F827
:101DD000D3FF6B6145CF6C1678E20AA0EED20DD727
:101DE0005483044EC2B30339612667A7F71660D047
:101DF0004D476949DB776E3E4A6AD1AEDC5AD6D987
:101E0000660BDF40F03BD83753AEBCA9C59EBBDEA6
:101E10007FCFB247E9FFB5301CF2BDBD8AC2BACA56
:101E20003093B353A6A3B4240536D0BA9306D7CDC6
:101E30002957DE54BF67D9232E7A66B3B84A61C4E6
:101E4000021B685D942B6F2A37BE0BB4A18E0CC3A6
:101E50001BDF055A8DEF022D020304050607080952
:101E60000A0B0C0D0E0F1010EC26010814000020B8
:101E700004000000242701081400002004000000D2
:101E80005927010814000020040000006E260108F4
:101E90001400002004000000A726010838000020DC
:101EA00004000000D92601081400002004000000EE
:101EB0001227010814000020040000004827010830
:101EC00014000020040000005B260108140000201C
:101ED00004000000942601083800002004000000DF
:101EE000FD2601081400002004000000342701082A
:101EF00014000020040000006827010814000020DE
:101F0000040000007F2601081400002004000000E7
:101F1000B8260108380000200400000091270108BD
:101F20001B26010810000000872701081B26010856
:101F3000100000007B2701081B260108100000008C
:101F4000CD26010824190108000000006C69737493
:101F50005F6D656D006C697374206D656D6F72796E
:101F600020757361676520696E666F726D61746953
:101F70006F6E0068656C6C6F007361792068656CCA
:101F80006C6F20776F726C640076657273696F6E28
:101F90000073686F772052542D5468726561642015
:101FA00076657273696F6E20696E666F726D6174AB
:101FB000696F6E005F5F636D645F76657273696FF2
:101FC0006E0073686F772052542D54687265616497
:101FD0002076657273696F6E20696E666F726D61CF
:101FE00074696F6E006C6973745F746872656164A4
:101FF000006C69737420746872656164005F5F636C
:102000006D645F6C6973745F746872656164006CA1
:1020100069737420746872656164006C6973745FBD
:1020200073656D006C6973742073656D6170686FA2
:10203000726520696E2073797374656D005F5F63EC
:102040006D645F6C6973745F73656D006C69737444
:102050002073656D6170686F726520696E20737999
:102060007374656D006C6973745F74696D6572007B
:102070006C6973742074696D657220696E20737960
:102080007374656D005F5F636D645F6C6973745F2B
:1020900074696D6572006C6973742074696D657222
:1020A00020696E2073797374656D006C69737400B8
:1020B0006C69737420616C6C2073796D626F6C2035
:1020C000696E2073797374656D005F5F636D645F23
:1020D00068656C700052542D546872656164207399
:1020E00068656C6C2068656C702E005F5F636D6462
:1020F0005F7073004C6973742074687265616473F7
:1021000020696E207468652073797374656D2E0084
:102110005F5F636D645F667265650053686F77200B
:10212000746865206D656D6F727920757361676580
:1021300020696E207468652073797374656D2E0054
:102140005374617465204E616D65203A25732C537C
:10215000746174652049443A2025642C204D6F64D5
:10216000652049443A2025642C20474E204D6F6459
:10217000652049443A2025640A00E68F90E58F9651
:10218000E9A29CE889B2307825303658E5AE8CE675
:1021900088902CE4BF9DE5AD98E588B02025730AB2
:1021A00000E68F90E58F96E9A29CE889B230782509
:1021B000303658E5AE8CE6889025730A0073657456
:1021C000436F6C6F72546F456E760A00E7BB93E6FF
:1021D0009E84E4BD93E8AFBBE58F96E68890E58AE0
:1021E0009FEFBC810A00E7BB93E69E84E4BD93E8C1
:1021F000AFBBE58F96E5A4B1E8B4A5EFBC810A00BA
:1022000025735F776176795F636F6C6F725F310002
:102210005B232536735D006D61696E00284E554C59
:102220004C290068617264206661756C74206F6E61
:102230002068616E646C65720D0A0D0A0068617237
:1022400064206661756C74206F6E207468726561BD
:10225000643A2025730D0A0D0A006D656D206D61CD
:102260006E616765206661756C743A0A007573610A
:102270006765206661756C743A0A00627573206642
:1022800061756C743A0A005343422D3E42464152F6
:102290003A253038580A005343422D3E4D4D4152A5
:1022A0003A253038580A006661696C6564207665A5
:1022B00063746F722066657463680A006465627592
:1022C00067206576656E740A007230303A20307887
:1022D000253038780A007230313A2030782530388D
:1022E000780A007230323A203078253038780A0087
:1022F0007230333A203078253038780A0072303422
:102300003A203078253038780A007073723A2030DD
:1023100078253038780A00494E5650432000554EF3
:10232000414C49474E45442000494E565354415470
:102330004520004441434356494F4C200049414306
:102340004356494F4C200044495642595A45524F32
:1023500020004E4F435020004D53544B45525220C5
:10236000004D554E53544B4552522000494D50524A
:102370004543495345525220004942555345525214
:102380002000554E444546494E5354522000534375
:10239000425F434653525F424653523A30782530AB
:1023A000325820005343425F434653525F4D4653D9
:1023B000523A30782530325820005343425F43462A
:1023C00053525F554653523A3078253032582000E8
:1023D0005247425F4C454420737472756374757242
:1023E0006520706F696E746572206973204E554C5C
:1023F0004C2E0A00E58685E5AD98E4B88DE8B6B3C5
:10240000EFBC8CE8AFB7E6B182E5A4A7E5B08FEFEB
:10241000BC9A256C75EFBC8CE99D99E68081E7BC80
:1024200093E586B2E58CBAE5A4A7E5B08FEFBC9A38
:10243000256C750A00596F752063616E206765749D
:1024400020746865206C617465737420766572739E
:10245000696F6E206F6E2068747470733A2F2F67E7
:1024600069746875622E636F6D2F61726D696E6B32
:102470002F45617379466C617368202E0A004561AF
:102480007379466C617368205625732069732069DF
:102490006E697469616C697A65206661696C2E0A7F
:1024A000005761726E696E673A20536563746F728C
:1024B0002068656164657220636865636B2066618E
:1024C000696C65642E20466F726D61742074686952
:1024D0007320736563746F722028307825303878E4
:1024E000292E0A00454E562069736E277420696EA6
:1024F000697469616C697A65204F4B2E0A00282542
:10250000732920686173206173736572742066613A
:10251000696C65642061742025732E0A00466F750E
:102520006E6420616E20454E562028252E2A732980
:1025300020776869636820686173206368616E67EB
:1025400065642076616C7565206661696C65642ED2
:10255000204E6F772077696C6C207265636F7665AB
:1025600072792069742E0A005761726E696E673A3B
:1025700020416C6C6F6320616E20454E562028739D
:10258000697A6520256429206661696C6564207715
:1025900068656E206E657720454E562E204E6F770B
:1025A0002077696C6C204743207468656E207265E3
:1025B0007472792E0A005761726E696E673A204D07
:1025C0006F76656420616E20454E56202873697AC7
:1025D0006520256429206661696C656420776865DB
:1025E0006E207265636F766572792E204E6F77204C
:1025F00077696C6C204743207468656E207265743F
:1026000072792E0A00616464722025205345435478
:102610004F525F53495A45203D3D2030007265615D
:10262000645F736563746F725F6D6574615F64612D
:102630007461002E2E2F436F72652F5372632F65C6
:10264000665F656E762E630065665F656E765F73A6
:1026500065745F64656661756C74006E6967687443
:102660005F776176795F636F6C6F725F3100646171
:10267000795F776176795F636F6C6F725F3100733A
:1026800074616E6462795F776176795F636F6C6F96
:10269000725F31006E696768745F776176795F6336
:1026A0006F6C6F725F32006461795F776176795F1A
:1026B000636F6C6F725F32007374616E6462795F16
:1026C000776176795F636F6C6F725F3200726562FB
:1026D0006F6F742074696D65006E696768745F6EF2
:1026E0006F726D616C5F636F6C6F72006461795FB4
:1026F0006E6F726D616C5F636F6C6F72007374618B
:102700006E6462795F6E6F726D616C5F636F6C6F28
:1027100072006E696768745F63686573745F636F86
:102720006C6F72006461795F63686573745F636F77
:102730006C6F72007374616E6462795F6368657355
:10274000745F636F6C6F72006E696768745F626F4D
:1027500064795F636F6C6F72006461795F626F644C
:10276000795F636F6C6F72007374616E6462795F1E
:10277000626F64795F636F6C6F720073746174650C
:102780005F6E696768740073746174655F64617912
:102790000073746174655F7374616E64627900665E
:1027A000616C73650074727565006E756C6C0046C3
:1027B00061696C656420746F207061727365204A72
:1027C000534F4E0A0030782530365800676E5F6DE3
:1027D0006F64655F69640073746174655F69640048
:1027E000676E4D6F6465006D6F6465006D6F646545
:1027F000547970650063686573745F636F6C6F72A2
:10280000626F64795F636F6C6F720025735F25730D
:1028100000636F6C6F7273006465616374697661E5
:102820007465640A00252D2A2E7320707269202099
:102830007374617475732020202020207370202011
:10284000202020737461636B2073697A65206D6149
:10285000782075736564206C656674207469636B99
:1028600020206572726F720A0020696E69742020E0
:10287000200020636C6F7365202000207265616406
:1028800079202000252D2A2E2A73203078253038F3
:10289000782030782530387820002D00207375732B
:1028A00070656E64002072756E6E696E67005254BA
:1028B0002D546872656164207368656C6C20636F69
:1028C0006D6D616E64733A0A00252D313673202DCB
:1028D0002025730A005F5F636D645F000800256355
:1028E0000000000095E900088DE90008D1EA000821
:1028F00089E90008B96D000891E900084C1F01083A
:10290000551F010889780008731F0108791F010805
:10291000E1770008891F0108911F010895EE000862
:10292000B41F0108C21F010895EE0008E51F010849
:10293000F11F0108617B0008FD1F01080F2001083D
:10294000617B00081B20010824200108F978000899
:102950003D2001084C200108F97800086520010895
:1029600070200108D57D0008852001089620010807
:10297000D57D0008AB200108B020010801780008CF
:10298000CA200108D5200108998D0008EB20010814
:10299000F420010839550008102101081B21010805
:1029A0002D550008F02A01080000002070000000EA
:1029B0006C010008602B01087000002048800000B6
:1029C000880100081001000043000000F8FFFFFF2D
:1029D0000040404040404040404041414141414032
:1029E00040404040404040404040404040404040E7
:1029F0004005020202020202020202020202020276
:102A0000022020202020202020202002020202027A
:102A100002029090909090901010101010101010D2
:102A200010101010101010101010101002020202DE
:102A30000202888888888888080808080808080822
:102A4000080808080808080808080808020202021E
:102A50004000000000000000000000000000000036
:102A60000000000000000000000000000000000066
:102A70000000000000000000000000000000000056
:102A80000000000000000000000000000000000046
:102A90000000000000000000000000000000000036
:102AA0000000000000000000000000000000000026
:102AB0000000000000000000000000000000000016
:102AC0000000000000000000000000000000000006
:102AD000000000001C00000043000000F8FFFFFFA2
:102AE0000C0000000E0000000F0000002E0000008F
:102AF000010000001000000045030008A3030008C7
:102B000000127A000000FF00060000000000FF0035
:102B100000A5FF0000FFFF0000FF0000FFFF000016
:102B2000FF0000008000800000FF000001000000A6
:102B3000400000204000002078000000020000005B
:102B40005000002050000020200000000A0000007B
:102B500060000020600000202C0000000000000049
:0400000508000131BD
:00000001FF
