:020000040800F2
:10000000B859002011020008C9440008F502000890
:10001000C5440008591A00087D4B00080000000084
:1000200000000000000000000000000023020008A3
:100030008D1A0008000000007F02000881470008B8
:100040002B0200082B0200082B0200082B020008DC
:100050002B0200082B0200082B0200082B020008CC
:100060002B0200082B0200082B0200082B020008BC
:100070005D1A0008691A00082B0200082B0200080C
:10008000751A00082B0200082B0200082B0200083A
:100090002B0200082B0200082B0200082B0200088C
:1000A0002B0200082B0200082B0200082B0200087C
:1000B0002B0200086D4800082B0200082B020008E4
:1000C0002B0200082B0200082B0200082B0200085C
:1000D0002B0200082B0200082B020008714B0008BD
:1000E0002B0200082B0200082B0200082B0200083C
:1000F0002B0200082B0200082B0200082B0200082C
:100100002B0200082B0200082B0200082B0200081B
:100110002B0200082B0200082B0200082B0200080B
:100120002B0200082B0200082B020008811A00088D
:1001300000F002F800F05DF80AA090E8000C82449C
:100140008344AAF10107DA4501D100F052F8AFF279
:10015000090EBAE80F0013F0010F18BFFB1A43F0A5
:100160000103184790300100B0300100103A24BF5D
:1001700078C878C1FAD8520724BF30C830C144BF0C
:1001800004680C607047000000230024002500264E
:10019000103A28BF78C1FBD8520728BF30C148BFEA
:1001A0000B607047662911F0AC86652911F0A986AD
:1001B000642900F08981752900F08681782900F092
:1001C000BF81002070471FB59DE8030000F020FDAF
:1001D00001F0A8F804000020002110F06BFD401C85
:1001E00060600020002110F07BFDE0601FBD10B5B5
:1001F00010BD01F085FB1146FFF7E5FF01F002FCA1
:1002000001F0A3FB03B4FFF7F2FF03BC01F0D4FB42
:100210000948804709480047FEE7FEE7FEE7FEE79A
:10022000FEE7FEE7FEE7FEE7FEE7FEE704480549D6
:10023000054A064B70470000694800083101000874
:10024000B8460020B8590020B8550020B855002005
:10025000EFF3108072B6704780F310887047324A0F
:100260001368012B04D04FF0010313602F4A106074
:100270002F4A11602F484FF0805101607047EFF313
:10028000108272B62848016891B14FF000010160F8
:100290002648016829B1EFF3098121E9F00F0068D0
:1002A0000160234909680968B1E8F00F81F3098802
:1002B00082F310884EF0040E70471D4908601B49F8
:1002C0004FF00000086018494FF0010008601A481C
:1002D0001A49D0F8002041EA0201016015484FF0A8
:1002E0008051016016480068006880F3088861B694
:1002F00062B670471EF0040F0CBFEFF30880EFF3F7
:10030000098020E9F00F40F804ED1EF0040F0CBF47
:1003100080F3088880F3098800B50CF0FDFD5DF8D6
:1003200004EB4EF0040E704778450020EC420020AC
:10033000F442002004ED00E020ED00E00000FFFFAB
:1003400008ED00E070B5064600F042FC056806F1D5
:100350000B0020F00704B4429CBF002070BD2B4668
:100360006A68BAB11068A04210D304F1080188424B
:100370003CBF5068586007D351681019416011683C
:10038000091B016058601460101D70BD134652684F
:10039000002AE7D12146284600F026FC0028DED1BD
:1003A00070BD70B50446051F00F012FC0068002CFB
:1003B00014BF446870BD002C18BFAC423CBF20463F
:1003C0006468F8D301680A18AA4218BF456003D1CF
:1003D0002A6805461144016028684119A1421CBFE2
:1003E0006C6070BD6168696021680844286070BDF8
:1003F00010B5044600F0E4FB0068005DC00602D5BD
:1004000004F1200010BD204610BD00000FB41CB543
:10041000084B06AA7B4469460090059800F0A5FEAB
:1004200004460020694600F0B3FE20461CBC5DF87F
:1004300014FB0000790D00000FB41CB50C0007AAD6
:10044000009007D04142A14202D32044401E01E067
:100450004FF0FF30074B7B4469460190069800F04F
:1004600084FE0021002C01D0009A11701CBC5DF8A4
:1004700014FB0000410D000070B50446856900685A
:10048000C10601D5302600E02026C00707D070BD88
:10049000D4E9012130469047206A401C20626D1E3D
:1004A000F6D570BD70B5044685690078C00707D1E0
:1004B00070BDD4E9012120209047206A401C2062B1
:1004C0006D1EF6D570BD00002DE9F04106460024F2
:1004D00010687529314616A510D0AFF300800028AA
:1004E00002DA404213A507E031688A0701D512A558
:1004F00002E0490704D511A5012401E0AFF3008013
:1005000000210A2206F1240709E0B0FBF2FCB0FB4F
:10051000F2F302FB1C00303078541846491C0028C6
:10052000F3D123462A463046BDE8F04100F0B1BB86
:10053000000000002D0000002B0000002000000043
:1005400070B504460D4621461068AFF3008021883F
:10055000090502D50F4A7A4402E00E4A7A440E3267
:10056000002104F1240305E000F00F060009965D68
:100570005E54491C0028F7D120780023000704D5D9
:10058000702D02D009B1022311322046BDE870401F
:1005900000F07FBB9C1A01002DE9F05F89460446FC
:1005A0004FF0000ADFF824B1FB44C0F820A0204639
:1005B000E168884700287DD0252806D0D4E90121AC
:1005C0009047206A401C2062F1E700255F462046E4
:1005D000E16888472028064607DB312E05D2B81986
:1005E00010F8200C08B10543F1E7A80701D525F064
:1005F0000405C4F81CA00027C4F818A02A2E09D0AE
:1006000030460FF0C5FD38B304EB8708303EC8F81C
:10061000186019E059F8041B204604EB8702916129
:10062000E1688847012F064618D1E069002820DAE2
:1006300025F020051DE0D8F8180000EB800006EB3F
:1006400040003038C8F818002046E1688847064660
:100650000FF09EFD0028EED1012F0AD02E2E08D1DA
:100660002046E16888477F1C0646022F45F020059A
:10067000C4DBA069002803DA404245F00105A0610F
:10068000E80701D025F01005A6B1A6F14100192810
:1006900002D8203645F400654A463146204625609A
:1006A0004D46FFF77FFD60B1012807D0ED1D25F015
:1006B000070000E007E000F1080978E705F1040908
:1006C00075E730467AE7206ABDE8F09F721A0100AC
:1006D0000FB400B58DB010A9099000910B904FF0A8
:1006E000FF300A9000200C90064878440690064897
:1006F00078446A4607900F9909A800F05DFD0DB097
:100700005DF814FBEB0A0000030B00002DE9FF5F0E
:100710004FF000089946144646469169D2E901A770
:10072000DDF838B001988847054659EA0B0005D036
:1007300009E0A1690198761C88470546216A284688
:1007400088470028F5D1681C03D05FEACA7005D03D
:1007500015E04FF0FF3004B0BDE8F09F2068011DA8
:100760002160D0F800800AE05FEACA7001D108F881
:10077000015BA169761C01987F1E88470546002F02
:100780001ADD681C18D0B9F1000F0DD0E81705EB81
:10079000D060421120F01F0059F822102A1A0120BF
:1007A00090400142E0D107E0BBF1000FDCD12846C8
:1007B000216A88470028D7D0E16901988847BBF1B2
:1007C000000F07D1002E05DD5FEACA7002D10021BB
:1007D00088F80010A068B84203DDBBF1000F03D019
:1007E00017B16FF00100B6E73046B4E770B50646C2
:1007F00000F0F2F90468054630460A22002100F0B4
:1008000002F82C6070BD2DE9F04791460F468046F6
:100810000446002614F8015B2DB100F0D1F9006800
:10082000405DC007F6D12B2D02D02D2D18D0641EAF
:100830004A463946204600F0EFFC27B13968A1420C
:1008400001D1C7F800804FF0020471050BD540427A
:10085000002803DD00F0C0F90460A007BDE8F087C0
:1008600046F48066E4E70028F8DA00F0B5F90460A1
:100870006FF00040F2E740EA0103024630B59B0703
:1008800010D14FF0013400E008C208C91D1B9D4380
:1008900015EAC41FF8D013F0FF0102F8011B0DD0B8
:1008A0001B0AF8E711F8013B002B02F8013B05D0C9
:1008B00011F8013B002B02F8013BF3D130BD10B51C
:1008C000431C02E010F8011B71B18107FAD14FF00F
:1008D000013202C88C1A8C4314EAC211F9D0C01A32
:1008E0000A0603D0C01E10BDC01A10BD0A0401D0F4
:1008F000801E10BD0902FCD0401E10BDCBB22AB133
:1009000001788B4203D0401C521EF9D10020704761
:1009100040EA010370B59B072ED14FF00136042A3F
:100920002AD308C810C99D1B9D43121F15EAC6157E
:1009300017D0D8B2E1B2401A50EA056110D198B28E
:10094000A1B2401A50EA05410AD123F07F4024F0B9
:100950007F41401A50EA052102D1180EA0EB146025
:1009600070BDA342DBD018BA21BA884201D9012058
:1009700070BD4FF0FF3070BD0AB9002070BD10F897
:10098000013B11F8014B63B1A3420AD1521E08D0BA
:1009900010F8013B11F8014B1BB1A34201D1521ECB
:1009A000EDD1181B70BD032A40F2308010F0030C0B
:1009B00000F0158011F8013BBCF1020F624498BFB2
:1009C00011F801CB00F8013B38BF11F8013BA2F14F
:1009D000040298BF00F801CB38BF00F8013B11F0CA
:1009E000030300F06884083AC0F0088051F8043B23
:1009F000083A51F804CBA0E80810F5E7121D5CBFD7
:100A000051F8043B40F8043BAFF30080D20724BF09
:100A100011F8013B11F801CB48BF11F8012B24BF9D
:100A200000F8013B00F801CB48BF00F8012B7047EC
:100A300002F0FF0343EA032242EA024200F00AB84E
:100A400002F0FF0343EA032242EA024200F024B824
:100A50004FF000020429C0F0128010F0030C00F0E7
:100A60001B80CCF1040CBCF1020F18BF00F8012B65
:100A7000A8BF20F8022BA1EB0C0100F00DB85FEA33
:100A8000C17C24BF00F8012B00F8012B48BF00F8FF
:100A9000012B70474FF0000200B51346944696466E
:100AA000203922BFA0E80C50A0E80C50B1F1200181
:100AB000BFF4F7AF090728BFA0E80C5048BF0CC02F
:100AC0005DF804EB890028BF40F8042B08BF70478D
:100AD00048BF20F8022B11F0804F18BF00F8012BFF
:100AE000704710B5044610F0030F08BF11F0030F54
:100AF00040F015804FF0013E121FC0F20E8051F8F9
:100B0000043BA3EB0E0C2CEA030C1CEACE1C08BF22
:100B100040F8043BF0D0A1F1040102F10402521E9E
:100B200008DB11F8013B00F8013B002BF7D111461F
:100B3000FFF78EFF204610BD4FF0013C50F8042B0C
:100B400051F8043B9A4221D1A2EB0C03934313EAE0
:100B5000CC1317D150F8042B51F8043B9A4215D10D
:100B6000A2EB0C03934313EACC130BD150F8042BE4
:100B700051F8043B9A4209D1A2EB0C03934313EAC8
:100B8000CC13DBD04FF00000704700BFD01A01BA81
:100B9000B1FA81F101F0180122FA01F0CB40DBB289
:100BA000C0B2C01AC1F120012CFA01F3D11A91434D
:100BB00011EAC311E6D170477047704770470000D3
:100BC00010B500F0AFFB001D10BD00BFE900010033
:100BD00000487047900000200048704788000020BF
:100BE000704770477047704738B504460A46002082
:100BF0006946AFF30080002808BF38BD024600995F
:100C0000204600F093FB012038BD012000F070BEAB
:100C1000F8B5AFF30080054600200C46102000BF59
:100C20000646A819A0420DD9324669460020AFF306
:100C30000080070008BF00F05BFE0098A04218BFCC
:100C40000546C419FFF7C4FF05600746F01D20F0F4
:100C500007004619284600F00AF8B44208BFF8BD5C
:100C6000A21B31463868BDE8F84000F05FBB0021A8
:100C70000160C0E9011070471020704710B5FFF700
:100C8000ABFF006810BD10B50446FFF7A5FF046078
:100C900010BD2DE9F0470D4699469246044600F1F5
:100CA00024080168880604D5E06921F0100121605C
:100CB00000E00120A84201DD471B00E00027A169F8
:100CC0007A1902EB0900081AA0612078C00602D444
:100CD0002046FFF7D1FB002608E0D4E901211AF8ED
:100CE00006009047206A401C761C20624E45F4DBCB
:100CF0002078C0060AD52046FFF7BEFB06E0D4E9FF
:100D0000012130209047206A401C2062381EA7F144
:100D10000107F4DC07E0D4E9012118F80500904749
:100D2000206A401C2062281EA5F10105F3DC204644
:100D3000FFF7B8FB2078000602D50220BDE8F08757
:100D40000120FBE72DE9FF4F0C461E464FF0FF3711
:100D50008BB0D2E90001DDF860800A908A46C1F3C9
:100D60000A5505B93D46002108464FF00000BAF18A
:100D7000000F00F4400005DA00EB80004FF4400162
:100D800001EA50004FEA9059B9F1010F00DDB94670
:100D90000A9850EA4A000ED044F61050A5F2FF35EA
:100DA00045432F14B8F1000F1ED07542291E1EDDD9
:100DB000C9F100021CE0B8F1010F4FF0000001D0B2
:100DC000302103E0F24305E02154401CB042FBDB3C
:100DD00030460022002121540B99C1F80880C1E956
:100DE00000200FB0BDE8F08FBD1B6D1CDEE74A464A
:100DF00000DA694206A800F009FD06AB93E8070097
:100E000003AB83E8070050460A990EF06FFD8DE8AA
:100E10000700A0F500501F3800900398002D0ADD50
:100E200042F21F014A460844002303A90390684682
:100E30000EF0D8FF09E0A0F500504A461F38002305
:100E400003A9039068460EF0E2FF8DE80700000456
:100E5000000C03D04FF0FF30410800E01046B8F11D
:100E6000000F03D00022009215461EE0751E05D427
:100E700000F076FA303262556D1EF9D5B346012284
:100E8000084302D000227F1C04E02078302801D1E2
:100E900000227F1E002A099784D01DE0112D07DA59
:100EA00000F05EFA303262556D1C50EA0102F5D155
:100EB000084302D00098C8B10EE00021681E05E08A
:100EC000235C625C63542254401E491C8142F7DB60
:100ED000AB46A81B401E0990002004F80B000B989D
:100EE000099AC0F80880C0E9002B7AE711264FF074
:100EF000000857E72DE9F04F88460446D21D22F03E
:100F0000070191B0D1E90001CDE90A010FF0B6F86F
:100F100002460B98C00F01D02D2007E02068810702
:100F200001D52B2002E0202101EAC000032A09900C
:100F300001D0072A05DB03464146204600F05EFA51
:100F40000BE12078800601D5E06900E00620B8F1C9
:100F5000650F814606D0B8F1660F18D0B8F1670F5B
:100F600070D131E00020B9F1110F009001DB1123A5
:100F700001E009F101030AAA01A90CA8FFF7E2FEAA
:100F8000DDE90C70002609F10105834647E00120E8
:100F90004B4600904FF000470AAA01A90CA8FFF7A2
:100FA000D1FEDDE90DB00C995D46002610B909F1BE
:100FB00001000D18B9EB050003D4C0F1FF3609F1AB
:100FC0000105A5EB09002BE0B9F1010F01DA4FF0A3
:100FD00001090020B9F1110F0090484601DD1123ED
:100FE00000E003460AAA01A90CA8FFF7ABFEDDE961
:100FF0000C704D4600268346207800070AD4AB4586
:1010000000DA5D4601A8012D04DD411911F8011C2B
:10101000302907D04F4502DA17F1040F04DA012016
:1010200082460FE06D1EEEE7002F02DCED1B3E4412
:1010300003E0781CA84200DD7D1CB81B00F1010A0A
:101040004FF000472078000703D4AA4501DB4FF09A
:10105000FF3A0021B7F1004F0DF143088DF843101E
:1010600024D002202B23002F01DA7F422D230A21D6
:10107000021EA0F1010000DC5FB197FBF1FC97FBC1
:10108000F1F201FB1C7C17460CF1300C08F801CD85
:10109000EEE7A8F1010003702188090501D545217B
:1010A00000E06521A0F1010800F8011C09980FA9D2
:1010B000A1EB0807FF1D00B10120411901EBEA7007
:1010C000A1693844081A401EA0612078C00602D4E5
:1010D0002046FFF7D1F9099828B1D4E901219047BA
:1010E000206A401C20622078C00622D52046FFF7E7
:1010F000C3F91EE0002E04DBB34502DD01A8805DCC
:1011000000E03020D4E901219047206A401C206291
:10111000761CAAF101005FEA000A0AD100F002F988
:10112000C0680168405CD4E901219047206A401CF6
:101130002062281EA5F10105DCDC07E0D4E90121CD
:1011400018F8010B9047206A401C2062381EA7F156
:101150000107F3DC2046FFF7A5F9032011B041E6B3
:1011600001694A1C02610878704700B58FB0CDE96B
:1011700001310021059105497944CDE9031011465B
:101180006846FFF709FA0FB000BD0000E5FFFFFF5A
:101190000A6802F8010B0A607047D1E900239A42FD
:1011A00002D2531C0B60107070470000026811449B
:1011B0001378016018467047D16005497944516140
:1011C00004497944116200211161114600F064B9AB
:1011D000EDFFFFFF25020000426842B1016811F8EF
:1011E000013B23B1521EC0E900121846704701218D
:1011F000C160881E704742685AB1C368016843B92C
:1012000083688B4205D0491E521CC0E900120020A1
:1012100070474FF0FF3070472DE9F05F824615466A
:101220008B4600270AF10104B9460078302801D026
:101230009DB113E014F8010B0127782803D058283A
:1012400001D045B10AE00DB1102D07D1002714F8E7
:10125000010B102502E0082500E00A250026B04613
:101260000EE005FB080005FB06F101271FFA80F8D8
:1012700001EB1046B6F5803F00D3B94614F8010BD8
:10128000294600F0FBF80028EBDABBF1000F05D08F
:101290000FB1641E00E05446CBF80040B9F1000FD6
:1012A00006D0FFF799FC02210160C81EBDE8F09F3F
:1012B00048EA0640FAE710B5203AC0F00B80B1E8E2
:1012C0001850A0E81850B1E81850A0E81850203A7B
:1012D000BFF4F5AF5FEA027C24BFB1E81850A0E884
:1012E000185044BF18C918C0BDE810405FEA827C9E
:1012F00024BF51F8043B40F8043B08BF7047D207B5
:1013000028BF31F8023B48BF11F8012B28BF20F855
:10131000023B48BF00F8012B7047000000487047AF
:101320008800002000487047A8000020034640685D
:101330008C46002818BF88423CBF03464068F8D35B
:1013400018681844884207D00CF1030020F0070009
:10135000001D411A521A0146081D0A60FFF721B804
:1013600030B5B0F10A0271F100034FEA900E4EEA77
:10137000817EB0EB0E0061EB91014FEA101E4EEA48
:10138000017E10EB0E0041EB11114FEA102E4EEAD8
:10139000016E10EB0E0041EB11214FEA104E4EEAA8
:1013A000014E10EB0E0041EB1141401841F10001DC
:1013B0004FEAD00040EA41704FEAD1014FEA810480
:1013C00044EA907410EB800544EB01046D1944EB82
:1013D0000404521BA3414FF0000348BF0A3200D55A
:1013E00030BD401C41F1000130BD10B50446FFF78F
:1013F000E7FB0068005D00F0010010BD2DE9F04141
:101400001F46044603260168072A01F4006004DB36
:1014100008B116A505E016A503E008B115A500E082
:1014200015A521F010002060A069C01EA0610FB1B9
:10143000401EA0612046FFF71FF84FB1D4E90121FB
:1014400038469047206A401C2062C01C206206E09B
:10145000206AFAE7D4E9012115F8010B9047761EBE
:10146000F8D22046FFF71EF8BDE8F0814E414E004D
:101470006E616E00494E4600696E66003A2800D2E1
:10148000303820F02002412A01D3A2F137008842EF
:1014900001D34FF0FF3070472DE9F34F4FF0000AB2
:1014A0000C4656468DB001200C9001F10C000B90BB
:1014B00062690B9801219047051E2DD0252D2CD057
:1014C000216A8847C0B162690B9801219047216A5F
:1014D00088470028F7D16269411E0B98904700E0C9
:1014E000761CA1690D988847216A88470028F7D1A2
:1014F000E1690D988847DBE7A1690D988847A84204
:10150000074601D1761CD3E7E1690D9888477F1C17
:1015100002D1BAF1000F6FD06BE162690B9800271E
:101520003D46394690472A2804D162690B9801212B
:1015300090470125DFF8D08262690B98012190471E
:10154000A0F130010A290AD24745E5DC07EB870103
:1015500000EB4107303FDFD445F01005ECE7E9062A
:1015600001D46FF000476C280AD04C2814D06828AA
:1015700015D06A280DD074281CD07A281AD01DE006
:1015800062690B98012190476C2802D045F0040550
:1015900014E045F002050DE045F020050AE062691F
:1015A0000B9801219047682802D045F0080505E016
:1015B00045F4006562690B9801219047C4E9015721
:1015C00065283DD019DC58287AD00CDC452837D066
:1015D00004DC252826D041289ED131E046282FD092
:1015E000472899D12CE05B2877D0612828D0632840
:1015F0007CD0642823D15AE0F6E06F2848D008DC7C
:1016000066281DD067281BD0692821D06E2816D1E6
:1016100027E0702845D0732868D0752847D07828EF
:101620000DD14DE0A1690D988847252805463FF466
:1016300069AFE1690D9888476D1C3FF46AAFD8E047
:101640000D9923466A466FF00100AFF30080C5E0B4
:1016500045F0400023464FF000026060A80736D4F2
:101660003EE0E8077FF447AF2068011D2160006875
:10167000290501D506701BE7290701D5068017E764
:10168000A90703D5F117C0E9006111E706600FE76C
:1016900045F0400023464FF008026060A80716D4CA
:1016A0001EE040F60E0125EA0100606016E045F0FC
:1016B000400023464FF00A026060A80707D40FE0FD
:1016C00045F040006060A80708D5234610220D9918
:1016D0006FF00100AFF3008080E007E010222346A6
:1016E0000D996FF00100AFF3008077E04FF0000933
:1016F00063284F46C8464B46CB4602D05B2806D0EF
:1017000038E0E80601D40120A060012732E06269D8
:10171000D4F80CB00B98012190475E2807D14FF008
:10172000010949466269D4F80CB00B9890472169C9
:1017300039B900210A4603AB43F82120491C082986
:10174000FADBD8B3216949B308F1010862690B9843
:10175000012190475D28F4D1B9F1000F09D0002094
:1017600003A951F82020D24341F82020401C08282A
:10177000F7DB03AB2069002820794FEA40701ED0C8
:101780005B462246CDF80080CDE901970D990028EF
:101790006FF0010020DAAFF300801FE0C11703AA49
:1017A00000EBD1614B1121F01F0102EB8302411AC2
:1017B00013680120884003431360C7E719E00D99BF
:1017C000224600286FF00100009702DAAFF3008094
:1017D00004E0FEF79BFF01E0AFF3008000280ADA87
:1017E000401C06D10C9820B14FF0FF300FB0BDE87F
:1017F000F08F5046FAE7E90701D10AF1010A0644E1
:1018000000200C9054E60000CCCCCC0C2DE9F04725
:10181000814616468AB0354878440DC88DE80D00DB
:1018200032487844801C03AC0DC884E80D0041F6B2
:101830009B300844372190FBF1F290FBF1F5A5F1C4
:10184000800501FB12041B3C02D56442012000E02C
:101850000020DFF898A080460027FA44AAF1BE0ACB
:101860000EE0E0070AD03246684607EB4701012345
:101870000AEB81010EF0CBFA8DE8070064107F1CA3
:10188000002CEED1194F7F44AE3F19E0E80715D088
:1018900007EB04100DF1180A90E80E008AE80E001C
:1018A000C068F04201D1981908903246012306A978
:1018B00003A80EF0ACFA03AB83E807006D10641CBC
:1018C000002DE3D14FF0010332466946B8F1000F15
:1018D00003A802D00EF086FA01E00EF098FAC9E9EA
:1018E0000001C9F808200AB0BDE8F087200901000E
:1018F00010B500F039F8BDE8104000F02FB870477F
:101900007546FFF70BFDAE4605006946534620F0CD
:101910000700854618B020B5FEF788FCBDE82040DA
:101920004FF000064FF000074FF000084FF0000B9B
:10193000AC46ACE8C009ACE8C009ACE8C009ACE80A
:10194000C00921F007018D46704710B50446AFF37A
:1019500000802046BDE81040FEF754BC002801D0AE
:1019600000F02AB87047000010B5012805D000210A
:1019700003A000F027F8012010BD09A1F8E700003E
:1019800053494752544D454D3A204F7574206F6668
:101990002068656170206D656D6F727900000000D0
:1019A0003A2048656170206D656D6F727920636FB4
:1019B000727275707465640001491820ABBEFEE751
:1019C0002600020070B505460C460A2000E06D1C9A
:1019D00000F011F835B128780028F8D102E0641C35
:1019E00000F009F814B120780028F8D1BDE8704063
:1019F0000A20AFF3008008B569468DF80000032087
:101A0000ABBE08BD80B582B0FEF722FC0BF020FA19
:101A10000CF0C4F80CF032FB0CF082FA0A200090B3
:101A200042F6283049F20D114FF0140CC0F60100B7
:101A3000C0F6000100224FF48063CDF804C00CF022
:101A400027FB0CF0B9FC0CF021FB0CF0D7FB0CF0E1
:101A5000FDFA002002B080BDFEE7000040F2D83061
:101A6000C2F2000000F046B940F21C40C2F2000091
:101A700000F040B940F26040C2F2000000F03AB914
:101A800040F2A440C2F2000000F034B970470000F8
:101A9000EFF3108072B600BFFEE7000070B542F2AF
:101AA0000C060446C4F2020600F004FD3168C907C2
:101AB00018D13068800644BF202030603068C006EE
:101AC00007D43069C00704D1306840075CBF0020EC
:101AD00070BD3068C00623D40020316849072BD47C
:101AE00034E000BF002C47D00546601C0ED13068A2
:101AF000C007DED03068C0071CBF30685FEAC07026
:101B0000D7D03068C007F2D1D3E700BF00F0D2FCD5
:101B1000401BA04230D83068C007F7D1C9E700BFEA
:101B200040F2C860C2F20000C16941F00201C16127
:101B300010203168490709D540F2C861C2F200019E
:101B4000CA6940F0040042F00102CA613169C90764
:101B500002D13060012070BD40F2C861C2F20001C4
:101B6000CA6942F00402CA61316921F001013161A0
:101B70003060012070BD00BF032070BD014690F8A9
:101B80002100022816D10868D1E90FC3026822F0AB
:101B90000E020260026822F001020260012000FAD7
:101BA00003F2CCF8042081F821000020002281F803
:101BB00020207047042088630120002281F8202023
:101BC0007047000080B590F82110022928D10268E2
:101BD00040F2040C1368C4F2020C23F00E031360ED
:101BE00013680CF17C018A4223F0010111601BD9BA
:101BF00040F20841C4F202018A4249D040F21C413D
:101C0000C4F202018A4247D040F23041C4F20201DC
:101C10008A4245D14FF48073CCF800345DE000BFB8
:101C200004218163012080BD4321C4F202018A4264
:101C30000EDD6B21C4F202018A421BDC4421C4F296
:101C400002018A423CD05821C4F202018A4233E0A8
:101C50000821C4F202018A4236D01C21C4F20201DA
:101C60008A4237D03021C4F202018A4224D14FF493
:101C7000807230E06C21C4F202018A4226D08021B9
:101C8000C4F202018A4217D14FF0807223E000BFF4
:101C90000123CCF8003420E01023CCF800341CE001
:101CA0000CF588614FF480338A4208BF4FF48053AB
:101CB000CCF8003411E000BF4FF480320BE000BFDD
:101CC0004FF4805207E000BF012204E04FF480127D
:101CD00001E000BF1022CCF80020012180F8211083
:101CE000426B002180F820100AB19047002108467D
:101CF00080BD000010B5D0E90FE3D0F800C0DEF8D9
:101D00000020DCF80010DA4054072DD511F004044F
:101D10002AD0DCF80010890605D4DCF8001021F088
:101D20000401CCF800100422C4F2020202F17C018A
:101D30008C454DD940F20841C4F202018C4500F0B7
:101D4000B18040F21C41C4F202018C4500F0AE802B
:101D500040F23041C4F202018C4540F0AB804FF4B8
:101D60008061C2F80014F9E0940747D511F002042D
:101D700044D0DCF80010890608D4DCF8001021F00B
:101D80000A01CCF80010012180F821100422C4F2CD
:101D9000020202F17C018C454ED940F20841C4F2A6
:101DA00002018C4500F0B68040F21C41C4F20201F1
:101DB0008C4500F0B38040F23041C4F202018C4502
:101DC00040F0B0804FF40071C2F80014D8E000BFBA
:101DD0004321C4F202018C4544DD6B21C4F20201AF
:101DE0008C4551DC4421C4F202018C4500F0A680F0
:101DF0005821C4F202018C4568E000BF120740F18F
:101E0000C58011F0080108BF10BDDCF8001021F0FA
:101E10000E01CCF80010012101FA03F2CEF80420E3
:101E2000816380F82110016B0022002980F82020B6
:101E300040F09680AAE000BF4321C4F202018C4525
:101E400048DD6B21C4F202018C4555DC4421C4F20B
:101E500002018C4500F088805821C4F202018C45B3
:101E600076E000BF0821C4F202018C456AD01C2133
:101E7000C4F202018C456FD03021C4F202018C45BE
:101E800024D14FF4806168E06C21C4F202018C45DA
:101E90005AD08021C4F202018C4517D14FF08061E5
:101EA0005BE000BF0421C2F8001457E04021C2F8F3
:101EB000001453E002F588634FF480219C4508BF6D
:101EC0004FF48041C2F8001448E000BF4FF4802175
:101ED00043E000BF0821C4F202018C4548D01C2118
:101EE000C4F202018C4549D03021C4F202018C4574
:101EF0002ED14FF4007142E06C21C4F202018C45F6
:101F000038D08021C4F202018C4521D14FF00071FC
:101F100035E000BF0221C2F8001431E02021C2F8F0
:101F200000142DE002F588634FF400319C4508BF92
:101F30004FF40051C2F8001422E000BF4FF480417A
:101F40000BE000BF042108E04FF4800105E000BF72
:101F50004FF4003113E000BF40211160C16AA9B104
:101F6000BDE81040084700BF4FF4005107E000BF34
:101F7000022104E04FF4001101E000BF20211160B4
:101F8000816A0022002980F82020E9D110BD0000DC
:101F9000014600284FF0010008BF70472DE9F047C7
:101FA00040F2000CC4F2020C0A684FF6F8330CF54C
:101FB000816ECBF6FD73724538BF03F5806303EB8A
:101FC000020E4CF6CD43CCF6CC43AEFB033E6FF095
:101FD00003060CF5806506EA9E06D1E901A9D1F851
:101FE0000C803CBF0025C4F20205C1E90F56022651
:101FF00081F82160166843F6F075AE4346EA0A069A
:10200000D1E9045746EA090646EA0806D1E906433B
:102010002E43374327433B43136000228A6381F8F2
:10202000210081F820200020BDE8F0477047000023
:10203000F0B590F820C0BCF1010F32D04FF0010E86
:1020400080F820E090F821C0BCF1010F26D14FF0BC
:10205000020C80F821C04FF0000CC0F838C0D0E965
:1020600000C4C56AC66BDCF80070102C27F00107AD
:10207000CCF80070006C0EFA00F070600846CCF8E6
:10208000043004BF10460A46CCF80800CCF80C20F7
:10209000DCF8000045B140F00E000DE0002180F8B2
:1020A00020100220F0BD00BF20F00400CCF800009A
:1020B000DCF8000040F00A00CCF80000DCF800007A
:1020C00040F00100CCF800000020F0BD2DE9F04305
:1020D00081B040F2C866C2F20006327E012A03D106
:1020E000022001B0BDE8F083054601202C6830765F
:1020F0004CF250308846FFF7D1FC022C1CD100284E
:102100004ED1002042F21004F061C4F202042068B3
:1021100040F004002060206840F0400020604CF255
:102120005030FFF7BBFC216821F004012160002141
:10213000317601B0BDE8F08390BB4FF0FF30C8F8B6
:102140000000D5E9027007EBC020874228D242F296
:102150001004C4F202044FF0000900BFC6F81C903E
:10216000206840F0020020606760206840F0400076
:1021700020604CF25030FFF791FC216821F0020101
:10218000216098B9D5E9020107F5006700EBC1208D
:102190008742E3D300200021317601B0BDE8F0830F
:1021A00001200021317601B0BDE8F083C8F800704D
:1021B0000021317601B0BDE8F083000042F2100149
:1021C000C4F20201086840F0800200200A607047F3
:1021D0002DE9F04F81B040F2C869C2F20009924681
:1021E00099F81820012A03D1022001B0BDE8F08F30
:1021F0008046012089F818004CF250309B460E466C
:10220000FFF74CFCA0BB404642F21007B8F1020FAA
:1022100018BF0420C4F20207B8F1010F08BF4046FE
:1022200045424FF000080024C4F12001C9F81C8089
:102230002AFA04F00BFA01F13A680843B4F12001DC
:1022400058BF2BFA01F042F00101396026F8020B69
:102250004CF25030FFF722FC3968013521F00102C1
:1022600048F100013A6018B9002904F11004DBD0EC
:10227000002189F8181001B0BDE8F08F42F2040087
:10228000C4F20200C16809065CBF0020704740F23A
:102290002311C4F26751016048F6AB11CCF6EF513F
:1022A0000160C068C0B2C009704700002DE9F04F5E
:1022B00082B041F60043C4F201030E680622984240
:1022C00008BF0522002E009200F0F080A0F18043AC
:1022D000A3F5843340F200484FF6FF754FEAB32769
:1022E000C4F20108009A4FF0000E0123C1F210055C
:1022F0004FF00F0C4FF0000A4FF0000B052F38BFC6
:102300003A46009209E000BF0E680AF1010A36FA67
:102310000AF20EF1040E00F0C98003FA0AF916EA77
:10232000090FF1D04E68AE4212DC122E56D8DFE80B
:1023300006F0350B45495555555555555555555587
:102340005555554D510000BFD1F80CB046E000BFC7
:102350004FF6FF72C1F2210296420FDC0022C1F259
:10236000110296421AD00022C1F21202964215D0F2
:102370000022C1F22102964210D02FE00022C1F2C9
:10238000220296420AD00022C1F23102964205D0C2
:102390000022C1F23202964220D100BF8E684EB1B7
:1023A000012E14BFC0F81490C0F810904FF0080B25
:1023B00014E000BF4FF0040B10E000BFCF6807F13E
:1023C000080B0BE04FF0000B08E000BFCF6807F1EF
:1023D000040B03E0CF6807F10C0B00BF74460746FF
:1023E000BAF1080F24BF203C04373E680CFA04F20F
:1023F00026EA02020BFA04F632433A60CA79D206A0
:102400007FF582AF41F21807C4F202073A684FF62F
:10241000084342F001023A603A68CFF6FF7302F0D7
:1024200001020192019A2AF003024244D7580EF0A9
:102430000C060CFA06F4A743009C04FA06F6374390
:10244000D750D1F804C040F20C445FEACC22D8F84F
:10245000082054BF22EA090642EA0906C4F2010430
:102460005FEA8C22C8F80860226854BF22EA090695
:1024700042EA09065FEA8C322660D8F8042054BF8D
:1024800022EA090642EA09065FEACC32C8F804608B
:102490004FF00F0C4FF00103D8F8002054BF22EA90
:1024A000090642EA0906C8F800602DE702B0BDE857
:1024B000F08F000044F2B460C2F200000068704780
:1024C00040F2240044F2B461C2F20000C2F2000102
:1024D00000780A68104408607047000080B542F236
:1024E0000000C4F20200016841F010010160032005
:1024F00000F0C4F80F2000F005F800F061F80020AB
:1025000080BD0000B0B586B041F21C01C4F20201EA
:102510000A68044642F002020A60096801A801F054
:10252000020101910199694600F098F9049D002D7E
:1025300018BF012500F0BAF94DF68361A840C4F236
:102540001B31A0FB01014FF0FF3000EB914140F245
:10255000305040F20042C2F20000C4F2000240F2E9
:10256000E7330025C0E90021C0E902530561856118
:1025700000F028FC054618B1284606B0B0BD00BFE3
:1025800040F23050C2F2000000F04CFC054600283A
:10259000F2D11D2000F036F80F2C0DD81D20214659
:1025A0000022002500F03EF840F22800C2F20000B0
:1025B0000460284606B0B0BD0125284606B0B0BD6F
:1025C00082B041F21800C4F202000168022241F018
:1025D00001010160016801F0010101910199416867
:1025E00041F080514160406800F0805000900098B8
:1025F0000420C4F20100016862F31A61016002B0B4
:1026000070470000002848BF704700F01F010122FA
:1026100002FA01F14EF200124009CEF2000242F835
:102620002010704710B54EF60C5CCEF2000CDCF8B2
:102630000030C3F3022E8EF00704042C28BF0424BC
:10264000BEF103034FF0FF3E0EFA04F438BF00233F
:10265000A14399400EFA03F39A43114300F00F028D
:10266000043A624409010C3200F16043B0F1FF3FCB
:10267000C8BF03F56442117010BD00004EF60C5146
:10268000CEF200010A684FF6FF031A4060F30A22F7
:1026900042F0806040F0FD70086070472DE9F04323
:1026A00081B0002800F0858042F20008C4F20208E0
:1026B0000446D8F800000D4600F0070088420CD20E
:1026C000D8F8000020F007002843C8F80000D8F828
:1026D000000000F00700A8426BD1206841F2040915
:1026E0008107C4F2020917D5410705D5D9F80010B2
:1026F00041F4E061C9F80010010705D5D9F80010D0
:1027000041F46051C9F80010D9F80010A26821F016
:10271000F0011143C9F80010C00741D1D8F80000FA
:1027200000F00700A8420CD9D8F8000020F00700FC
:102730002843C8F80000D8F8000000F00700A842BD
:1027400037D12068410707D5D9F80010E26821F495
:10275000E0611143C9F80010000708D5D9F800005E
:10276000216920F4605040EAC100C9F80000D9F89E
:10277000002002F00C00082841F20020C0F27A008C
:1027800050D142F2AC63C2F38341C0F60103595CFD
:10279000D2033BD440F60010C0F23D00484341E074
:1027A000606802280AD001282AD159F8041C89033C
:1027B00008D4012001B0BDE8F08300BF59F8041C23
:1027C0008901F6D5D9F8001021F003010843C9F8B2
:1027D0000000FFF76FFE064641F28837D9F8000087
:1027E000616800F00C00B0EB810F97D0FFF762FE3C
:1027F000801BB842F2D9032001B0BDE8F08300BFCE
:1028000059F8041C8907D4D5DCE700BFD9F80020AB
:1028100042F2A813C2F34042C0F601039A5C484357
:10282000B0FBF2F0D9F8001042F29012C1F303119C
:10283000C0F60102515C40F2340220FA01F140F28C
:102840002800C2F200000068C2F200021160FFF727
:1028500059FE002001B0BDE8F08300000F220260A5
:1028600041F20402C4F20202136803F0030343605E
:10287000136803F0F0038360136803F4E063C3603C
:1028800012684FF4E06303EAD202026142F20000F0
:10289000C4F20200006800F0070008607047000002
:1028A00040F23400C2F200000068704740F2340089
:1028B00041F20401C2F20000C4F20201006809689A
:1028C00042F2A012C1F30221C0F60102515CC840DD
:1028D0007047000040F2340041F20401C2F20000EF
:1028E000C4F202010068096842F2A012C1F3C221D9
:1028F000C0F60102515CC840704700002DE9F0416C
:1029000082B0002868D00446007841F20006C00773
:10291000C4F2020625D0706800F00C0004281BD019
:10292000706800F00C00082802D17068C00313D44E
:102930006068002800F06881B0F5A02F00F07C816D
:10294000B0F5803F00F07C81306820F4803030604A
:10295000306820F4802076E13068800301D560681B
:10296000D0B32078800718D5706810F00C0F07D00E
:10297000706800F00C0008286ED17068C0036BD43A
:102980003068800702D52069012825D13068616947
:1029900020F0F80040EAC1003060207800071FD422
:1029A0002078400732D4E56995B1706800F00C00DA
:1029B000082840F08F80012D0ED07068216A00F445
:1029C00080328A4208D1616A00F47010884203D1D3
:1029D000002002B0BDE8F081012002B0BDE8F08126
:1029E000A069002862D00020C4F242200121C0F872
:1029F0008014FFF75FFD0546706A800700F18C8048
:102A0000FFF758FD401B0228F6D92AE1F06910F0C3
:102A1000805808D1F06940F08050F061F06900F012
:102A200080500090009847F20007C4F20007386811
:102A3000C00529D4386840F480703860FFF73AFD4B
:102A4000054600BF3868C0051ED4FFF733FD401BA4
:102A50006428F7D905E100BF2069002840F2000092
:102A6000C4F2422000F0828001210160FFF722FDC4
:102A7000054600BF306880073FF588AFFFF71AFDB5
:102A8000401B0228F6D9ECE0E068002800F08080C6
:102A9000052800F09780012800F09880306A20F027
:102AA00001003062306A20F0040092E00020C4F29D
:102AB00042200021C0F88014FFF7FCFC054600BF4F
:102AC000706A80077FF56CAFFFF7F4FC401B0228AB
:102AD000F6D9C6E00027C4F2422700203866FFF787
:102AE000E9FC022D05460BD13068800140F1BE8023
:102AF000FFF7E0FC401B02284FF00300F4D968E721
:102B0000306880017FF564AFFFF7D4FC401B0228DA
:102B10004FF00300F4D95CE740F23400C2F2000049
:102B2000006844F6D351C1F26201A0FB0101480ADA
:102B3000019000BF00BF0198411E002801913FF4A1
:102B40002FAF00BF0198411E002801913FF428AF2C
:102B500000BF0198411E002801913FF421AF00BF42
:102B60000198411E00280191E4D119E7002101607C
:102B7000FFF7A0FC054600BF306880077FF50DAF6A
:102B8000FFF798FC401B02284FF00300F4D920E720
:102B9000306A20F001003062306A20F004003062B8
:102BA000FFF788FC054641F2883700BF306A80078E
:102BB00020D5FFF77FFC401BB8424FF00300F5D94A
:102BC00007E700BF306A40F004003062306A40F02E
:102BD00001003062FFF76EFC054641F2883700BF06
:102BE000306A800706D4FFF765FC401BB842F7D96E
:102BF00037E000BFB8F1000F7FF4D5AEF06920F0E8
:102C00008050F061CFE600BF306820F48030306043
:102C1000306820F480203060FFF74CFC054600BF90
:102C2000306880037FF59DAEFFF744FC401B6428AD
:102C30004FF00300F4D9CCE6306840F480203060D7
:102C4000306840F480303060FFF734FC054600BF48
:102C5000306880033FF585AEFFF72CFC401B6428ED
:102C6000F6D9032002B0BDE8F08100BF206AB0F5BC
:102C7000803F05D17168A26821F400311143716071
:102C80007168626A21F47411104308437060012076
:102C90003866FFF70FFC0446306880013FF598AEB8
:102CA000FFF708FC001B02284FF00300F4D990E660
:102CB000411E0020B0EB116F1CBF012070474EF287
:102CC0001002CEF2000251604EF62351CEF2000106
:102CD000F0230B700721906011607047704700006F
:102CE00070470000B0B590F83C20012A04BF0220D4
:102CF000B0BD01F108053CCDD1E900CE23F47C53F1
:102D000022F470521A432EF4F0431A432CF4E04399
:102D10001A4324F4C0431A432A43C96922F4804267
:102D2000036811435964002180F83C100846B0BD87
:102D300010B590F83C20012A4FF002023FD080F8F5
:102D40003D200268D2F804E0D2F808C00C682EF0EA
:102D50007003234340F6FF34C4F20004A2425360E0
:102D600010DCB2F1804F1FD040F20043C4F20003E8
:102D70009A4219D040F60003C4F200039A4213D0DD
:102D800017E000BF40F60043C4F200039A420BD0A4
:102D900043F20043C4F201039A4205D042F60043D5
:102DA000C4F201039A4204D149682CF0800319430C
:102DB00091600121002280F83D1080F83C201046EF
:102DC00010BD0000002804BF0120704710B5044664
:102DD00090F83D0028B9002084F83C00204600F01F
:102DE0001FF8022084F83D002068211D01F044FDF9
:102DF000012084F8460084F83E0084F83F0084F8FF
:102E0000400084F8410084F8420084F8430084F8CC
:102E1000440084F8450084F83D00002010BD000007
:102E20007047000090F83D1001291CBF0120704739
:102E3000022180F83D10006840F6FF32C168C4F2FC
:102E40000002904241F00101C1600FDCB0F1804FFF
:102E50001ED040F20041C4F20001884218D040F672
:102E60000001C4F20001884212D018E040F600418F
:102E7000C4F2000188420BD043F20041C4F20101C8
:102E8000884205D042F60041C4F20101884206D1D1
:102E9000816801F00701062904BF0020704701681E
:102EA00041F0010101600020704700007047000000
:102EB0007047000070B504460068C5680669B10730
:102EC00016D515F0020113D06FF002010161012146
:102ED00021778069800703D02046FFF7E9FF05E0EE
:102EE000204600F08FF8204600F092FA002020776C
:102EF000700719D515F0040016D020686FF0040192
:102F0000016102212177806910F4407F04D02046BE
:102F1000FFF7CEFF06E000BF204600F073F8204622
:102F200000F076FA00202077300717D515F008005A
:102F300014D020686FF00801016104212177C06975
:102F4000800703D02046FFF7B3FF05E0204600F0DE
:102F500059F8204600F05CFA00202077F00619D5D9
:102F600015F0100016D020686FF0100101610821E3
:102F70002177C06910F4407F04D02046FFF798FF06
:102F800006E000BF204600F03DF8204600F040FA81
:102F900000202077F00718BF15F0010002D130069D
:102FA00009D412E020686FF001010161204600F0B1
:102FB000EBFB300609D515F0800006D020686FF0D5
:102FC000800101612046FFF789FE700609D515F0E2
:102FD000400006D020686FF040010161204600F0FB
:102FE000DDFBB00658BF70BD15F0200008D0216889
:102FF0006FF0200220460A61BDE87040FFF770BE06
:1030000070BD0000704700002DE9F04190F83C30A1
:10301000012B04BF0220BDE8F0814FEAB202032A6F
:1030200000F21A81DFE802F002468ED8036843F20C
:1030300000461D6A1A6A25F0020522F001021A6292
:103040001A465C6852F818EF8F68D1F800C0C4F2D5
:103050000106B34245EA070505D042F60047C4F22F
:103060000107BB4205D1CF6825F00C0527F0040706
:103070003D43B34205D042F60046C4F20106B342D6
:1030800005D1D1E9056724F4407434433C432EF064
:10309000730747EA0C075C609F614F6809695F63CB
:1030A0001D629F6947F008079F619F6927F0040729
:1030B0009F61C7E0036843F200481D6A1A6A25F061
:1030C000200522F010021A621A465C6852F818EFC6
:1030D0008F68D1F800C0C4F20108434545EA0715DE
:1030E00005D042F60047C4F20107BB4207D1CF68C2
:1030F0006FF0400625F0C00506EA07163543434544
:1031000005D042F60046C4F20106B34207D1D1E928
:10311000056724F4406444EA860444EA87042EF4F4
:10312000E64747EA0C275C609F614F6809699F6327
:103130001D629F6947F400679F619F6927F480675C
:103140009F617EE0036843F200481D6A1A6A25F415
:10315000007522F480721A621A465C6852F81CCF1D
:103160008F68D1F800E0C4F20108434545EA07251D
:1031700005D042F60047C4F20107BB4208D1CF6830
:1031800040F2FF463F0225F4406527EA0606354334
:10319000434505D042F60046C4F20106B34207D1CA
:1031A000D1E9056724F4405444EA061444EA0714BC
:1031B0002CF0730747EA0E075C60DF614F6809690E
:1031C000DF631D62DF6947F00807DF61DF6927F011
:1031D0000407DF6136E000BF036843F20047D3F81D
:1031E00020C01A6AC4F2010722F480521A621A46F9
:1031F0005C6852F81C5FD1F800E08E68BB4205D0D5
:1032000042F60047C4F20107BB4204D14F6924F4DF
:10321000804444EA87142CF4005747EA063725F423
:10322000E64646EA0E265C60DE614E6809691E6469
:103230001F62DF6947F40067DF61DF6927F4806799
:10324000DF6109021368194311600021002280F830
:103250003C200846BDE8F0810121002280F83C2096
:103260000846BDE8F0810000002804BF0120704737
:1032700010B5044690F83D0028B9002084F83C00C1
:10328000204600F01FF8022084F83D002068211D30
:1032900001F0F2FA012084F8460084F83E0084F838
:1032A0003F0084F8400084F8410084F8420084F82C
:1032B000430084F8440084F8450084F83D00002071
:1032C00010BD00002DE9F04F83B00446006840F6C1
:1032D0000041C4F20001884266D042F60041C4F2C7
:1032E0000101884240F0908041F21800C4F20200CF
:1032F000016840F2D83541F40061016000681C218A
:1033000000F4006002900298C2F20005C4F20201CB
:1033100000274FF02008284610264FF080094FF470
:10332000807A4FF4806B85E8C20EC5E90687FEF708
:103330002FFE002818BFFEF7ABFB1C2065626C62F5
:10334000C4F2020040F260455030C2F2000585E848
:10335000C10E2846C5E90687FEF71AFE002818BFE9
:10336000FEF796FB1C20E5626C62C4F2020040F29C
:103370001C451430C2F200051021002280234FF4B6
:1033800080774FF480664FF0200C85E88F00284648
:10339000C5E9056CEA61FEF7FBFD002818BFFEF7E2
:1033A00077FBA5622DE000BF41F21C00C4F20200D1
:1033B000016840F2A44541F0080101600068C2F2D2
:1033C000000500F008000190019841F21800C4F2D5
:1033D0000200A0F53C601021002280234FF480778A
:1033E0004FF480664FF0200C85E88F002846C5E931
:1033F000056CEA61FEF7CCFD002818BFFEF748FB1C
:10340000656205F12400046003B0BDE8F08F0000A0
:1034100040F26811C2F2000149684A68824218BF4E
:103420007047896800F030B970470000B0B50C46AD
:10343000054649B1082C15D0042C14BF05F14100F4
:1034400005F13F0010E000BF95F83E00022804BFE0
:103450000220B0BD05F13E000078012840F0C48094
:103460001AE000BF05F140000078022804BF0220E6
:10347000B0BD082C0AD0042C14BF05F1410005F1A1
:103480003F000078012840F0AF8005E005F14000E2
:103490000078012840F0A880002A4FF0010018BFF2
:1034A000002B01D1B0BD00BF02206CB1082C13D09D
:1034B000042C14BF85F8410085F83F004FEAB400A2
:1034C000032810D990E000BF85F83E004FEAB40011
:1034D000032808D988E000BF85F840004FEAB4000F
:1034E000032800F28180DFE800F00323436300BF7C
:1034F000686A44F66111C0F600018162686A44F6A8
:10350000CD11C0F60001C162686A44F60521D5F804
:1035100000C0C0F600010163686A0CF1340C11466A
:103520006246FEF785FD00285ED14FF400715FE032
:10353000A86A44F66111C0F600018162A86A44F6E7
:10354000CD11C0F60001C162A86A44F60521D5F884
:1035500000C0C0F600010163A86A0CF1380C1146E6
:103560006246FEF765FD00283ED14FF480613FE0E2
:10357000E86A44F66111C0F600018162E86A44F627
:10358000CD11C0F60001C162E86A44F60521D5F804
:1035900000C0C0F600010163E86A0CF13C0C114662
:1035A0006246FEF745FDF8B94FF4006120E000BF28
:1035B000286B44F66111C0F600018162286B44F665
:1035C000CD11C0F60001C162286B44F60521D5F883
:1035D00000C0C0F600010163286B0CF1400C1146DD
:1035E0006246FEF725FD08B10120B0BD4FF48051C1
:1035F0002868C2681143C16004F01F010122036AF8
:1036000002FA01F123EA01020262026A114340F662
:10361000FF32C4F20002904201620DDCB0F1804F33
:1036200024D040F20041C4F2000188421ED040F68E
:103630000001C4F2000117E040F60041C4F20001AD
:10364000884213D043F20042C4F2010242F6004124
:103650009042C4F2010101D088420ED1436C9042E5
:1036600043F40043436401D0884206D1816801F0ED
:103670000701062904BF0020B0BD016841F0010127
:1036800001600020B0BD0000B0B50D464FEAB101A9
:1036900003290DD80446DFE801F0030D151D00BF16
:1036A000204650F8241BCA6822F4007218E000BFBC
:1036B0000120B0BD204650F8281BCA6822F4806261
:1036C0000EE000BF204650F82C1BCA6822F40062AE
:1036D00006E000BF204650F8301BCA6822F4805232
:1036E000CA600068FEF76EFA206805F01F0101222B
:1036F000036A02FA01F123EA0101016243F2004286
:10370000016AC4F201029042016205D042F6004112
:10371000C4F20101884209D1016A41F21112114239
:1037200004D1016A40F2444211420FD0016A41F2D1
:103730001112114213D1016A40F2444211420ED1DA
:10374000016821F00101016009E000BF416C21F432
:1037500000414164016A41F211121142EBD0012093
:10376000082D09D0042D0BD0002D14BF84F8410082
:1037700084F83E000020B0BD84F840000020B0BDB9
:1037800084F83F000020B0BD006840F20041C4F260
:103790000001884208BFFEF793BE704770470000E3
:1037A0007047000070470000B0B582B00446006862
:1037B0000168C368426901F02F05202D03F0200540
:1037C00006D12DB1204602B0BDE8B04001F050B99D
:1037D0005FEA017C1EBF02F0010E03F4907212EB4F
:1037E0000E0255D1226B012A05D111F0100218BF2B
:1037F00013F0100236D10A0622D513F080021FD032
:1038000094F84110212941D1A168B1F5805F03D11D
:103810002169002900F07282216A4A1C226209781B
:103820004160E18C01390A04E1842FD1C16821F0A3
:103830008001C160C16841F04001C16002B0B0BD0B
:10384000490623D513F0400120D0C16821F0400182
:10385000C1602021204684F8411002B0BDE8B0408C
:1038600000F062BC00210191016801914168019161
:1038700001994169490600F18F80A18DE28DE38DA8
:10388000002B1CBF891A5FEA01420CD102B0B0BD07
:10389000CA0718BF13F4807240F038814A0700F15C
:1038A0003B8140E1206850E8030F226820F49070CB
:1038B00042E80303DBB1206850E8030F226820F4DC
:1038C000907042E8030393B1206850E8030F226828
:1038D00020F4907042E803034BB1206850E8030FD6
:1038E000226820F4907042E80303002BDAD12068AC
:1038F00050E8050F226820F0010042E80503DBB123
:10390000206850E8050F226820F0010042E8050316
:1039100093B1206850E8050F226820F0010042E8CA
:1039200005034BB1206850E8050F226820F0010024
:1039300042E80503002BDAD1202084F84200002061
:103940002063206850E8030F226820F0100042E84E
:103950000303DBB1206850E8030F226820F0100059
:1039600042E8030393B1206850E8030F226820F077
:10397000100042E803034BB1206850E8030F2268AF
:1039800020F0100042E80303002BDAD1022289B2B2
:1039900020466263B4E000BFE16B0A68526893B2EC
:1039A000002B3FF473AFA58DAB42BFF46FAFE28540
:1039B0008969202900F09D8050E8030F216820F4D8
:1039C000807041E80302EAB1206850E8030F2168E3
:1039D00020F4807041E80302A2B1206850E8030F90
:1039E000216820F4807041E803025AB1206850E851
:1039F000030F216820F4807041E8030212B12068AF
:103A0000DAE700BF206850E8050F216820F00100C8
:103A100041E80502DAB1206850E8050F216820F07E
:103A2000010041E8050292B1206850E8050F2168C5
:103A300020F0010041E805024AB1206850E8050F76
:103A4000216820F0010041E80502002ADAD120684F
:103A500050E8050F216820F0400041E80502DAB186
:103A6000206850E8050F216820F0400041E8050279
:103A700092B1206850E8050F216820F0400041E82D
:103A800005024AB1206850E8050F216820F0400087
:103A900041E80502002ADAD1202084F84200002003
:103AA0002063206850E8030F216820F0100041E8EF
:103AB0000302DAB1206850E8030F216820F01000FB
:103AC00041E8030292B1206850E8030F216820F01A
:103AD000100041E803024AB1206850E8030F216852
:103AE00020F0100041E80302002ADAD1E06BFEF773
:103AF00045F802206063A08DE18D401A81B2204616
:103B000002B0BDE8B040FFF74BBE00BF626C42F0B0
:103B1000010262644A0706D5BEF1000F03D0626C51
:103B200042F0020262648A0706D5BEF1000F03D09C
:103B3000626C42F004026264BCF1000F06D555EAE3
:103B40000E0203D0626C42F008026264626C002ACA
:103B50003FF49CAE11F0200118BF002D03D0204689
:103B600000F086FF20684169626C01F0400102F0BC
:103B70000802891800F0A28050E8030F216820F4A1
:103B8000907041E80302C2B3206850E8030F216837
:103B900020F4907041E803027AB3206850E8030FE4
:103BA000216820F4907041E8030232B3206850E8A5
:103BB000030F216820F4907041E80302EAB1206805
:103BC000DAE700BF206850E8050F216820F0010007
:103BD00041E80502DAB1206850E8050F216820F0BD
:103BE000010041E8050292B1206850E8050F216804
:103BF00020F0010041E805024AB1206850E8050FB5
:103C0000216820F0010041E80502002ADAD1206B8A
:103C1000012824D1206850E8030F216820F010000B
:103C200041E80302DAB1206850E8030F216820F070
:103C3000100041E8030292B1206850E8030F2168A8
:103C400020F0100041E803024AB1206850E8030F59
:103C5000216820F0100041E80302002ADAD1202078
:103C600084F84200002020632068416949063FD55E
:103C700050E8050F216820F0400041E805022AB312
:103C8000206850E8050F216820F0400041E8050257
:103C9000E2B1206850E8050F216820F0400041E8BB
:103CA00005029AB1206850E8050F216820F0400015
:103CB00041E8050252B12068DAE700BF2046FFF76D
:103CC00071FD0020606402B0B0BD00BFE06B78B150
:103CD00044F66521C0F600014163FDF773FF00283B
:103CE0003FF4D4ADE06B416B02B0BDE8B040084793
:103CF000204602B0BDE8B040FFF754BD216A31F85C
:103D0000022B6FF35F22426021628AE5002804BF24
:103D10000120704710B5044690F8410028B90020F2
:103D200084F84000204600F061F8242084F8410027
:103D30002068D4E90212C36823F40053C360036906
:103D400023F440531A430261D4E904231143C268A7
:103D5000194341F20C639A431143C1604169A2695E
:103D600021F44071114343F60002C4F20102904273
:103D7000416103D0FEF79AFD02E000BFFEF7AAFD05
:103D80006268192148439100B0FBF1F048F21F51DD
:103D9000C5F2EB11A0FB01235A096FF0630302FB8C
:103DA0000300322303EB0010A0FB0101F02303EA20
:103DB0005113206803EB0212C1F3431111448160D7
:103DC000016921F490410161416921F02A014161B9
:103DD000C16841F40051C16000202021606484F872
:103DE000411084F84210606310BD000070B586B0C9
:103DF000006844F60001C4F20001002688420596DE
:103E0000CDE90366029635D044F20041C4F20001C8
:103E1000884268D141F21800C4F20200416840F6BD
:103E2000000441F4003141604168C4F2010401F42E
:103E3000003101910199016802AD41F00401016076
:103E40000068294600F004000190019804200290C7
:103E500002200390032005902046FEF727FA082051
:103E600002900020CDE9030020462946FEF71EFA05
:103E700006B070BD41F21800C4F20200416802AD04
:103E800041F480214160416801F480210191019950
:103E9000016841F0080101600068294600F008004F
:103EA000019001984FF4806002900220039003205B
:103EB000059040F60000C4F2010000F58064204641
:103EC000FEF7F4F94FF40060CDE9020620462946DA
:103ED0000496FEF7EBF9272000210022FEF7A2FB53
:103EE0002720FEF78FFB06B070BD000090F842302F
:103EF000202B1CBF0220704700294FF0010318BF80
:103F0000002A01D1184670470023036381622221F1
:103F10008285C285436480F842100169006819B146
:103F2000C16841F48071C1604169002341F0010121
:103F30004161C16841F02001C1601846704700002E
:103F400040F20861C2F20001884218BF704710B504
:103F500040F2D014C2F20004A0780A280CD02B281A
:103F600014D144F2B850C2F20000FA21FCF792FDDD
:103F70000020206112E000BF44F2B8510CA0C2F250
:103F8000000109F019FA0120A06007E021694A1C2C
:103F9000226144F2B852C2F20002505440F208606A
:103FA000A11CC2F200000122BDE81040FFF79EBF35
:103FB000E694B6E588B0E68C87E4BBA425730A00D6
:103FC0002DE9F041044690F8410020281CBF022052
:103FD000BDE8F0810F4600294FF0010000F082801B
:103FE0001646002A08BFBDE8F0814FF000082120E6
:103FF0001D46C4F8448084F84100FEF75BFAA684AD
:10400000E684A1680646B1F5805F05D120690028E5
:1040100014BF3846B8460746E08CC8B1681C19D0B2
:10402000002D61D1216807E017F8010B4860E08C92
:104030000138E084E08C68B3086800064CD5002F96
:10404000F2D138F8020B00276FF35F20EEE700BFD4
:1040500021681FE0216802E00868000609D40868AA
:10406000000606D4086800065CBF08685FEA0060C6
:10407000F2D51FB117F8010B05E000BF38F8020BAD
:1040800000276FF35F204860E08C0138E084E08C0B
:104090000028E4D1086840061CD4EDB1681C0FD19B
:1040A0000868400616D40868400613D4086840061D
:1040B00010D4086840064FF00000F1D50FE000BFB3
:1040C000FEF7F8F9801BA84208D82068C16800688C
:1040D0004006F5D5002002E0FEF7ECF90320202190
:1040E00084F84110BDE8F081216800BF086800062F
:1040F00008D4FEF7DFF9801BA842EFD82168C86812
:10410000F4E700BF17B117F8010B04E038F8020B11
:1041100000276FF35F204860E08C0138E084E08C7A
:104120000028E3D1B6E700007047000080B582B0F8
:1041300041F21400C4F202000168002241F00101C2
:104140000160016801F0010101910199016841F0EC
:10415000020101600068002100F002000090009858
:104160000C20FEF75FFA0C20FEF74CFA0D20002120
:104170000022FEF757FA0D20FEF744FA1020002126
:104180000022FEF74FFA1020FEF73CFA3B200021F8
:104190000022FEF747FA3B2002B0BDE88040FEF760
:1041A00031BA000080B586B0002041F218010590B8
:1041B000C4F202010A6842F020020A600A6802F0B2
:1041C00020020192019A0A6842F004020A600A6819
:1041D00002F004020192019A0A6842F008020A60A1
:1041E000096801F00801019101991021CDE902103F
:1041F000049040F60000C4F2010002A9FEF756F850
:1042000006B080BD70B598B040F60004C4F2010459
:1042100040F2E840002104F51052C2F20000592398
:104220001191CDE90F11CDE90D11CDE90B11CDE9BA
:104230000911CDE90711CDE90511CDE90311CDE94A
:104240000111C0E90021C0E90213C0E90411816134
:10425000FFF70AF8002818BFFDF71AFC40F2E84003
:10426000C2F2000010A9FEF763FD002818BFFDF799
:104270000FFC602009900020CDE90A00CDE90C0078
:10428000CDE90E0040F2E840C2F2000009A9002288
:10429000FEF7BAFE002818BFFDF7FAFB40F2E8402F
:1042A000C2F2000009A90422FEF7AEFE002818BFE2
:1042B000FDF7EEFB40F2E840C2F2000009A9082237
:1042C000FEF7A2FE002818BFFDF7E2FB40F2E8452A
:1042D0004FF40050C2F200050026069001A92846BE
:1042E0000596CDE90366CDE901660896FEF7FAFC6E
:1042F000002818BFFDF7CCFB286840F60041C4F247
:1043000000018842CDE91566149615D042F60041A9
:10431000C4F20101884225D141F21800C4F2020022
:10432000016841F004010160006800F0040013908E
:1043300013984FF4E0600DE041F21800C4F202005F
:10434000016841F004010160006800F0040013906E
:1043500013980120149002201590179014A920465C
:10436000FDF7A4FF18B070BD70B590B040F60045E1
:1043700040F27850C4F200050021C2F20000592238
:10438000CDE90811CDE90611CDE90411C0E90051CC
:10439000C0E9021201618161FEF766FF002818BFC3
:1043A000FDF776FB40F27850C2F2000008A9FEF754
:1043B000BFFC002818BFFDF76BFB40F2785460206B
:1043C000C2F200040190002601A920460022CDE996
:1043D00002660596FEF718FE002818BFFDF758FB89
:1043E00020680E96A8420D960C9615D042F6004114
:1043F000C4F20101884226D141F21800C4F2020041
:10440000016841F004010160006800F004000B90B5
:104410000B984FF4E0600DE041F21800C4F2020086
:10442000016841F004010160006800F004000B9095
:104430000B9801200C9002200D900F9005F57C4008
:104440000CA9FDF733FF10B070BD000080B540F23D
:10445000C05044F20041C2F20000C4F20001002347
:104460004FF00C0C4FF4E13280E80E00C0E903334A
:10447000C0E905C3C361FFF749FC002808BF80BD40
:10448000BDE88040FDF704BB80B540F2086044F60B
:104490000001C2F20000C4F2000100234FF00C0C36
:1044A0004FF4E13280E80E00C0E90333C0E905C3F0
:1044B000C361FFF72BFC002808BF80BDBDE880402A
:1044C000FDF7E6BAFEE70000FEE700002DE9F04345
:1044D00081B0E8B181460EC087A0884608F06CFF25
:1044E00008EB48006E2101EB001685A0314608F06C
:1044F00063FFB6F5205F11D942F60550C0F6010002
:1045000031464FF4205201B0BDE8F04308F054BFEB
:1045100091A001B0BDE8F04308F04EBF3046FBF774
:1045200011FFC9F80C007EA008F046FFB8F1010F9A
:10453000C0F2CC80D9F80C00A8F101016E3003293B
:1045400008F0030C02D200227BE000BF28F0030336
:1045500000224FF6FC7E4FF01C111C2602EA0E07CB
:1045600007EB470500EB0514A680C4F80610C4F855
:104570000A10C4F80E10C4F81210C4F81610C4F8CB
:104580001A10C4F81E10C4F82210C4F82610C4F87B
:104590002A10E6857C1C2D0104EB4404415100EBFC
:1045A000041524010653BC1C04EB44046E80AE8049
:1045B000C5F806106E81AE81EE812E826E82AE82CB
:1045C000C5F816106E83AE83EE832E846E84AE849F
:1045D000EE842E856E85AE85EE8500EB04152401F4
:1045E0000653FC1C04EB440404326E80AE80EE8063
:1045F0002E816E81AE81EE812E826E82AE82EE823F
:104600002E836E83AE83EE832E84C5F82210EE8453
:10461000A962E96200EB0415240193420653C5F830
:104620000210EE80A960E9602E82C5F81210EE82B9
:10463000A961E9612E84C5F82210EE84A962E962BD
:104640008CD1BCF1000F41D091B201EB410100EBE4
:1046500001130F014FF01C11BCF1010FC151596042
:104660009960D960196159619961D961196259627A
:104670009962D9622AD0531C9BB203EB430300EB2F
:1046800003171B01BCF1020FC1507960B960F960DA
:1046900039617961B961F96139627962B962F96246
:1046A00014D0911C89B201EB410100EB0112090108
:1046B0004FF01C13435053609360D36013615361F8
:1046C0009361D361136253629362D36216A008F0C0
:1046D00073FE40F26810C2F2000001684A1C0260DA
:1046E00000EB810212A04146C2F8049001B0BDE87F
:1046F000F04308F061BE00BF7374657020320A0099
:10470000E9A284E8AEA1E4BDBFE794A8E5A0863A9B
:1047100020256C7520E5AD97E88A820A000000002C
:104720007374657020330A007374657020340A0056
:10473000E5889DE5A78BE58C96575332383132E5F5
:10474000AE8CE688903A0AE781AFE78FA0E695B095
:104750003A25640A00000000506F696E746572208B
:10476000746F205247425F4C4544207374727563E6
:1047700074757265206973204E554C4C2E0A0000EA
:1047800080B508F0FDFD09F0CDFEBDE8804008F0E1
:1047900005BE0000B0B590B000240120CDE90B4467
:1047A000CDE9094406900A904FF4E0104FF48031AF
:1047B00002250F9006A8CDE90714CDE90D51FEF7AB
:1047C0009DF828B1EFF3108072B600BFFEE700BF7E
:1047D0000F20CDE901054FF48060CDE9040401A864
:1047E00002210394FDF75AFF20B1EFF3108072B657
:1047F000FEE700BF10B0B0BD41F20400C4F20200F9
:10480000016801F00C01082941F20021C0F27A018F
:1048100019D102680368C2F38342DB0302F102028A
:1048200006D440F60011C0F23D0151430BE000BF39
:1048300003689B0302D4514305E000BF40F600111A
:10484000C0F23D01514340F23402C2F20002116055
:10485000006842F29013C0F30310C0F60103185C25
:1048600021FA00F0106070477047000040F23050AD
:10487000C2F20000FEF71EBB10B540F6FF3E036813
:10488000C4F2000E43F2004C7045C4F2010C21DC6E
:10489000B0F1804F2CD040F20042C4F200029042AE
:1048A00026D040F60002C4F20002904220D07045AB
:1048B00024DCB0F1804F2FD040F20042C4F200025D
:1048C000904229D040F60002C4F20002904223D068
:1048D00026E000BF40F60042C4F20002904207D03A
:1048E000604505D042F60042C4F201029042DED19A
:1048F0004A6823F0700313437045DADD40F6004246
:10490000C4F20002904207D0604505D042F6004252
:10491000C4F20102904203D1CA6823F440731343E6
:1049200023F080024B69D1F800E08C681A4360459F
:104930000260C462C0F828E005D042F60042C4F22A
:104940000102904201D109690163012141610169BC
:10495000C90708BF10BD016921F00101016110BD47
:1049600010B5446A616A814212D0A16A814217D0AF
:10497000E16A81421CD0216B814220D180690821EB
:104980000028217704BF012084F8410017E000BF10
:10499000816901200029207708BF84F83E000EE0DD
:1049A00080690221217750B9012084F83F0006E098
:1049B00080690421217710B9012084F84000204645
:1049C000FEF726FD0020207710BD000010B5446AD8
:1049D000616A81420AD0A16A814209D0E16A8142BA
:1049E00008D0216B814207D1082004E0012002E0B9
:1049F000022000E0042020772046FEF715FD00206D
:104A0000207710BD10B5446A616A81420CD0A16A5A
:104A100081420FD0E16A814212D0216B814215D0D0
:104A2000012084F83D0016E00120207784F83E0044
:104A300011E000BF02202077012084F83F000AE047
:104A400004202077012084F8400004E0082020772B
:104A5000012084F841002046FEF728FA0020207744
:104A600010BD0000406A0021C185C184FEF79ABED6
:104A700081B090F84210222920D18368B3F5805F7D
:104A800008D10169002965D000F128010A6803688E
:104A90005B680AE0014651F8282F13B90369002B1F
:104AA000F5D003685B6803F07F0313700A68013276
:104AB0000A60C18D01390A04C18501D001B0704777
:104AC0000168CA6822F02002CA60CA6822F48072B3
:104AD000CA604A6922F001024A61202280F842201D
:104AE00000224263036B012B3ED1026351E8031F96
:104AF000026821F0100142E803130168DBB151E8BC
:104B0000031F026821F0100142E80313016893B10A
:104B100051E8031F026821F0100142E80313016805
:104B20004BB151E8031F026821F0100142E8031362
:104B30000168002BDAD10A68D20606D5002200925D
:104B40000A680092496800910099818D01B0FEF7D2
:104B500027BE00BF0168826A49686FF35F2122F8AF
:104B6000021B8262A5E700BF01B0FFF7E9B90000B0
:104B700040F20860C2F20000FEF716BEFEE7000039
:104B8000C06802EB42023A2300EB02100A0458BF4D
:104B90001C23A0F86E304B044FF03A0358BF1C237F
:104BA000A0F870308B044FF03A0358BF1C23A0F8D4
:104BB0007230CB044FF03A0358BF1C23A0F8743076
:104BC0000B054FF03A0358BF1C23A0F876304B0575
:104BD0004FF03A0358BF1C23A0F878308B054FF0F4
:104BE0003A0358BF1C23A0F87A30CB054FF03A03A4
:104BF00058BF1C23A0F87C300B024FF03A0358BF7B
:104C00001C23A0F87E304B024FF03A0358BF1C2300
:104C1000A0F880308B024FF03A0358BF1C23A0F855
:104C20008230CB024FF03A0358BF1C23A0F88430E7
:104C30000B034FF03A0358BF1C23A0F886304B03F8
:104C40004FF03A0358BF1C23A0F888308B034FF075
:104C50003A0358BF1C23A0F88A30CB034FF03A0325
:104C600058BF1C23A0F88C300B064FF03A0358BFF6
:104C70001C23A0F88E304B064FF03A0358BF1C237C
:104C8000A0F890308B064FF03A0358BF1C23A0F8D1
:104C90009230CB064FF03A0358BF1C23A0F8943053
:104CA0000B074FF03A0358BF1C23A0F896304B0770
:104CB0004FF03A0358BF1C23A0F898308B074FF0F1
:104CC0003A024FF03A0358BF1C23A0F89A30C907A4
:104CD00008BF1C22A0F89C207047000060B1038828
:104CE000D0E901C1C26803EB4300372303EBC000E6
:104CF00083B26046FEF79ABB42F6E140C0F601007F
:104D000008F05ABB002804BF00207047C1B209B1A7
:104D100001200CE010F47F4102D0090A092006E0CE
:104D200010F47F0107BF010E1920090C112042F277
:104D3000AA12C0F60102515C08447047F0B587B072
:104D400000210022064607F05DFE42F27C10C0F60C
:104D5000010090E83E0002A81EC040F2EC04C2F23E
:104D600000042068069506F0D5F92268052502AFF3
:104D7000304600214FF4FA630097019500F0A2FC41
:104D80002168304600224FF4FA630097019500F045
:104D900099FC4FF4FA7009F0A1FA07B0F0BD0000D9
:104DA0002DE9F04F8DB0044600250FF2A440CDE967
:104DB0000255019108F000FB40F270184FF0FF3BE4
:104DC000C2F2000804AE4FF0010A4FF0FF37C4F8FA
:104DD00004B002E02570C4F80CB0781C18D0E0686C
:104DE000C102013008BF4FF400610F4448F20001D6
:104DF00098F80400C0F6020101F5805900284846E1
:104E000008BF4FF48050874272D278050BD057E02C
:104E100098F8047048F20000002FC0F6020018BF96
:104E2000074678054CD138463146242202F004F971
:104E30000A9844F24561C3F2340188426760A06079
:104E4000C8D19DF818000B9984F800A0E16068B102
:104E50009DF81400E0B19DF81000B0FA80F0400910
:104E60009DF82410607031B918E000BF03209DF850
:104E70002410607091B19DF82010B9B19DF81C10FC
:104E8000B1FA81F149090128A1700BD112E000BFEC
:104E900002209DF8241060700029ECD10321012824
:104EA000A17007D0022898D102A804E002210128AD
:104EB000A170F7D103A80168013101608DE700BF3F
:104EC00042F6E77742F6FD7042F6866242F6CF730D
:104ED000C0F60107C0F60100C0F60102C0F60103EA
:104EE00040F24921009702F06FF800BFFEE700BFD3
:104EF000DDE9025BDFA059462A4608F05DFA002D85
:104F00004FF0FF3600F09E800FF2903008F054FA18
:104F1000DDF804A004AF4FF0FF30666005E000BF8D
:104F2000012800F0898000BF6068411C14D0E1684E
:104F3000CA02013108BF4FF4006298F80410151836
:104F40000029484608BF4FF48050854280F0988081
:104F500068050CD07CE000BF98F8045048F20000CF
:104F6000002DC0F6020018BF0546680570D128461E
:104F70003946242202F060F80A9844F24561C3F2EF
:104F8000340188426560A06014D1012020709DF832
:104F900018000B99E160A8B19DF8140020B39DF8AA
:104FA0001000B0FA80F040099DF82410607071B9CB
:104FB00020E000BF002020706078E6600228B3D1B6
:104FC00024E000BF03209DF82410607091B19DF88B
:104FD0002010A9B19DF81C10B1FA81F14909A17006
:104FE0000228A1D112E000BF02209DF824106070B9
:104FF0000029ECD10321A17002287FF495AF05E0D0
:105000000221A17002287FF48FAF00BF28462146FD
:10501000012207F0D3FB207800283FF485AF2069F8
:1050200050457FF681AFA07802287FF479AF98F8D9
:10503000060000287FF478AF6669BBF1000F25D128
:10504000CBE000BFDDF804A0BBF1000F1ED1C4E02F
:1050500042F6E77742F6FD7042F6866242F6CF737B
:10506000C0F60107C0F60100C0F60102C0F6010358
:1050700040F24921009701F0A7FF00BFFEE700BF03
:105080004FF0FF36BBF1000F00F0A780701C40F01E
:10509000A480BBF1010F04D898F80600012840F065
:1050A000C18042F6F150C0F6010008F085F94FF0DA
:1050B000FF3504AE4FF0010B4FF0FF30656006E0A6
:1050C00098F80600002800F0878000BF6068411C47
:1050D00014D0E168CA02013108BF4FF4006298F8A9
:1050E000041017180029484608BF4FF48050874223
:1050F00080F0A18078050CD07CE000BF98F80470A7
:1051000048F20000002FC0F6020018BF07467805DD
:1051100070D138463146242201F08EFF0A9844F2BD
:105120004561C3F2340188426760A06014D19DF8E4
:1051300018000B9984F800B0E160A8B19DF8140044
:1051400020B39DF81000B0FA80F040099DF82410BB
:10515000607071B920E000BF002020706078E560C9
:105160000128B3D124E000BF03209DF82410607013
:1051700091B19DF82010A9B19DF81C10B1FA81F1F0
:105180004909A1700128A1D112E000BF02209DF8B9
:10519000241060700029ECD10321A17001287FF454
:1051A00095AF05E00221A17001287FF48FAF00BF09
:1051B00038462146012207F001FB207800283FF401
:1051C00085AF206950457FF681AFA07802283FF473
:1051D00077AF01287FF47AAF6669701C2BD042F656
:1051E0008D70C0F60100314608F0E6F830460DB08B
:1051F000BDE8F08F42F6E77742F6FD7042F6866230
:1052000042F6CF73C0F60107C0F60100C0F60102F6
:10521000C0F6010340F24921009701F0D5FE00BF1E
:10522000FEE700BF42F64A60C0F6010008F0C4F88D
:10523000012088F8060042F63160C0F6010008F04F
:10524000BBF84FF0FF3630460DB0BDE8F08F00BF21
:10525000616C6C6F635F656E762063616C6C656416
:10526000207769746820656E765F73697A653A2085
:1052700025750A00456D70747920736563746F72CB
:10528000733A2025752C205573696E67207365630A
:10529000746F72733A2025750A00000041747465BA
:1052A0006D7074696E6720746F20616C6C6F6361E0
:1052B000746520454E562066726F6D207573696E59
:1052C0006720736563746F72732E2E2E0A000000C0
:1052D0002DE9F041002A08BFBDE8F0818046106A40
:1052E00040F22C0514460E46C2F2000508B169686A
:1052F00088473046FBF7E3FA2968451C284688476B
:10530000074620B1384631462A46FBF74CFBD8F811
:105310000800276290B100BF026801464AB11068D8
:10532000114630B1026801461AB1106811460028D2
:10533000F2D10C606160BDE8F08100BFC8F80840A0
:10534000BDE8F08170B50C4640F22C01C2F20001BC
:105350000968064628208847054660B12846282166
:10536000FBF798FB0320E86030462146C5E9066458
:105370000BF01EFF6861284670BD000010B540F2BA
:105380002C00C2F20000016828208847044628B19A
:1053900020462821FBF77EFB0620E060204610BD5A
:1053A000F0B581B040F22C06C2F200063168054625
:1053B000282088470446A0B120462821FBF76AFB35
:1053C0000420E0602846FBF77AFA3168461C304634
:1053D0008847074620B1384629463246FBF7E3FAAC
:1053E0002761204601B0F0BD70B5002808BF70BD30
:1053F00040F22C060446C2F2000603E0716828461B
:105400008847CCB1E16825462468C80504D4A8685B
:1054100010B1FFF7E9FFE968C80504D4286910B1A5
:1054200071688847E9688805E8D4286A0028E5D0CB
:1054300071688847E2E700BF70BD00002DE9F04FBA
:1054400081B0D0F808B00029884618BF4FF0010895
:10545000BBF1000F56D08A46002941D00AF101095C
:10546000DBF820404046E4B126783046FAF7C0FF2A
:105470009AF8001007460846FAF7BAFF87420FD19C
:10548000651C4C46AEB115F8016B3046FAF7B0FF1B
:1054900014F8011B07460846FAF7AAFF8742F1D025
:1054A000381A30B1DBF800B0BBF1000FD8D14FF0A3
:1054B000000B584601B0BDE8F08F00BFDBF82000BC
:1054C0000028F6D0DBF800B0BBF1000F1AD0DBF8F3
:1054D00020000028EDD0DBF800B0BBF1000F11D0A8
:1054E000DBF820000028E4D0DBF800B0BBF1000FAF
:1054F00008D0DBF820000028DBD0DBF800B0BBF1DF
:10550000000FDBD14FF0000B584601B0BDE8F08F23
:10551000B0B540F22C01C2F200010968054628200E
:105520008847F8B128210446FBF7B4FA40F250301E
:10553000C2F2000000210160E5B100BF2878013807
:105540001F281CD8687801381F2815D8A87801387A
:105550001F2813D8E878043501382028EED3013D00
:105560000DE000BF40F25030C2F2000000240460A1
:105570002046B0BD002502E0013500E0023520469E
:10558000294605F079F808B12046B0BD2046FFF75E
:105590002BFF00242046B0BD00210022002306F08E
:1055A0007BBE000010B586B0417804460078F9B1A2
:1055B00003281DD1A17842F6A56004F11002C0F6BF
:1055C000010001F003FD204603F0BAFD40B3A368DB
:1055D00042F6FD7042F63E72C0F60100C0F60102CE
:1055E00040F2D16101F0F0FC012006B010BD00BF17
:1055F00001284FF0000011D1226B4FF0FF310591CF
:10560000CDE90111CDE9031101A910318DF8140084
:1056100002F11000042201F03BFD012006B010BD94
:1056200042F6FD70C0F6010003A240F2CF6101F026
:10563000CBFC002006B010BD5265636F76657279B1
:105640002074686520454E562073756363657373D7
:1056500066756C2E0A000000F0B583B000210022B0
:10566000044607F0CFF940F2E806C2F200063068BF
:105670000125029505F04EFD326802AF204600215B
:105680004FF4FA630097019500F01CF8316820464A
:1056900000224FF4FA630097019500F013F84FF4DD
:1056A000FA7008F01BFE03B0F0BD000080B502F0F8
:1056B000D3FE002080BD000080B503F039F8002043
:1056C00080BD00002DE9F04F9DB08146C2F3074038
:1056D000C1F30746A0EB060AC2F30720C1F307286F
:1056E000A0EB08001C90D0B25FFA81FBA0EB0B0589
:1056F0004CF6CD4003FB00F1012000EBD140B3FBA1
:10570000F0F2269F0092CC0C0CF0A6FA08903046DE
:105710000CF0A2FA079050460CF086FA069040462C
:105720000CF09AFA05901C980CF07EFA04905846FA
:105730000CF092FA039028460CF076FA00260290BC
:10574000CDF82490019405E0A74206F101062F460A
:1057500000F21E81B0B20B960A900CF07DFA089907
:105760000CF084F90646069831460CF089FA079940
:105770000CF0F0F80CF03CFA0546049831460CF0B9
:105780007FFA05990CF0E6F80CF032FA044602981C
:1057900031460CF075FA03990CF0DCF80CF028FA9D
:1057A000034620064FF03A0058BF1C201C906006AC
:1057B0004FF03A0058BF1C201B90A0064FF03A0053
:1057C00058BF1C201A90E0064FF03A0058BF1C202A
:1057D000199020074FF03A0058BF1C20189060071E
:1057E0004FF03A0058BF1C201790A0074FF03A0026
:1057F00058BF1C201690E0074FF03A0008BF1C204D
:10580000159028064FF03A0058BF1C2014906806E7
:105810004FF03A0058BF1C201390A8064FF03A00F2
:1058200058BF1C201290E8064FF03A0058BF1C20C9
:10583000119028074FF03A0058BF1C2010906807BD
:105840004FF03A0058BF1C200F90A8074FF03A00C5
:1058500058BF1C200E903A20E90708BF1C200D906D
:1058600019064FF03A0058BF1C2059064FF03A086D
:105870000C9058BF4FF01C0899064FF03A0A58BFD9
:105880004FF01C0AD9064FF03A0B58BF4FF01C0BD3
:1058900019074FF03A0958BF4FF01C0959074FF04C
:1058A0003A0158BF1C219A074FF03A0258BF1C22F8
:1058B000DB0727984FF03A03BE4608BF1C23012898
:1058C00040DB09984FF0000CC66800246E3600BF1C
:1058D0003EF82C501C9F05EB450006EB001500011F
:1058E00037521B98013468801A981FFA84FCA880EC
:1058F0001998A5F82280E8801898A5F824A0288196
:105900001798A5F826B068811698A5F82890A88160
:1059100015986985E8811498AA8528821398EB85E3
:1059200068821298A8821198E882109828830F98AC
:1059300068830E98A8830D98E8830C98288427988C
:105940008445C5DBDDF824907746B9F1000F0DD012
:10595000B9F8003009F1040203EB4303372607CA04
:1059600006EBC3039BB2FDF761FD05E042F6E140A3
:10597000C0F6010007F020FD3D46019CDDE90A76F6
:10598000A7423FF6E1AE009808F0A8FCDCE600BFB5
:105990001DB0BDE8F08F00009AB042F25411C0F67D
:1059A00001010A6840F2D0150A924A68C2F2000565
:1059B00009928A68A8680892CA6844F2B8560792A1
:1059C0000A6946F2675906924A6940F2000B05924D
:1059D0008A69C2F200060492CA69C0F2740903928D
:1059E0000A6A496AC2F2000B0DF12C0A14240DF167
:1059F000610802920191012806D000BF0A2008F038
:105A00006DFCA8680128F9D1304607F0D5FC306854
:105A100048455BD03046514604F068F8002800F055
:105A2000FD800B990FF2D05007F0C6FCDDE90C1297
:105A30000FF2D45007F0C0FCDDE90E120FF2E45073
:105A400007F0BAFC0C990E98CBF804100139042920
:105A50004FF0010268608BF8002000F2C881DFE897
:105A600011F00500E10011014101710142F6FC1045
:105A70000D9FC0F6010007F09FFC42F670213846EA
:105A8000C0F601014246FAF723FE012840F0A88142
:105A9000404600211022FAF7B6FE42F6B62701462C
:105AA000169042F6D110C0F60107C0F601003A4642
:105AB00007F082FC384616A9042201F06BFB169809
:105AC00040F2E801C2F2000108608FE1FFF756FCE6
:105AD000DBF80410804608460BF099FBFFF732FC18
:105AE000024640460FF27C51FFF7F2FB68680BF06C
:105AF0008EFBFFF727FC024640460FF27051FFF77E
:105B0000E7FB0A9851460B9009980A220C900898D6
:105B10000D9007980E9006980F9005981090049895
:105B20001190039812900298139001981490404697
:105B300004F034F94046FFF72FFD002861D082467B
:105B4000AB46FAF7BCFE40F20866C2F20006A0B10E
:105B500081460027A9EB0705142D28BF25460AEB2F
:105B60000701AAB230464FF0FF33FEF729FA64204E
:105B70002F4408F0B3FBB945ECD842F62921304652
:105B8000C0F6010101224FF0FF33FEF719FA50462B
:105B9000FAF795FE40F2C0544FF01409C2F2000427
:105BA000A0B10746002500BF7E1B142E28BF4E461D
:105BB0000AEB0501B2B220464FF0FF33FEF700FAC0
:105BC0006420354408F08AFBAF42EDD842F6292123
:105BD0002046C0F6010101224FF0FF33FEF7F0F935
:105BE0005046FAF7DEFB5D4644F2B85646F2675976
:105BF00040F2000BC2F20006C0F27409C2F2000BC0
:105C000014244046FFF7F0FB0DF12C0A0DF161085A
:105C10000020A86001287FF4F1AEF5E60FF22040E5
:105C2000CAE100BF42F6FC100D9FC0F6010007F06C
:105C3000C3FB42F670213846C0F601014246FAF72E
:105C400047FD012840F0CC80404600211022FAF7A1
:105C5000DAFD42F686270146169042F6D110C0F6CC
:105C60000107C0F601003A4607F0A6FB384616A920
:105C7000042201F08FFA169840F20C11C2F20001D2
:105C80000860B3E042F6FC100D9FC0F6010007F07B
:105C900093FB42F670213846C0F601014246FAF7FE
:105CA00017FD012840F09C80404600211022FAF7A1
:105CB000AAFD42F6C2270146169042F6D110C0F660
:105CC0000107C0F601003A4607F076FB384616A9F0
:105CD000042201F05FFA169840F2EC01C2F20001D2
:105CE000086083E042F6FC100D9FC0F6010007F04B
:105CF00063FB42F670213846C0F601014246FAF7CE
:105D0000E7FC01286CD1404600211022FAF77BFD08
:105D100042F63A270146169042F6D110C0F6010726
:105D2000C0F601003A4607F047FB384616A90422A0
:105D300001F030FA169840F2F001C2F2000108605A
:105D400054E000BF0D9F42F6B310C0F60100394683
:105D500007F032FB42F663213846C0F601014246A5
:105D600016ABFAF7B5FC02283AD1404600211022C2
:105D7000FAF749FD42F63A270146159042F6D1104E
:105D8000C0F60107C0F601003A4607F015FB384699
:105D900015A9042201F0FEF9159840F2F001C2F2B3
:105DA0000001086016A800211022FAF72CFD42F627
:105DB00056270146159042F6D110C0F60107C0F6ED
:105DC00001003A4607F0F8FA384615A9042201F016
:105DD000E1F9159840F2F401C2F20001086005E013
:105DE00042F60B20C0F6010007F0E6FA0E980138E3
:105DF000032800F2E380DFE800F0033585E700BF09
:105E00000020288042F6FC100F9FC0F6010007F02A
:105E1000D3FA42F670213846C0F601014246FAF73D
:105E200057FC012840F0C480404600211022FAF7B8
:105E3000EAFC42F62B270146169042F6D110C0F636
:105E40000107C0F601003A4607F0B6FA384616A92F
:105E5000042201F09FF9169840F2F801C2F2000105
:105E60009FE000BF0F9F0120288042F6B310C0F6CC
:105E70000100394607F0A0FA42F663213846C0F621
:105E80000101424616ABFAF723FC022840F090804D
:105E9000404600211022FAF7B6FC42F62B270146B5
:105EA000159042F6D110C0F60107C0F601003A463F
:105EB00007F082FA384615A9042201F06BF915980B
:105EC00040F2F801C2F20001086016A80021102279
:105ED000FAF799FC42F647270146159042F6D11091
:105EE000C0F60107C0F601003A4607F065FA3846E9
:105EF00015A9042201F04EF9159840F2FC01C2F2F6
:105F000000014EE00F9F4FF48070288042F6B310DE
:105F1000C0F60100394607F04FFA42F663213846D1
:105F2000C0F60101424616ABFAF7D2FB02283FD178
:105F3000404600211022FAF766FC42F62B27014664
:105F4000159042F6D110C0F60107C0F601003A469E
:105F500007F032FA384615A9042201F01BF915980A
:105F600040F2F801C2F20001086016A800211022D8
:105F7000FAF749FC42F69D270146159042F6D110EA
:105F8000C0F60107C0F601003A4607F015FA384698
:105F900015A9042201F0FEF8159840F20011C2F292
:105FA000000108600020A86001287FF427AD2BE5E0
:105FB00042F60B20C0F6010007F0FEF90020A860B1
:105FC00001287FF41BAD1FE540F201110F982980D5
:105FD00042F62B2142F6472242F69D23C0F60101EC
:105FE000C0F60102C0F6010309F066F80020A860BF
:105FF00001287FF403AD07E54D6F64652054797087
:10600000653A2025640A00004D6F64652049443AD2
:106010002025642C20436F6C6F72733A2025730A1D
:1060200000000000676E4D6F64652049443A2025EA
:10603000642C20436F6C6F72733A2025730A000042
:106040004661696C656420746F20706172736520AD
:10605000746865204A534F4E20737472696E672EC0
:106060000A0000006D6F64655F696400676E5F6DB4
:106070006F64655F696400000B46884280F0C180F0
:106080002DE9F04F91B000F12001C2430DF1240938
:106090000192474209F1010A03910A46002483460E
:1060A00000268046059302900DE000BFDDE9053132
:1060B000DDE907270DF1240901342032203F994200
:1060C000884680F09580494691460897934207920A
:1060D00038BF99460398A3EB080500EB4417BB4271
:1060E00008F1200038BF1F460690984238BF20258F
:1060F00040462A4600F0A0FF002DD7D00020A0EB9C
:10610000441C0198BE46604438440328049403D2DA
:1061100000200DF1240932E00898484420F00302E1
:1061200000200DF1240900BF19F80030594608EB92
:106130000005FF2B08BF2946FF2E08BF59461AF855
:1061400000400F460AEB0006FF2C08BF6F1CFF2B18
:1061500008BF0F467178B678FF293B4608BFAB1CD5
:10616000FF2C08BF3B46FF2E9B4608BF05F1030BE3
:10617000FF2900F1040008BF9B468242D4D1029956
:1061800006AFACEB0101714411F0030CDDE90443EF
:1061900086CF91D019F800E05B46BEF1FF0F08BF33
:1061A00000EB0803FF2E18BF9B46BCF1010F01D185
:1061B00076461AE0431C19F803605D46FF2E08BFBF
:1061C00003EB0805BEF1FF0F18BFAB46BCF1020F91
:1061D0000BD0023019F800505B46FF2D08BF00EBD2
:1061E0000803FF2E2E4618BF9B46059B64E700BFA1
:1061F0000BF10300FF2E08BF20F0030311B0BDE830
:10620000F04F1846704700002DE9F04F8FB0074659
:10621000D0F8148008461D4691460E46FAF74FFB0B
:10622000212809D30FF25C40202100F0CFFE042585
:1062300028460FB0BDE8F08F0DF1080A044650461D
:106240002421FF22FAF7FCFB45F24B60C3F2340035
:106250000790E01C05F12B0100F4FE7021F0030112
:106260000B950D1840F2DD7085428DF82840089599
:106270000AD342F6AF70C0F6010000F0A7FE062573
:1062800028460FB0BDE8F08F18F1010007D138465D
:106290002946FEF785FD8046013000F0B980787808
:1062A000022815D0012819D178684FF0FF31CDE9C7
:1062B0000C110E910CA904314FF0000B0430042294
:1062C0008DF834B000F0E4FE0546002DB0D107E0B3
:1062D0003869482870D3401B47286DD94FF0000B10
:1062E000FF200AF120018DF830000020082200F084
:1062F000ADFA9DF828203146099000F0A7FA9DF8E4
:1063000028100990CA1C22F00302531A09D08C1AD3
:106310000CAD00BF2946012200F098FA0134099023
:10632000F8D30B9A494600F091FA0B990990CA1CD0
:1063300022F00302531A08D08C1A0CAD2946012210
:1063400000F084FA01340990F8D34FF0FF30069042
:10635000CDF81500CDF81100CDF80D00CDF80900ED
:1063600000208DF8080002A94046042200F090FEAB
:1063700020B1054628460FB0BDE8F08F0AF11401A0
:1063800008F11400142200F083FE054600287FF473
:106390004FAF9DF82840DA4608F128004FF0FF3152
:1063A00014F0FC0B0C91019056D031465A4600F087
:1063B0006FFE054651E000BF78684FF0FF340CA92E
:1063C00000220E9408318DF8382008300422CDE9DF
:1063D0000C4400F05DFE40F27012C2F2000213465F
:1063E000796853F8285F8D42054609D0134653F863
:1063F000300F884204D0134653F8380F884265D1D5
:106400001C604FF0010B002D7FF412AF68E700BF56
:1064100040F27010C2F200008079012816D142F6D5
:10642000FD7042F6F062C0F60100C0F6010240F2D3
:10643000BF412B4600F0C8FD01F07CFB38462946E1
:10644000FEF7AEFC804601307FF429AF06252846D2
:106450000FB0BDE8F08F00BF002514F003020DD08F
:1064600065B90CAD06EB0B012846FAF79CFA0198CA
:1064700029465844042200F00BFE05465446BAF162
:10648000000F03D09DF8281077E000BF9DF828107A
:106490007868CA1C0B9B019F22F003023A44033325
:1064A00040F2701723F00303C2F2000702EB030E61
:1064B000BB6A864516D900F50062724512D983423F
:1064C0002AD107F128024FF0000C50E052F8400F9B
:1064D0008842134608BF1C604FF0010B002D7FF46B
:1064E000A7AEFDE6834203D107F128020FE000BF0B
:1064F0003A4652F8303F834209D03A4652F8383F84
:10650000834204D057F8402F82423A4635D14FF0AB
:10651000FF30106031E000BF3A4652F830BF4FF014
:10652000010C834523D0B3F1FF3418BF01245A1C5A
:1065300008BF4FEA840C1BF101023A4652F8383F7B
:1065400018BF4FEA840C834202D14FF0020C0EE0D8
:106550008CF0040262EA0302002A3A4652F8403FF5
:1065600008BF4FF0020C834266D14FF0030C10605D
:1065700007EBCC00C0F82CE054463046424608F009
:106580002DFE002D7FF454AE9DF828000B9E0330A5
:10659000019920F0030026F0030701EB000A4FF0F9
:1065A000FF300C9037B1504649463A4600F070FD36
:1065B000054600E0002516F003020DD065B90CADCC
:1065C00009EB07012846FAF7EEF90AEB070029461E
:1065D000042200F05DFD0546002D7FF429AE4FF04A
:1065E000FF300690CDE90400CDE9020002A8011DAC
:1065F00000208DF80C0008F10400042200F048FD92
:10660000002C05463FF414AE002D7FF411AE42F687
:10661000FD70C0F6010011A240F26F5100F0D4FCF1
:1066200040F27010C2F2000001210025817128465D
:106630000FB0BDE8F08F00BF5A1C08BFBCF1040FBB
:1066400004D0BCF1030F544697D802E04FF0030C7E
:10665000544607EBCC02C2E90A0E8EE75472696712
:10666000676572206120474320636865636B206122
:1066700066746572206372656174656420454E5668
:106680002E0A00004572726F723A205468652045E8
:106690004E56206E616D65206C656E67746820696A
:1066A00073206D6F7265207468616E2025640A0026
:1066B000F0B58FB015460C46064629B901A93046FB
:1066C00000F002FF80B301AC206B4FF0FF3140F2CD
:1066D0007017CDE90111CDE903110591C2F2000750
:1066E00001A99DB100220C318DF810200C3004223C
:1066F00000F0CEFCF979012910D078B916B33046F4
:10670000FAF7DDF8014630461FE000BF00220831ED
:106710008DF80C200830042200F0BAFC85F001014D
:10672000F971C0B10FB0F0BD42F6FD70C0F60100C6
:106730001EA240F24F41334600F046FC04200FB049
:10674000F0BD00BFA17804F110004FF0FF3208F057
:1067500045FD0020F871206B40F2FF7120EA010531
:1067600001AC05F10C0021460C2200F065FC9DF8FF
:106770000C0000284FF00000D4D09DF8081000292C
:10678000D0D09DF804100029CCD14FF0FF300390F9
:10679000CDE901000020211D8DF8080045F0100012
:1067A000042200F075FC0FB0F0BD00BF4E6F7420E6
:1067B000666F756E64202725732720696E20454E0D
:1067C000562E0A00B0B582B040F24C25C2F2000548
:1067D000287800240194B8B9684601A900F022FC89
:1067E00020B9DDE9000100F093F888B1044642F6D3
:1067F0008B50C0F6010013A100F0E8FB42F64250B6
:10680000C0F6010000F0E2FB204602B0B0BD00BFC0
:1068100001202870002401A0EDE700BF45617379D5
:10682000466C6173682056257320697320696E6910
:106830007469616C697A6520737563636573732E1F
:106840000A000000342E312E3939000070B5002ABC
:106850006FEA00034CD042F2AC20A2F1010C12F01E
:10686000030EC0F601001DD00C4614F8015BDEB229
:10687000754050F82550BEF1010F85EA132305D16C
:1068800021466246BCF1030F32D30EE04C78DDB2F4
:106890006C4050F82440BEF1020F84EA132329D142
:1068A000023A0231BCF1030F22D3043911F8046F0C
:1068B000DDB26E4050F82660043A86EA13234E7823
:1068C000DDB286EA050650F826608D7886EA132345
:1068D000DEB286EA050650F82660CD7886EA1323F4
:1068E000DEB286EA050650F8266086EA1323DDD17B
:1068F000D84370BD8E78DDB26E4050F82660033A02
:10690000033186EA1323BCF1030FF1D3CDE7000076
:10691000B0B582B0D0B340F27014C2F20004227855
:106920008ABB40F2D0234FF0FF32C2F200035A601C
:10693000DA605A61DA615A62DA625A63DA635A6477
:10694000DA645A65DA655A66DA665A67DA67C4E95C
:10695000020142F6FD7048F20003A2622263A263C4
:10696000226401254FF4805CC0F6010010A2C0F63D
:10697000020340F232712571CDF800C000F024FB13
:1069800000F0E2F92570002002B0B0BD42F6FD70C3
:1069900042F6866212A4C0F60100C0F6010213A3FB
:1069A0004FF4E361009400F00FFB00BFFEE700BF6F
:1069B000454E56207374617274206164647265730D
:1069C00073206973203078253038582C2073697A09
:1069D000652069732025642062797465732E0A002E
:1069E00065665F656E765F696E6974006465666191
:1069F000756C745F656E76002DE9F04F8BB040F2D8
:106A0000701AC2F2000ADAF80800002862D0DAF838
:106A10000C00002872D000F0DBFA0DF108099AF89A
:106A2000045044F2456809F10C044FF0FF374FF071
:106A3000000BC3F23408002D1CBF48F20005C0F65D
:106A4000020500BF28464FF4006100F0C5FA002897
:106A500068D12846494624220497CDE902778DF86B
:106A600008B0C4E90077A7608DF814B0CDE90887B5
:106A70000A9700F00DFB514651F8282F0646954223
:106A80000AD0514651F8300F854205D0514651F891
:106A9000380F854214D100BF0F60002E43D19AF801
:106AA000040005F5006500284FF4805048F200010D
:106AB000C0F6020118BF01F580508542C2D339E00B
:106AC000514651F8400F854208BF0F60002EE6D0B6
:106AD00029E000BF43F2120742F6FD7042F68662DB
:106AE000C0F60107C0F60100C0F601022EA340F275
:106AF0001B61009700F068FAFEE700BF43F212073F
:106B000042F6FD7042F68662C0F60107C0F601004B
:106B1000C0F601021EA340F21C61009700F054FA77
:106B2000FEE700BF064600F055FA30460BB0BDE860
:106B3000F08F00BFDAF80C0000260028F3D04FF0E9
:106B4000FF380DF1080900270EE000BFCDF81C80CA
:106B5000A15948462A46FFF757FBDAF80C000137DF
:106B6000874206F10C060BD2DAF80840A019D0E9EA
:106B70000153002BEAD12846F9F7A1FE0346E5E7C9
:106B8000002600F027FA30460BB0BDE8F08F00BFBA
:106B900064656661756C745F656E765F7365745F5E
:106BA00073697A650000000064656661756C745FE6
:106BB000656E765F7365740070B58EB040F27011CB
:106BC000C2F200010978002944D0044600F000FA1E
:106BD0006946204600F078FC002845D0039D40F22D
:106BE0004D240D98C2F20004802D28BF8025214637
:106BF0002A4600F021FA00F0EDF9BDB320782038E4
:106C00005E2844D8C5F1000CA5F1010E0122002137
:106C10008E45104639D062185378203B5E2B29D818
:106C20000CEB01039E1C27D09678203E5E2E25D8C3
:106C3000DE1C25D0D678203E5E2E23D8043323D008
:106C400012790431A2F12003021D5F2BE0D303303F
:106C50001BE000BF42F61760C0F6010000F0B6F975
:106C6000002420460EB070BD00F0B4F90024204688
:106C70000EB070BD481C08E0013006E0881C04E03E
:106C8000023002E0C81C00E0081DA84202D204A0A5
:106C9000E4E700BF0020605520460EB070BD00BF85
:106CA0005761726E696E673A2054686520454E568A
:106CB0002076616C75652069736E27742073747219
:106CC000696E672E20436F756C64206E6F7420624E
:106CD000652072657475726E65640A00F0B58FB0D8
:106CE000144640F27012C2F200021278C2B11E467F
:106CF0000D46074600F06CF901A9384600F0E4FBA8
:106D0000C0B10498002E18BF3060A04238BF0446BE
:106D1000A5B10E982946224600F08EF90EE000BF7C
:106D200042F61760C0F6010000F050F9002420463A
:106D30000FB0F0BD0024002E18BF346000F04AF9F7
:106D400020460FB0F0BD00002DE9F04F91B040F2A9
:106D5000701744F2456548F20009C2F200070120AD
:106D600003ACC3F23405C0F60209787104F10C00DB
:106D70004FF000084FF0FF3602904FF0FF3A701CC2
:106D800016D000BF4FEACA201AF1010108BF4FF424
:106D900000600644387909F5805B0028584608BF32
:106DA0004FF48050864271D2700507D056E000BF84
:106DB0003E79002E18BF4E4670054FD13046214611
:106DC000242200F039F90998A84205D1DDF828A05D
:106DD000701CD7D1ECE700BF42F6AE50C0F6010000
:106DE000314600F0F3F830464FF4006100F0F4F85B
:106DF00010B108F10108C0E702984FF0FF310022FE
:106E00000591CDE903118DF80C20C0E900118160D6
:106E10008DF81820CDE909510B91304621462422E6
:106E20004FF0FF3A00F034F9384650F8281FB142CD
:106E30000ED0384650F8301FB14209D0384650F8CD
:106E4000381FB14204D0384650F8401FB142D0D16B
:106E5000C0F800A008F101088FE700BF42F6E7770D
:106E600042F6FD7042F6866242F6CF73C0F6010725
:106E7000C0F60100C0F60102C0F6010340F249214C
:106E8000009700F0A1F800BFFEE700BFB8F1020FC5
:106E900004D13DA000F09AF8FFF7AEFD00F098F89D
:106EA0004FF0FF3403AE4FF0010801E04FF0FF3A1E
:106EB000601C13D04FEACA201AF1010108BF4FF439
:106EC0000060397904440029584608BF4FF48050C7
:106ED000844235D2600507D01AE000BF3C79002C0F
:106EE00018BF4C46600513D120463146242200F0DD
:106EF000A3F80998A842D9D19DF82000DDF828A070
:106F00000028D5D187F8068000F014FED0E700BF36
:106F100042F6E77742F6FD7042F6866242F6CF739C
:106F2000C0F60107C0F60100C0F60102C0F6010379
:106F300040F24921009700F047F800BFFEE700BF8C
:106F400045F2A553C0F6000303A800210022002645
:106F500000F004FAB87901280FD145F2A554C0F623
:106F6000000403AD00F0E6FD284600210022234680
:106F700000F0F4F9B8790028F4D17E7100F02AF815
:106F8000002011B0BDE8F08F5761726E696E673AEC
:106F900020416C6C20736563746F72206865616456
:106FA000657220636865636B206661696C65642E39
:106FB0002053657420697420746F20646566617560
:106FC0006C742E0A0000000070470000704700003B
:106FD0007047000070470000B0B586B00446400519
:106FE00002D000BFFEE700BF0D46FBF747F942F2B3
:106FF0000C00C4F202003521016005F2FF7100208F
:10700000C90A02900591019002A801A90494FBF716
:107010005DF80446002818BF0124FBF7CFF820468E
:1070200006B0B0BD42F2BC62C0F6010202600B22A3
:1070300000200A60704700003AB3531E032B02F091
:10704000030C13D322F0030210F8043B043A01F8B6
:10705000043B10F8033C01F8033C10F8023C01F833
:10706000023C10F8013C01F8013CEDD1BCF1000FED
:107070000BD00278BCF1010F0A7006D04278BCF147
:10708000020F4A701CBF8078887000207047000093
:10709000F0B581B014460D460646FBF7EFF842F214
:1070A0000C00C4F202003521016074B1002700BF5A
:1070B000EA59F11902200023FBF78AF8F059E9593F
:1070C000884209D10437A742F2D30024FBF776F8AF
:1070D000204601B0F0BD00BF0324FBF76FF8204647
:1070E00001B0F0BD7047000080B590B040F2701064
:1070F000C2F20000007800210191C8B1FFF768FFDB
:107100004AF6A173C0F6000302A801A9002200F00C
:1071100025F90CA006F050F901984FF4006200F137
:1071200024010EA006F048F9FFF754FF10B080BD0F
:1071300042F61760C0F6010010B0BDE88040FFF7CE
:1071400045BF00BF0A6D6F64653A206E6578742094
:1071500067656E65726174696F6E0A0073697A653E
:107160003A20256C752F256C752062797465732E15
:107170000A00000000207047B0B5054608460C46DE
:10718000F9F79DFB024628462146BDE8B04000F0D5
:1071900001B800002DE9F04F85B040F2701BC2F23B
:1071A000000B15469BF80020002A7BD00E460446B3
:1071B000FFF70EFF002E00F081802046F9F77FFBDD
:1071C0002B30E91C20F0030021F0030147185FA0D9
:1071D000394606F0F1F80BF1100840463946FDF744
:1071E000DFFD013076D044F2805AC2F2000A204618
:1071F000514600F069F9002800F09480DAF8300078
:107200004FF0FF31E9460022CDE90011CDE902112E
:10721000049109F108018DF8082008300422FFF7D5
:1072200037FF07460120002F8BF8070040F08180D0
:10723000DAF8300040F2FF7120EA010707F10C0094
:1072400049460C22FFF7F8FE9DF80800B8B19DF8FA
:107250000400A0B19DF8000088B94FF0FF30029003
:10726000CDE90000002009F104018DF8040047F089
:1072700010000422FFF70CFF0746002859D14046B2
:10728000214632462B46FEF7BFFF0746002850D165
:1072900044F28051C2F2000120460122FFF708FAB1
:1072A00046E000BF42F61760C0F60100FFF78EFE11
:1072B0000727384605B0BDE8F08F00BF2046002103
:1072C0000122FFF7F5F90746FFF784FE384605B0BF
:1072D000BDE8F08F9BF80600012815D142F6FD703D
:1072E00042F6F062C0F60100C0F6010240F2BF4172
:1072F0003B46FFF769FE00F01DFC40463946FDF7AE
:107300004FFD01307FF46FAF42F6AF70C0F6010061
:1073100006F052F80627FFF75DFE384605B0BDE8D7
:10732000F08F00BF4046214632462B46FEF76CFFE9
:1073300007469BF80600012808BF00F0FBFBFFF79B
:1073400049FE384605B0BDE8F08F00BF656E765F38
:107350006C656E203D2025640A0000002DE9F04F89
:1073600091B040F270181C4692460E460746C2F293
:1073700000080DF108094FF0FF3506E000204FF03E
:10738000FF3B8DF80800CDF814B0681C18D04FEA08
:10739000CB201BF1010108BF4FF4006098F80410E6
:1073A000054400294FF4805048F20001C0F6020164
:1073B00018BF01F5805085426BD268050BD06BE099
:1073C00098F8045048F20000002DC0F6020018BFE3
:1073D0000546680560D1284608A92422FFF72CFE3F
:1073E0000E9844F24561C3F234018842039504903B
:1073F000C4D101208DF808009DF82800DDF83CB0CC
:10740000CDF814B070B19DF82400D8B19DF82000DB
:10741000B0FA80F040099DF834108DF8090039B9B0
:1074200017E000BF03209DF834108DF8090081B1EA
:107430009DF8301081B19DF82C10B1FA81F1490905
:107440000BE000BF02209DF834108DF809000029E0
:10745000EED1032101E000BF0221002C8DF80A10BB
:1074600018BF10F002003FF490AF4FF0FF303863C8
:107470004846394600F034FD411C38633FF485AF7F
:10748000384605F0A9F8384631465246A04700284C
:10749000EED011B0BDE8F08F42F6E77742F6FD700E
:1074A00042F6866242F6CF73C0F60107C0F60100CD
:1074B000C0F60102C0F6010340F249210097FFF730
:1074C00083FD00BFFEE700002DE9F04F89B0009179
:1074D0008246F9F7F4F98146002051464A460025D4
:1074E000FFF7B4F940F2D027060C0124C2F20007DE
:1074F0000DF1040B09E000BF0F2D05F101054FF060
:10750000000438BF0124102D32D007EBC508D8F88D
:107510000400411CF0D037F835108E42ECD12830F1
:1075200059462022FFF788FD504659464A46F9F74A
:10753000EFF90028E0D1D8F8040000994FF6EE7377
:107540000863B8F802006FF0110200F110019842D0
:1075500088BF02F11101E007A8F8021008D00098D6
:1075600005F03AF80127384609B0BDE8F08F00BFB2
:10757000009C47F2A9530027C0F6000301AA204649
:1075800051468DF80470FFF7E9FE9DF804000028CD
:10759000E9D0226B5046494607F020FE01273846C5
:1075A00009B0BDE8F08F000070B5064608461446E5
:1075B0000D46F9F784F9B17888420BD1024670780C
:1075C00040B13078022805D106F110002946F9F7BC
:1075D0009FF908B1002070BD0120207070BD00002F
:1075E00070B582B040F2B81643F24C1043F2F41179
:1075F000C2F20006C0F60100C0F60101C6E90001B2
:107600000120782105F004FB706128B30A201521C0
:10761000CDE9001047F2916113A0C0F600010022ED
:107620004FF48063002406F033FD7269054610A113
:1076300010460022002306F0F9F9706990F8211035
:1076400041F0020180F821101DB1284606F0B4FE79
:107650000024204602B070BD07A005F0ADFE4FF03B
:10766000FF34204602B070BD747368656C6C000016
:1076700073687278000000006E6F206D656D6F7228
:107680007920666F72207368656C6C0A00000000D8
:1076900040F2B81AC2F2000ADAF8140040F2543488
:1076A00090F82110C2F2000441F0010280F821207C
:1076B000880703D40020207026E000BFDAF81010FD
:1076C00041B140F25430C2F200008022F9F709FAC9
:1076D0001AE000BF02F0CCF930B10020207147F26F
:1076E0006D30C2F2680009E046F67300C0F2200077
:1076F000C4F8030046F66610C7F26E3020602046DC
:10770000F9F7DDF83E212152204605F055FE43F2FF
:107710002E164FF0010B4FF00008C0F601060227AD
:1077200002E000BF80F820B005F0B2FB8146DAF835
:107730001400B9F11B0FF5D090F82010022909D0E0
:10774000012940F07580B9F15B0F40F06F8080F83F
:107750002070E9E7A9F14101022980F82080E3D3F4
:10776000B9F1440F00F29280DFE819F0460097006B
:10777000970097009700970097009700A000E000FF
:10778000700097009700700097009700970097008F
:107790009700970097009700970097009700970031
:1077A0009700970097009700970097009700970021
:1077B0009700970097009700970097009700970011
:1077C0009700970097009700970097009700970001
:1077D00097009700970097009700970097009700F1
:1077E00097009700970097009700970097009700E1
:1077F00097004800840100BF96E700BFB0F87410FE
:10780000B0F872209142BFF48FAF084490F8221074
:1078100043F23010C0F6010005F0CEFDDAF8140096
:10782000B0F874100131A0F874107DE780F8208062
:10783000B9F10D0F2AD8DFE809F0073030303030C9
:1078400030303979093030096EE700BF02F010F9A5
:10785000012812D1DAF8140090F82110C90707D0D6
:1078600042F62920C0F6010005F0A6FDDAF8140062
:10787000B0F87210223001F0A9FEDAF8140090F886
:107880002100800778D484F800801DE1B9F17F0FD2
:107890000CD0B9F1FF0F3FF447AFB0F87220502A77
:1078A00074D30022A0F87220A4E000BFB0F87410D6
:1078B00000293FF439AFB0F872200139531E9AB253
:1078C000A0F872308BB29A42A0F8741040F2B480E3
:1078D000C11801F122002331D21A05F069FEDAF84D
:1078E0001400B0F87210084480F82280DAF814000E
:1078F000B0F87410084400F1220189A005F05CFD85
:10790000DAF81410B1F87400B1F8721088423FF63A
:107910000BAF451E304605F04FFDDAF81400013577
:10792000B0F872008542F5D3FEE600BFB0F87410DF
:1079300051B10025304605F03FFDDAF8140001355D
:10794000B0F874108D42F5D300F1220542F62920DB
:10795000C0F6010005F030FD02F08AF8012802D1DE
:10796000284601F071FDDAF8140090F82100800734
:107970006ED484F80080C1E0DAF8101000296FD0CE
:1079800020468022F9F7ADF89EE000BFB0F87430D1
:107990009A422FD9C11801F123002231D21A05F0E1
:1079A00007FEDAF81400B0F87410084480F822904A
:1079B000DAF8140090F82110C90709D0B0F8741053
:1079C000084400F122015AA005F0F6FCDAF8140090
:1079D000B0F87450B0F872108D421DD2304605F0E8
:1079E000EBFCDAF814000135B0F872108D42F5D3D3
:1079F00012E000BF104480F82290DAF8140090F8EA
:107A00002110C90708D043F23010C0F601004946E2
:107A100005F0D2FCDAF81400B0F87210B0F8742057
:107A20000131A0F8721089B201325029A0F87420F7
:107A300028BFC0F8728077E638A005F0BDFCDAF800
:107A40001400B0F87210084480F822806CE600BF81
:107A5000DAF81010F1B120468022F9F742F84DE033
:107A600002F006F800B347F26D3084F80480C2F2E9
:107A7000680023E0B0F8740000283FF455AE3046AB
:107A800005F09AFCDAF81400B0F874100139A0F887
:107A9000741049E601F0ECFF00B347F26D3084F852
:107AA0000480C2F2680023E046F67300C0F22000B2
:107AB000C4F8030046F66610C7F26E302060204618
:107AC000F8F7FDFE3E212152204605F075FCDAF85C
:107AD000140054212230F8F7BBFF25E646F6730068
:107AE000C0F22000C4F8030046F66610C7F26E30FC
:107AF00020602046F8F7E3FE3E2121520AA02146ED
:107B00002A4605F059FCDAF8145005F12200F8F77E
:107B1000D6FEA5F87200A5F8740005E60820080056
:107B2000082573202008000025732573000000003D
:107B3000257300002DE9F04FA5B044F2456840F2EE
:107B4000701AC3F2340800254FF0FF36C2F2000A63
:107B50000EAC09E04FF0FF3B0020F9B20139B1FA59
:107B600081F1490908400544701C19D04FEACB2027
:107B70001BF1010108BF4FF4006048F20001064408
:107B80009AF80400C0F6020101F580590028484621
:107B900008BF4FF48050864244D270050BD029E0D4
:107BA0009AF8046048F20000002EC0F6020018BFE8
:107BB000064670051ED1304621462422FFF73CFAC6
:107BC00014984045C6D19DF84000DDF854B048B146
:107BD0009DF83C0050B19DF83800B0FA80F047099C
:107BE0000120BAE701200327B7E700BF01200227E1
:107BF000B3E700BF42F6E77742F6FD7042F68662D1
:107C000042F6CF73C0F60107C0F60100C0F60102CC
:107C1000C0F6010340F249210097FFF7D5F900BFF4
:107C2000FEE700BF42F6FD700127C0F601008DA2FD
:107C300040F203512B460097FFF7C6F9012D00F2E1
:107C4000F3800BA80830049004F1100003901CA8E6
:107C50000C3005AF4FF0FF35029006E000204FF0EA
:107C6000FF3B8DF81400CDF820B0681C14D04FEA0B
:107C7000CB201BF1010108BF4FF400609AF80410FB
:107C800005440029484608BF4FF48050854280F0E3
:107C9000CB8068050CD0CDE09AF8045048F2000083
:107CA000002DC0F6020018BF0546680540F0C280EE
:107CB000284621462422FFF7BFF91498069540452F
:107CC0000790CBD101208DF814009DF84000DDF81D
:107CD00054B0CDF820B068B19DF83C00E0B19DF8FB
:107CE0003800B0FA80F040099DF84C108DF815006E
:107CF00031B918E003209DF84C108DF8150091B1B2
:107D00009DF8480090B19DF84400B0FA80F0400919
:107D10008DF81600A9E700BF02209DF84C108DF8E1
:107D200015000029ECD1032001E000BF02208DF8EE
:107D300016004FF0FF36002004990D968DF83400A0
:107D400005F114000422CDE90B66FFF7A1F93846CE
:107D500021461A9600F0C4F8039E411C1A9044D1A3
:107D600028464FF40061FFF737F960BB02984FF0E7
:107D7000FF3100221E91CDE91C118DF87020C0E961
:107D8000001181608DF87C20CDE922812491284664
:107D90001CA92422FFF77CF9504650F8281FA9425D
:107DA0000ED0504650F8301FA94209D0504650F826
:107DB000381FA94204D0504650F8401FA94202D1B2
:107DC0004FF0FF31016042F6FD70C0F6010040F255
:107DD000EF413CA22B46FFF7F7F846E7384621462D
:107DE00000F07EF8411C1A90BAD0204604F0F4FB53
:107DF0009DF839000028F1D09DF8380000F0FE0011
:107E00000228EBD1204601F09BF90028E6D09DF82E
:107E10003A3042F6FD70C0F6010040F2EA411EA27F
:107E20000096FFF7D1F8D9E700208AF8060025B0C0
:107E3000BDE8F08F42F6E77742F6FD7042F68662C3
:107E400042F6CF73C0F60107C0F60100C0F601028A
:107E5000C0F6010340F249210097FFF7B5F800BFD3
:107E6000FEE700BF5468652072656D61696E20652C
:107E70006D70747920736563746F72206973202547
:107E8000642C204743207468726573686F6C6420AB
:107E900069732025642E0A004572726F723A204D74
:107EA0006F7665642074686520454E562028252E1F
:107EB0002A732920666F72204743206661696C65CA
:107EC000642E0A00436F6C6C6563742061207365D7
:107ED00063746F7220403078253038580A000000F3
:107EE0002DE9F04F89B005464078012876D08B46C1
:107EF000096B68684A1C19D000F5006291426DD880
:107F00009BF80120002A14BFDBF80820042202EBB2
:107F1000010940F27011C2F2000140F2FF728B6A57
:107F200029EA0202934205D1002213E0243009B06D
:107F3000BDE8F08F0B6B934202D101220AE000BF33
:107F40008B6B934202D1022204E000BF0B6C934280
:107F50000ED1032201EBC201C96A494508D14FF095
:107F6000FF30696801F50061884237D843E000BFFF
:107F700000F2DC76B14537D245F24B6AC9F1150102
:107F8000A9F114040DF10408C3F2340A4F4607E0C6
:107F900000991C371C391C34B7424FF0FF3018D2FF
:107FA0000091384641462022FFF746F8002100BFE5
:107FB0001C29EDD008463944B142E9D258F80010E6
:107FC000514500F10101F3D120444845F0D3009818
:107FD000081A696801F5006188420CD94FF0FF303A
:107FE00009B0BDE8F08F00BF4FF0FF30696801F5C0
:107FF00000618842F2D8DBF80810002908BF4FF072
:10800000FF3009B0BDE8F08F80B502A005F0D4F9CB
:10801000002080BD48656C6C6F2052542D546872EE
:10802000656164210A000000B0B582B042F6B62056
:10803000C0F6010001A904220023FEF74FFE58B14B
:10804000019A42F6D82042F6B621C0F60100C0F6E9
:10805000010105F0B1F914E04FF47F0042F6B624B7
:10806000019042F6F720C0F60104C0F60100214657
:108070004FF47F0205F0A0F901A920460422FFF782
:1080800089F8019840F2E805C2F20005286042F63E
:10809000C220C0F6010001A904220023FEF71EFE43
:1080A00060B1019A42F6D82042F6C221C0F6010022
:1080B000C0F6010105F080F915E000BF4FF47F0024
:1080C00042F6C224019042F6F720C0F60104C0F641
:1080D000010021464FF47F0205F06EF901A9204608
:1080E0000422FFF757F8019801A9686042F63A2088
:1080F000C0F6010004220023FEF7F0FD60B1019AF2
:1081000042F6D82042F63A21C0F60100C0F601013D
:1081100005F052F915E000BF4FF47F0042F63A2413
:10812000019042F6F720C0F60104C0F60100214696
:108130004FF47F0205F040F901A920460422FFF721
:1081400029F8019801A9A86042F65620C0F601005E
:1081500004220023FEF7C2FD60B1019A42F6D82046
:1081600042F65621C0F60100C0F6010105F024F9DF
:1081700015E000BF4FF47F4042F65624019042F6CE
:10818000F720C0F60104C0F6010021464FF47F42FB
:1081900005F012F901A920460422FEF7FBFF019821
:1081A00001A9E86042F62B20C0F60100042200235A
:1081B000FEF794FD60B1019A42F6D82042F62B21D9
:1081C000C0F60100C0F6010105F0F6F815E000BFA9
:1081D0004FF47F0042F62B24019042F6F720C0F6C0
:1081E0000104C0F6010021464FF47F0205F0E4F8D7
:1081F00001A920460422FEF7CDFF019801A92861BC
:1082000042F64720C0F6010004220023FEF766FD77
:1082100060B1019A42F6D82042F64721C0F601002B
:10822000C0F6010105F0C8F815E000BF4FF47F006B
:1082300042F64724019042F6F720C0F60104C0F64A
:10824000010021464FF47F0205F0B6F801A920464F
:108250000422FEF79FFF019801A9686142F69D2064
:10826000C0F6010004220023FEF738FD60B1019A38
:1082700042F6D82042F69D21C0F60100C0F6010169
:1082800005F09AF815E000BF4FF47F0042F69D24F8
:10829000019042F6F720C0F60104C0F60100214625
:1082A0004FF47F0205F088F801A920460422FEF76A
:1082B00071FF019801A9A86142F6AA20C0F6010049
:1082C00004220023FEF70AFD60B1019A42F6D8208D
:1082D00042F6AA21C0F60100C0F6010105F06CF8D3
:1082E00013E000BFFF2042F6AA24019042F6F720D7
:1082F000C0F60104C0F601002146FF2205F05CF83B
:1083000001A920460422FEF745FF019801A9E86172
:1083100042F69220C0F6010004220023FEF7DEFCA4
:1083200060B1019A42F6D82042F69221C0F60100CF
:10833000C0F6010105F040F815E000BF4FF47F00E2
:1083400042F69224019042F6F720C0F60104C0F6EE
:10835000010021464FF47F0205F02EF801A92046C6
:108360000422FEF717FF019801A9286242F6862031
:10837000C0F6010004220023FEF7B0FC70B1019AA0
:1083800042F6D82042F68621C0F60100C0F601016F
:1083900005F012F80198686202B0B0BD4FF47F009A
:1083A00042F68624019042F6F720C0F60104C0F69A
:1083B000010021464FF47F0204F0FEFF01A9204690
:1083C0000422FEF7E7FE0198686202B0B0BD00002B
:1083D0002DE9F04381B016A004F0EEFF40F2B81092
:1083E00040F2BC19C2F20000C2F200090768D9F8D5
:1083F0000050AF4218D213A40FF24C0803E000BFA4
:108400000C37AF4210D23E68214630460222F8F7C0
:108410007FFA0028F4D07A684046314604F0CCFF59
:10842000D9F80050ECE700BF002001B0BDE8F083B0
:108430002D2D46756E6374696F6E204C6973743AA6
:108440000A0000005F5F0000252D313673202D2DBE
:108450002025730A0000000010B540F21014C2F28B
:108460000004216806A004F0A7FF216909A004F018
:10847000A3FF61690CA0BDE8104004F09DBF00BFE0
:10848000746F74616C206D656D6F72793A2025642C
:108490000A00000075736564206D656D6F72792048
:1084A0003A2025640A0000006D6178696D756D20C1
:1084B000616C6C6F6361746564206D656D6F72795A
:1084C0003A2025640A0000002DE9F04F8DB002200B
:1084D00005F0C2F900F104087AA081A2082104F095
:1084E0006BFF43F2EC04C0F60104204604F064FF85
:1084F000204604F061FF204604F05EFF204604F0B1
:108500005BFF204604F058FF204604F055FF20464C
:1085100004F052FF204604F04FFF74A004F04CFF1B
:1085200000260DF1140B7BA77BA4CDF80C8005E091
:10853000049EDDF80C80002E00F0C0803546002E31
:1085400008BF4546F7F784FE36B115F8041C01F064
:108550007F01022940F0B0802968414500F0AC80DD
:108560000A68059142451DD01168069241451DD00B
:108570000A68079142451DD01168089241451DD0F7
:108580000A68099142451DD011680A9241451DD0E3
:108590000A680B9142451DD04FF00808114604921D
:1085A0000C921BE04FF0010816E000BF4FF00208EC
:1085B00012E000BF4FF003080EE000BF4FF00408C8
:1085C0000AE000BF4FF0050806E000BF4FF00608C4
:1085D00002E000BF4FF007080021049150A5F7F713
:1085E0003BFE4FF0000905E0F7F736FE09F10109FF
:1085F000C1459DD05BF829A0F7F72AFE1AF8041CA4
:1086000001F07F010229EFD1F7F726FE5AF8081F83
:108610000026BAF808005145AAF1140351460FD0BC
:10862000096851451FD00968514519D0096851455D
:1086300018D0096804365145F2D1013E13E000BF5D
:10864000096851452FD00968514529D0096851451D
:1086500028D0096804365145F2D1013E23E000BF1D
:10866000013600E00236009026A00821082201967B
:1086700004F0A2FEDAF8006056450DD0A6F1140110
:10868000384604F099FE3068504505D0204604F085
:1086900093FE36685645F1D120A004F08DFEA5E783
:1086A000013600E002360090284608210822019693
:1086B00004F082FE9AE700BFF7F7CEFD00200DB070
:1086C000BDE8F08F252D2A2E73207620202073758B
:1086D0007370656E64207468726561640A000000DE
:1086E00073656D6170686F7265000000202D2D2D1F
:1086F000202D2D2D2D2D2D2D2D2D2D2D2D2D2D0ADA
:1087000000000000252D2A2E2A73202530336420F6
:1087100025643A00257300002F0000000A000000C5
:10872000252D2A2E2A7320253033642025640A0043
:108730002DE9F04F8DB0012005F08EF8051D43F2B4
:108740007700C0F6010073A2082104F035FE43F261
:10875000EC04C0F60104204604F02EFE204604F08E
:108760002BFE204604F028FE204604F025FE20467D
:1087700004F022FE204604F01FFE204604F01CFEFA
:10878000204604F019FE65A004F016FE00240DF149
:10879000140A039505E000BF049C039D002C00F023
:1087A000B5802646002C08BF2E46F7F751FD34B1A0
:1087B00016F8041C01F07F01012940F0A580316802
:1087C000A94200F0A1800A680591AA421ED0116852
:1087D0000692A9421ED00A680791AA421ED01168CB
:1087E0000892A9421ED00A680991AA421ED01168B7
:1087F0000A92A9421ED00A680B91AA421ED04FF0DD
:108800000808114604920C921CE000BF4FF00108CA
:1088100016E000BF4FF0020812E000BF4FF003085F
:108820000EE000BF4FF004080AE000BF4FF005085B
:1088300006E000BF4FF0060802E000BF4FF0070857
:1088400000210491F7F708FD4FF0000906E000BF92
:10885000F7F702FD09F10109C1459DD05AF829B089
:10886000F7F7F6FC1BF8041C01F07F010129EFD19A
:10887000ABF10C06F7F7F0FC9BF8294037A0082174
:1088800008223346009404F097FD9BF8280000F07E
:108890000F00042804D834A151F8200004F08CFD06
:1088A000DBF81C00C11C00BF11F8032C232A0DD1DA
:1088B00011F8022C232A0BD111F8012C232A09D1FB
:1088C00011F8042B232AEFD0043904E0033902E025
:1088D000023900E00139DBE90824DBF810601718E1
:1088E000401A104464214843DBF83450B0FBF2F3E3
:1088F000B91B22A00095019404F05EFD09F1010965
:10890000C145ABD148E700BFF7F7A6FC00200DB08A
:10891000BDE8F08F7468726561640000202D2D2D14
:1089200020202D2D2D2D2D2D2D202D2D2D2D2D2D9E
:108930002D2D2D2D202D2D2D2D2D2D2D2D2D2D2081
:10894000202D2D2D2D2D2D20202D2D2D2D2D2D2D7E
:108950002D2D2D202D2D2D0A00000000252D2A2E35
:108960002A73202533642000BB300108CD30010874
:10897000EE300108F7300108C430010820307825B6
:108980003038782030782530387820202020253065
:108990003264252520202030782530387820253075
:1089A00033640A002DE9F04F8FB00A2004F054FF21
:1089B00000F104090FF2B0400FF2D442082104F094
:1089C000FBFC43F2EC04C0F60104204604F0F4FC86
:1089D000204604F0F1FC204604F0EEFC204604F0B2
:1089E000EBFC204604F0E8FC204604F0E5FC2046C1
:1089F00004F0E2FC204604F0DFFC0FF29C4004F09F
:108A0000DBFC002623E000BFA4F10C07F7F724FCF1
:108A1000D4E906050821009043F2D600C0F6010013
:108A200008223B46019504F0C7FC14F8030CC0076C
:108A300007BF43F26A00C0F6010043F26C00C0F6C3
:108A4000010004F0B9FC00BF002E00F003823446A0
:108A5000002E08BF4C46F7F7FBFB36B114F8041C98
:108A600001F07F010A2940F0F3812168494500F0B7
:108A7000EF810A6807914A4520D01168089249455C
:108A800022D00A6809914A4500F0C28011680A9212
:108A9000494500F0F9800A680B914A4500F032819F
:108AA00011680C92494500F039810E680D914E45D0
:108AB00000F0768100240E9602E000BF002601241B
:108AC0004FF0000B04E000BF4FF0010B0026002424
:108AD0004FF0000A00210691002105910021049128
:108AE00000210391F7F7B8FBDDF81C80F7F7B0FB26
:108AF00018F8041C01F07F010A2923D1A8F10C0702
:108B0000F7F7AAFBD8E906050821009043F2D60042
:108B1000C0F6010008223B46019504F04DFC18F810
:108B2000030CC00707BF43F26A00C0F6010043F21E
:108B30006C00C0F6010004F03FFC002C7FF484AF11
:108B400005E000BFF7F788FB002C7FF47DAF089CA1
:108B5000F7F77EFB14F8041C01F07F010A2923D1EA
:108B6000A4F10C07F7F778FBD4E90605082100907B
:108B700043F2D600C0F6010008223B46019504F0FE
:108B80001BFC14F8030CC00707BF43F26A00C0F6D1
:108B9000010043F26C00C0F6010004F00DFCBBF1D3
:108BA000000F7FF451AF05E0F7F756FBBBF1000F64
:108BB0007FF44AAF099CF7F74BFB14F8041C01F053
:108BC0007F010A292CD1A4F10C07F7F745FBD4E962
:108BD00006050821009043F2D600C0F601000822E5
:108BE0003B46019504F0E8FB14F8030CC00707BFEF
:108BF00043F26A00C0F6010043F26C00C0F60100C7
:108C000004F0DAFBBAF1000F7FF41EAF0EE000BFF4
:108C10004FF0010A002600244FF0000B5AE700BF76
:108C2000F7F71AFBBAF1000F7FF40EAF0A9CF7F7C3
:108C30000FFB14F8041C01F07F010A292ED1A4F1C6
:108C40000C07F7F709FBD4E906050821009043F269
:108C5000D600C0F6010008223B46019504F0ACFBAB
:108C600014F8030CC00707BF43F26A00C0F6010006
:108C700043F26C00C0F6010004F09EFB0698002849
:108C80007FF4E2AE10E000BF01210691002600242F
:108C90004FF0000B4FF0000A1EE700BFF7F7DCFAB9
:108CA000069800287FF4D0AE0B9CF7F7D1FA14F8A1
:108CB000041C01F07F010A293ED1A4F10C07F7F74B
:108CC000CBFAD4E906050821009043F2D600C0F69D
:108CD000010008223B46019504F06EFB14F8030CDA
:108CE000C00707BF43F26A00C0F6010043F26C0000
:108CF000C0F6010004F060FB059800287FF4A4AEE4
:108D000020E000BF012105910021002600244FF042
:108D1000000B4FF0000A0691E0E600BF012104912C
:108D2000002106910021002600244FF0000B4FF097
:108D3000000A0591D4E600BFF7F78EFA05980028DF
:108D40007FF482AE0C9CF7F783FA14F8041C01F050
:108D50007F010A2934D1A4F10C07F7F77DFAD4E991
:108D600006050821009043F2D600C0F60100082253
:108D70003B46019504F020FB14F8030CC00707BF25
:108D800043F26A00C0F6010043F26C00C0F6010035
:108D900004F012FB049800287FF456AE16E000BFE2
:108DA0000121039100210691002105910021002657
:108DB00000244FF0000B4FF0000A049192E600BF30
:108DC000F7F74AFA049800287FF43EAE0D9CF7F7B7
:108DD0003FFA14F8041C01F07F010A2924D1A4F100
:108DE0000C07F7F739FAD4E906050821009043F299
:108DF000D600C0F6010008223B46019504F0DCFADB
:108E000014F8030CC00707BF43F26A00C0F6010064
:108E100043F26C00C0F6010004F0CEFA039800287B
:108E20007FF412AE06E000BFF7F716FA03980028A9
:108E30007FF40AAE0E9CF7F70BFA14F8041C01F04D
:108E40007F010A293FF4E0ADF7F706FAFCE500BF21
:108E5000F7F702FA05F060FB014618A004F0ACFA3F
:108E600000200FB0BDE8F08F252D2A2E7320207032
:108E70006572696F64696320202074696D656F7520
:108E80007420202020202020666C61670A000000EA
:108E900074696D6572000000202D2D2D2D2D2D2D56
:108EA0002D2D2D202D2D2D2D2D2D2D2D2D2D202D0C
:108EB0002D2D2D2D2D2D2D2D2D2D0A00637572722A
:108EC000656E74207469636B3A3078253038780A9F
:108ED0000000000092B0F9F701FB00240120CDE969
:108EE0000D44CDE90B4408900C904FF4E0104FF482
:108EF00080310225119008A8CDE90914CDE90F5160
:108F0000F9F7FCFC20B1EFF3108072B6FEE700BF6A
:108F10000F20CDE903054FF48060CDE9060403A8D6
:108F200002210594F9F7BAFB20B1EFF3108072B675
:108F3000FEE700BFFBF736F9FBF7F8F8FBF762F93D
:108F4000FBF784FAFBF7A0FAFBF70EFAFDF73AFC01
:108F500028BB4AA004F030FAFEF7C6F842F6CD244A
:108F60000020C0F60104CDF82700CDE90800204616
:108F7000FDF722FEF7F73AFC451C47A0294604F00E
:108F80001BFA08AE4CA130462A46F7F73FFA2046B6
:108F90003146FEF7F1F8FEF7EDF8FFF745F840F23D
:108FA000D014C2F2000440F20860A11CC2F200001A
:108FB0000122FAF79BFF40F2E84204F11400C2F2EA
:108FC00000020A2100230A25FBF780FA40F27852BA
:108FD00004F12400C2F200020A210023FBF776FA12
:108FE00003204CF6B121009034A0C0F6000100220D
:108FF0004FF48063019505F04BF838B105F0DCF9CA
:1090000042F68610C0F6010001E000BF2FA004F078
:10901000D3F94CF61131042637A0C0F60001002226
:109020004FF480630195009605F032F830B105F0F9
:10903000C3F942F65B10C0F6010003E042F63410BB
:10904000C0F6010004F0B8F942F6772045F6991110
:109050000A25C0F60100C0F60001002241F63043A7
:109060000096019505F014F80028E06018BF05F09F
:10907000A3F900BF142005F031F9FBE765617379AE
:10908000666C617368E5889DE5A78BE58C96E6883C
:1090900090E58A9F210A00005468652073797374F3
:1090A000656D206E6F7720626F6F74202564207469
:1090B000696D65730A0D0000257500007267625FB7
:1090C000626F64795F7461736B0000007267625F46
:1090D000626F64795F7461736B5F74696420746834
:1090E00072656164206973206E6F7420737461729D
:1090F0007465640A000000007267625F676E5F64F7
:10910000726976655F7461736B000000B0B543F2FD
:10911000481443F24010C0F60104C0F60100A0421A
:1091200009D243F24015C0F6010500BF55F8040B03
:109130008047A542FAD3BDE8B040FFF7CBBE0000A0
:109140002DE9F04FA1B004460078022804D1002098
:1091500021460022FDF7ACFAA1681AA8FBF720FE11
:10916000054601303CD040F27019C2F2000999F86E
:10917000050001281CD103AF38462121F7F78AFCEE
:10918000A27804F110013846F7F7ABFC47F2A95377
:109190000026C0F600030CA80DF1830239468DF8B5
:1091A0008360FEF7DBF89DF88300002840F0118112
:1091B0009DF86900A668022818D001283DD11B98A7
:1091C0004FF0FF31CDE90C110E910CA900220431B2
:1091D0008DF8342004300422FDF75AFF2DE000BF43
:1091E0000626304621B0BDE8F08F00BF1E98482803
:1091F00002D3801B472820D81B984FF0FF370CA9BB
:1092000000220E9708318DF8382008300422CDE96D
:109210000C77FDF73DFF48461B9950F8282F8A42EE
:109220000AD0484650F8302F8A4205D0484650F8B8
:10923000382F8A4240F0E080076003AF4FF0FF3ADA
:109240004FF00008284639460422CDF80DA0CDF88D
:1092500011A0CDF815A0CDF819A0CDF81CA08DF85F
:109260000C80FDF715FFB6F1140B27D04FF0000965
:109270000CAF00BF09F12000ABEB0906584538BF21
:109280002026206B09F11408F11C404421F0030250
:109290003946FDF7D1FE08EB050039463246FDF7A9
:1092A000F7FEB144CB45E5D840F270190646C2F24C
:1092B00000094FF0000803AF01E000BF0026391D90
:1092C000281D0422CDF81CA0CDE905AACDE903AAEA
:1092D0008DF81080FDF7DCFEA178E368CA1C22F04F
:1092E000030203332A4423F0030340F2FF701A44BD
:1092F00025EA00002832D9F8283082420AD900F540
:109300000067974206D983420AD109F128074FF036
:10931000000C46E0834221D109F128022DE000BF74
:109320004F4657F830EF4FF0010C864539D0B3F176
:10933000FF3818BF4FF00108013308BF4FEA880C0F
:109340001EF101034F4657F8383F18BF4FEA880C0B
:10935000834217D14FF0020C23E000BF4A4652F877
:10936000303F834209D04A4652F8383F834204D006
:1093700059F8402F82424A4617D14FF0FF30106013
:1093800013E000BF8CF0040767EA03034F46002B8D
:1093900057F8403F08BF4FF0020C834222D14FF0F4
:1093A000030C386009EBCC00C26204F110073846A8
:1093B0002A4605F013FF206BA378CDE9007042F632
:1093C000FD70C0F6010014A240F2AF410295FDF716
:1093D000FBFD002021460122FDF76AF9304621B04D
:1093E000BDE8F08F013308BFBCF1040F0CD0BCF115
:1093F000030FDAD80AE000BF484650F8402F8A42EF
:1094000008BF076019E700BF4FF0030C09EBCC035E
:10941000C3E90A02C9E700BF4D6F7665642074682E
:109420006520454E562028252E2A73292066726F06
:109430006D2030782530385820746F2030782530F2
:1094400038582E0A000000002DE9F04F81B0834605
:109450000078A8B140F2B810C2F20000056840F2EE
:10946000BC10C2F20000D0F80080454580F0A88012
:1094700043F227194FF0000AC0F6010900264CE01C
:1094800043F20010C0F6010003F096FF40F2B8105E
:1094900040F2BC19C2F20000C2F200090768D9F814
:1094A0000050AF421CD243F2271443F21B18C0F6FF
:1094B0000104C0F6010802E00C37AF4210D23E684A
:1094C000214630460622F7F723FA0028F4D17A68BD
:1094D000B11D404603F070FFD9F80050ECE700BF23
:1094E00042F62920C0F6010001B0BDE8F04F03F0BC
:1094F00063BF00BF481C801B5045B8BF824632A0E6
:10950000394603F059FF40F2BC10C2F20000D0F817
:10951000008000BF0C35454548D22F684946384683
:109520000622F7F7F5F90028F4D158460637F7F781
:10953000C6F9024658463946F7F7EAF90028E9D154
:10954000BAF1000F04D03178304651B9D3E700BFEB
:109550003846F7F7B4F982463E463178304600295E
:10956000C9D000203A5CDAB1914219D131184B7858
:10957000002BBFD03A185478002CBBD0A342B9D1ED
:109580008B787BB194786CB1A3420BD1CB785BB173
:10959000D2784AB1934207D1097904300029E1D148
:1095A0003044A8E7881CA6E7C81CA4E746B1584683
:1095B0003146524601B0BDE8F04F04F013BC00BF85
:1095C00001B0BDE8F08F00BF25730A002DE9F04F10
:1095D0008BB069B30D464A420023834607E000BFC3
:1095E00004330BF1040BD118A5F1040520D0C15CA4
:1095F000202901D0092926D1D618711C18D2C718E4
:109600007978202901D0092916D1B11C10D0B97858
:10961000202901D0092913D1F11C09D0F97820297A
:10962000DED00929DCD0033D07F1030B0BE000BFBE
:1096300000200BB0BDE8F08F0BF1010B013D02E003
:109640000BF1020B023D68426A1E4FF00009C9B2DD
:10965000092933D0202931D04D4521D00BEB090108
:109660004B78092B22D0202B20D04A4518D08B785C
:10967000092B21D0202B1FD000EB09039F1C0FD0FA
:10968000CF78092F00F04281202F00F03F81033373
:1096900006D0097909F10409C9B20929DAD10DE026
:1096A000A946B9F1000F0DD136E100BF09F101095A
:1096B000B9F1000F06D12FE109F10209B9F1000F4C
:1096C00000F02A8140F2B810C2F20000066840F2B1
:1096D000BC10C2F200000468A64280F01D8143F273
:1096E000271809F1060AC0F6010803E00C36A64265
:1096F00080F012813768414638460622F7F708F9AC
:109700000028F3D1B81D59464A46F7F701F9002859
:10971000ECD117F80A000028E8D1B06800280090C2
:1097200000F0FA804FF0000C4FF0000800275A4676
:10973000CDE909CCCDE907CCCDE905CCCDE903CC09
:109740002946CDF80880AF4288BF39467B1A03F11D
:109750000108002096460197165C202E01D0092EA4
:1097600046D113EB000A2FD002EB000999F80160F3
:1097700002F800C0202E01D0092E3BD118EB000CBE
:1097800026D099F802604FF0000C202E89F801C015
:1097900001D0092E32D11AF1020421D099F80360C8
:1097A00089F802C0202E01D0092E2BD11AF1030412
:1097B0001AD089F803C00EF1040E04370430165C89
:1097C000202ECCD1CDE700BF02EB000E1FE000BF82
:1097D000DDF8088009F1010E4FF0000C19E000BF20
:1097E00009F1020E13E000BF0EF1030E0FE000BFFF
:1097F00039460CE00EF1010E791C08E00EF1020E64
:10980000B91C04E0019909F1030E0844C11CDDF8FC
:109810000880B8F1080F80F0B180A94280F0C280C2
:10982000222E21D10EF1010203A840F828209EF833
:109830000170481C04E000BF12F8017F01460130AE
:10984000A8424FF0000338BF0123222F44D0A84282
:1098500042D25C2FF0D1134613F8017F222F04BFB0
:109860001A46881CE8E700BF03A840F828E028460D
:10987000A94288BF08460A1A08F10108541C0020B2
:109880001EF80070092F22D0202F20D0171800F0CA
:109890008C800EEB00067378092B25D0202B23D06B
:1098A000231800F08280B378092B21D0202B1FD001
:1098B000BB1C00F07A80F378092B1DD0202B1BD025
:1098C000FB1C72D004301EF80070092FDCD10EEBA7
:1098D00000020F1813E000BF002B08F1010864D04C
:1098E00002F801CB8F1C0CE00844721C471C06E0F8
:1098F0000844B21C871C02E00844F21CC71CAF429B
:1099000053D2AF42FFF41CAF4FE000BF09F103098F
:10991000B9F1000F7FF4D6AE00201BF8001041F023
:109920002001202917D00BEB00014A7842F02002D9
:10993000202A13D08A7842F02002202A10D0CA7838
:1099400042F02002202A0DD004301BF8001041F014
:1099500020012029E7D1584405E000BF481C02E05F
:10996000881C00E0C81C002101701CA0594603F0AF
:1099700023FD4FF0FF300BB0BDE8F08F0EA003F0D9
:109980001BFD03A8041F14A5464654F8041F2846CF
:1099900003F012FD013EF8D142F62920C0F6010085
:1099A00003F00AFDB8F1000FB6D0009A03A94046B3
:1099B00090470BB0BDE8F08F546F6F206D616E79EA
:1099C00020617267732021205765206F6E6C7920AB
:1099D0005573653A0A0000002573200025733A206C
:1099E000636F6D6D616E64206E6F7420666F756E4F
:1099F000642E0A002DE9F04381B043F20010C0F656
:109A0000010003F0D9FC40F2B81040F2BC19C2F2D8
:109A10000000C2F200090768D9F80050AF421DD219
:109A200043F2271443F21B18C0F60104C0F60108E4
:109A300003E000BF0C37AF4210D23E6821463046EB
:109A40000622F6F765FF0028F4D17A68B11D40467A
:109A500003F0B2FCD9F80050ECE700BF42F6292031
:109A6000C0F6010003F0A8FC002001B0BDE8F083BF
:109A700001207047B0B500210022044602F0C2FF69
:109A800040F20C15C2F20005286801F043FB29687A
:109A900020460022FBF774F82046FBF71FF92968DF
:109AA00020460122FBF76CF82046FBF717F92968DE
:109AB00020460222FBF764F82046FBF70FF92968DD
:109AC00020460322FBF75CF82046FBF707F92968DC
:109AD00020460422FBF754F82046FBF7FFF84FF42A
:109AE000FA70BDE8B04004F0F9BB00002DE9F04188
:109AF0008846044603F060FC2046FBF709FD18B3D6
:109B000043F25A01C0F601010446FBF797FC43F209
:109B100055010546C0F601012046FBF78FFC43F2D4
:109B20004E010746C0F601012046FBF787FC002DD9
:109B300018BF002F12D14DA003F03EFC2046FBF7CA
:109B400053FC0020BDE8F08143F23500C0F601006F
:109B500003F032FC0020BDE8F08100BF064600287B
:109B6000E9D0E8680328E6D1F8680628E3D1F06870
:109B70000628E0D16969454622A045F8041B03F098
:109B80001BFC3846294600F07DF878B108F10C013D
:109B9000304600F077F8D8B12046FBF725FC1FA02F
:109BA00003F00AFC0120BDE8F08100BF29A003F00A
:109BB00003FCD8F808000028C0D0F6F7F2FB00201C
:109BC000C8F808002046FBF70FFC0020BDE8F08134
:109BD0001AA003F0F1FBD8F8080020B1F6F7E1FB7A
:109BE0000020C8F80800D8F810000028A6D0F6F722
:109BF000D8FB0020C8F810002046FBF7F5FB00203A
:109C0000BDE8F081506172736564206D6F646554C6
:109C10007970653A2025640A000000005061727373
:109C20006564206D65737361676520737563636533
:109C3000737366756C6C790A000000004661696C8C
:109C4000656420746F20706172736520676E4D6F5C
:109C500064650A004661696C656420746F207061F8
:109C6000727365206D6F64650A000000496E76614D
:109C70006C6964204A534F4E20666F726D61740A9E
:109C80000000000070B50C4643F24B01C0F6010124
:109C90000546FBF7D3FB43F263010646C0F601011C
:109CA0002846FBF7CBFBEEB10546F068032819D137
:109CB000C5B1E868022801D0042813D1716913A046
:109CC000216003F079FBE868042811D1286903F0CA
:109CD000C1FF6060A0B1014618A003F06DFB012038
:109CE00070BD00BF25A003F067FB002070BD00BF62
:109CF000002060600AA003F05FFB012070BD00BF80
:109D000014A003F059FB002070BD00BF50617273B6
:109D10006564206D6F64652069643A2025640A00DB
:109D2000506172736564206D6F646520636F6C6F42
:109D300072733A206E756C6C0A0000005061727389
:109D40006564206D6F646520636F6C6F72733A2079
:109D500025730A004D656D6F727920616C6C6F63BD
:109D60006174696F6E206661696C656420666F72EC
:109D700020636F6C6F72730A00000000496E766199
:109D80006C6964204A534F4E20666F726D61742077
:109D9000666F72206D6F64650A0000002DE9F04F58
:109DA00085B0012A28DB144683460D1F0DF11008EB
:109DB0000FF24C090DF105060FF24C0A55F8040F8D
:109DC000414604220023FCF789FF049B30460B2107
:109DD0004A46F6F731FB304603F0EEFA504603F000
:109DE000EBFA2F683046FBF7DBFA02465846394655
:109DF000FBF76EFA013CE1D105B0BDE8F08F00BF82
:109E000030782530365800000A000000F0B581B0E7
:109E10000D4609785B2919D106460520F06000BF80
:109E20006878411E1F2919D8A878411E1F291BD800
:109E3000E878411E1F2941D815F8040F411E20293A
:109E4000EED3691E5D283DD012E000BF40F25030D5
:109E5000C2F200000560002001B0F0BD29460135C6
:109E60005D282FD004E000BF691C02355D2829D091
:109E700040F22C07C2F200073968282088470446C0
:109E800020B320462821F6F705FEE81CB46000BF89
:109E900010F8031C01391F291CD810F8021C0139C5
:109EA0001F2919D810F8011C01391F2916D810F8DC
:109EB000041B01392029EBD3011F10E0A91C033535
:109EC0005D28D5D1881C01B0F0BD00BFB460002072
:109ED00001B0F0BDC11E02E0811E00E0411E20461F
:109EE00000F0CAFB0028B6D0C11C00BF11F8030C5B
:109EF000421E1F2A10D811F8020C421E1F2A0DD82C
:109F000011F8010C421E1F2A0AD811F8040B421E38
:109F1000202AEBD30E1F07E0CE1E05E08E1E03E0C5
:109F20004E1E01E0CE1E2C462C2845D13968282033
:109F3000884700283FF48FAF28210546F6F7AAFD91
:109F4000B11C25606C6000BF11F8010C01381F289E
:109F50000ED8087801381F280DD8487801381F28F6
:109F600008D88878043101382028EDD3023902E07E
:109F7000013900E00131284600F07EFB00283FF463
:109F80006AAFC11C11F8030C421E1F2ACAD811F86F
:109F9000020C421E1F2A0BD811F8010C421E1F2A68
:109FA00008D811F8040B421E202AEBD30E1FBAE783
:109FB0008E1EB8E74E1EB6E75D2803D1701C01B0B7
:109FC000F0BD00BF40F25030C2F200000660002039
:109FD00001B0F0BDF0B581B00D4609787B2919D1EB
:109FE00006460620F06000BF6878411E1F2919D878
:109FF000A878411E1F291BD8E878411E1F291FD8A9
:10A0000015F8040F411E2029EED3691E7D2813D0B8
:10A010001AE000BF40F25030C2F20000056000209C
:10A0200001B0F0BD294601357D2805D00CE000BF08
:10A03000691C02357D2807D1881C01B0F0BD00BF26
:10A04000A91C03357D28F7D040F22C07C2F2000787
:10A050003968282088470446E0B120462821F6F7D1
:10A0600019FDE81CB46000BF10F8031C01391F295A
:10A0700014D810F8021C01391F2911D810F8011C3E
:10A0800001391F290ED810F8041B01392029EBD300
:10A09000011F08E0B460002001B0F0BDC11E02E065
:10A0A000811E00E0411E204600F006F90028B6D0CF
:10A0B000033000BF10F8031C01391F2910D810F815
:10A0C000021C01391F290DD810F8011C01391F2964
:10A0D0000AD810F8041B01392029EBD3043804E016
:10A0E000033802E0023800E00138216921620021D2
:10A0F000216101783A2940F0C980811C11F8010CD6
:10A1000001381F280ED8087801381F280DD8487844
:10A1100001381F2808D88878043101382028EDD369
:10A12000023902E0013900E00131204600F0A4FAD2
:10A1300000283FF474AFC11C11F8030C421E1F2A03
:10A1400010D811F8020C421E1F2A0DD811F8010C6C
:10A15000421E1F2A0AD811F8040B421E202AEBD3F4
:10A160000E1F07E0CE1E05E08E1E03E04E1E01E02E
:10A17000CE1E2C462C2840F0918039682820884734
:10A1800000283FF44CAF28210546F6F783FCB11CAC
:10A1900025606C6011F8010C01381F280ED8087872
:10A1A00001381F280DD8487801381F2808D888782A
:10A1B000043101382028EDD3023902E0013900E0F2
:10A1C0000131284600F078F800283FF428AF03302A
:10A1D00010F8031C01391F2910D810F8021C01398E
:10A1E0001F290DD810F8011C01391F290AD810F8B1
:10A1F000041B01392029EBD3043804E0033802E0C2
:10A20000023800E0013829692962002129610178BA
:10A210003A293BD1811C00BF11F8010C01381F28DD
:10A220000ED8087801381F280DD8487801381F2823
:10A2300008D88878043101382028EDD3023902E0AB
:10A24000013900E00131284600F016FA00283FF4F9
:10A25000E6AEC11C11F8030C421E1F2A3FF688AF60
:10A2600011F8020C421E1F2A0CD811F8010C421ED4
:10A270001F2A09D811F8040B421E202AEAD30E1F08
:10A2800077E700BF8E1E74E74E1E72E740F2503132
:10A29000C2F200010860002001B0F0BD7D2803D1AA
:10A2A000701C01B0F0BD00BF40F25030C2F200009F
:10A2B0000660002001B0F0BD2DE9F04F81B00D46E1
:10A2C00015F8012B222A2DD18046042029460A7830
:10A2D00032B3222A24D05C2A4FF0010208BF0222A6
:10A2E0008B5C4BB3222B27D0114401225C2B08BF7F
:10A2F00002228B5C13B3222B20D0114401225C2B51
:10A3000008BF02228B5CD3B1222B18D0114401224A
:10A310005C2B08BF0222114404300A78002AD8D1ED
:10A3200003380CE040F25030C2F20000016000211E
:10A33000084601B0BDE8F08F023800E0013840F275
:10A340002C01C2F2000109688847002800F08A81C8
:10A350004FF008090C24064629785C290AD0002908
:10A3600000F07081222900F06D8106F8011B2F4654
:10A370000135F1E72F4617F8011FA1F16202132AF8
:10A3800019D8DFE802F00F1818180B181818181849
:10A390001818131818181518171D00BF06F8014BC8
:10A3A0007D1CD9E706F8019B7D1CD5E70A2102E058
:10A3B0000D2100E0092106F8011B7D1CCCE700BF40
:10A3C000AB78A3F130010A2908D26FF02F01EA78A7
:10A3D000A2F130070A2F0CD31FE000BFA3F1410107
:10A3E00006290FD26FF03601EA78A2F130070A2F62
:10A3F00013D26FF02F0A95F804C0ACF130070A2F82
:10A4000017D325E0A3F16101052975D86FF0560136
:10A41000EA78A2F130070A2FEBD3A2F14107062F09
:10A420000AD26FF0360A95F804C0ACF130070A2F53
:10A430000ED26FF02F0E19E0A2F16107052F5BD845
:10A440006FF0560A95F804C0ACF130070A2FF0D32C
:10A45000ACF14107062F03D26FF0360E06E000BFC5
:10A46000ACF16107052F47D86FF0560E2F4617F84D
:10A4700005BFABF130040A2C04D26FF02F090C2475
:10A4800010E000BFABF14104062C03D26FF0360997
:10A490000C2407E0ABF16104062C4FF00C042BD226
:10A4A0006FF05609194409011144514409016144EE
:10A4B00071440901594411EB090321D040F2FF31E5
:10A4C00023EA0101B1F55C4F4FF008093FF475AF85
:10A4D000B1F5584F18D1A9795C297FF46EAFE979AD
:10A4E00075297FF46AAF95F808C0ACF130010A29EC
:10A4F0001AD26FF02F0125E06F1D7D1C2CE700BFE5
:10A500004FF008097D1C27E7802B01D2012191E043
:10A51000B3F5006F02D20221022586E0B3F5803F39
:10A5200077D2032102257BE0ACF14101062903D259
:10A530006FF0360106E000BFACF1610105295DD87E
:10A540006FF0560195F809B00091ABF130010A297E
:10A5500002D26FF02F0A0DE0ABF14101062903D2C0
:10A560006FF0360A06E000BFABF16101052945D85E
:10A570006FF0560AAA7AA2F130010A2902D26FF0CE
:10A580002F0E0DE0A2F14101062903D26FF0360E25
:10A5900006E000BFA2F1610105292FD86FF0560E29
:10A5A0002F4617F80B1FA1F130040A2C02D26FF0CE
:10A5B0002F050FE0A1F14104062C03D26FF0360500
:10A5C00008E000BFA1F16104062C4FF00C0415D285
:10A5D0006FF05605009C644424015C4454442401FB
:10A5E00022447244120111442944A1F5604212F53B
:10A5F000806F07D20C247D1CAEE600BF05F10B076F
:10A600007D1CA9E66FF39F2163F3932101F580334D
:10A610000C2402259A0965F39F13F3700421134655
:10A620009A0965F39F13B37013469A0965F39F1354
:10A63000737013460EA2525C7D1C1A4332700E4496
:10A640008AE600BF00213170294611F8012B222A29
:10A650004FF0040218BF2946C8E90320084601B09C
:10A66000BDE8F08F0021084601B0BDE8F08F00BFC3
:10A670000000C0E0F0F8FC002DE9F04F83B059B3C2
:10A680000C4643F230010546C0F601012046042283
:10A69000F6F73EF930B343F22501C0F6010120463A
:10A6A0000522F6F735F928B343F22B01C0F6010174
:10A6B00020460422F6F72CF920B394F800C0BCF130
:10A6C0002D0F2ED0BCF1220F26D12846214603B0F3
:10A6D000BDE8F04FFFF7F0BD4FF0000A504603B061
:10A6E000BDE8F08F0220E86004F1040A504603B090
:10A6F000BDE8F08F0020E86004F1050A504603B081
:10A70000BDE8F08F0120E860686104F1040A50465A
:10A7100003B0BDE8F08F00BFACF13000092800F2B3
:10A72000D780ACF12D00B0FA80F04009225C2118EE
:10A73000303AB2FA82F25309CA5CA2F13107082F0B
:10A740006ED81844204440F20009E346A84600F1C0
:10A75000020A0026C4F22409002700BFA2F130003B
:10A7600006F055FD04460D463046394600224B465C
:10A7700006F0DCFD22462B4606F0C8FA1AF8012C3A
:10A780000646A2F1300009280F4600F2BD8006F00F
:10A790003EFD04460D463046394600224B4606F043
:10A7A000C5FD22462B4606F0B1FA9AF8002006466F
:10A7B000A2F1300009280F4600F2AC8006F027FD18
:10A7C00004460D463046394600224B4606F0AEFDA3
:10A7D00022462B4606F09AFA9AF801200646A2F184
:10A7E000300009280F4600F2938006F010FD044661
:10A7F0000D463046394600224B4606F097FD22466C
:10A800002B4606F083FA9AF802200646A2F13000A1
:10A810000F460A280AF1040AA0D3AAF1020A79E035
:10A8200001EB030A002600272E2A78D04FF00009FA
:10A830004FF0000842F02000652840F04081524669
:10A8400012F8010F2D2853D02B2808BF0AF102025D
:10A8500001201378A3F13001092952D802F1020A2C
:10A8600000211AF8012C01EB810103EB4101A2F157
:10A870003003092BA1F1300100F20C819AF800306D
:10A8800001EB810102EB4101A3F13002092AA1F1A0
:10A89000300100F216819AF8012001EB810103EBEF
:10A8A0004101A2F13003092BA1F1300100F2F68041
:10A8B0009AF8023001EB810102EB4101A3F1300271
:10A8C00030390A2A0AF1040ACBD3AAF1020AF8E0C5
:10A8D000BCF17B0F00F0CA80BCF15B0F40F0CE8072
:10A8E0002846214603B0BDE8F04FFFF78FBA00BFFE
:10A8F0000AF102024FF0FF301378A3F13001092969
:10A90000ACD900219246DCE0AAF1010A02E000BFC6
:10A910000AF1010A4546DC462E2A7FF487AF9AF8F1
:10A920000120A2F13000092800F2988040F2000BCB
:10A930000AF1020A4FF00009CBF6F07B4FF0000855
:10A94000CDE901C5A2F1300006F061FC0023054607
:10A950005C468B46304639460022C4F2240306F09A
:10A96000E5FC2A465B46A34606F0D0F906460F46AC
:10A97000484641460022234606F0C8F99AF80020CE
:10A980008146A2F130000928884600F2918006F045
:10A990003EFC002305460C46304639460022C4F2F0
:10A9A000240306F0C3FC2A46234606F0AFF9064608
:10A9B0000F464846414600225B4606F0A7F99AF842
:10A9C00001208146A2F13000092888466AD806F0A5
:10A9D0001EFC002304460D46304639460022C4F2D0
:10A9E000240306F0A3FC22462B4606F08FF9064608
:10A9F0000F464846414600225B4606F087F99AF822
:10AA000002208146A2F13000092888464ED806F07F
:10AA1000FEFB002304460D46304639460022C4F2B0
:10AA2000240306F083FC22462B4606F06FF9064607
:10AA30000F464846414600225B4606F067F99AF801
:10AA400003208146A2F1300088460A280AF1040A50
:10AA5000FFF478AFAAF1010A2AE000BF4FF0000925
:10AA600001204FF0000800212BE000BF28462146BE
:10AA700003B0BDE8F04FFFF7ADBA00BF40F2503071
:10AA8000C2F200004FF0000A0460504603B0BDE877
:10AA9000F08F00BFAAF1010A13E000BF0AF1010A1A
:10AAA0000FE000BF0AF1010A02E000BF0AF1020A4A
:10AAB000DDE901C542F0200065283FF4C0AE012069
:10AAC00000214843BCF12D0F08BF87F0004706F076
:10AAD0009EFB02460B464846414606F017F90B46D8
:10AAE00000210246C4F22401002005F0C7FB024603
:10AAF0000B463046394606F019FCC5E9060106F05A
:10AB000057FB68610320E860504603B0BDE8F08F52
:10AB10002DE9F04F81B0074680681C46D0B19346BE
:10AB20000E464FF0FF3800BF006800284AD000688A
:10AB3000002800F087800068002800F097800068F7
:10AB400008F104080028EFD108F10100002C40F0C2
:10AB50007F803DE0002C00F097802068002800F006
:10AB6000D581D4E90121CB1C934240F32D81881C6F
:10AB700040EA600040EAA00040EA201040EA2020BD
:10AB800040F22C0740EA2040C2F200073968451C19
:10AB900028468847002800F0CB81D4E900120646F9
:10ABA000F5F701FF796820688847A068266065602E
:10ABB00006EB0009B9F1000F4FF0000040F00C81E6
:10ABC000A4E100BF08F1020008F10108002C3FD108
:10ABD00040F22C01C2F20001096884002046884737
:10ABE000002800F0938121460546F5F753FF5846AB
:10ABF000BF684FF0030B0028824608BF4FF0020BDE
:10AC0000002F009500F0F68006F10109052600BF2F
:10AC1000384649465246002301F03EFB0028286092
:10AC200000F020810446F5F74AFE0BEB0601002CEC
:10AC300001EB000600F0DF803F680435002FE7D10C
:10AC4000D9E000BF08F1030008F10208002CBFD0D2
:10AC5000206898B1D4E9011540F22C098D42C2F266
:10AC6000000921DA0095284442E000BF08F1040001
:10AC700008F10308002CEBD1AAE700BF4FF0000950
:10AC8000484601B0BDE8F08F40F22C00C2F200004F
:10AC90000168032088478146B9F1000F4FF000009A
:10ACA00040F09A8032E100BF45EA650040EAA0002A
:10ACB00040EA201040EA202040EA2040D9F8001065
:10ACC00000F101084046B2468847002800F08E8017
:10ACD000D4E9001206460095F5F765FED9F8041090
:10ACE00020688847A068266030445646C4F804802F
:10ACF0005B210170A068BF684FF0020ABBF1000F32
:10AD000000F1010908BF4FF0010A002FC4F80890B4
:10AD100000F0D28006F1010817E000BF05EB090042
:10AD200001462C2201F8012BBBF1000F1EBF811C34
:10AD30002022427000200870A0683F6800EB0A09DA
:10AD4000002FC4F8089000F0B780384641465A46B4
:10AD5000234601F0A1FA2568002D00F0A580A66821
:10AD6000A819F5F7ACFD396800EB06090029C4F80D
:10AD7000089000F0A18009EB0A006168421C8A4239
:10AD8000CCDD40EA600040EAA00040EA201040EA42
:10AD9000202040F22C0940EA2040C2F20009D9F8F4
:10ADA0000010451C2846884700B3D4E90012064627
:10ADB000F5F7F9FDD9F8041020688847A0682660E7
:10ADC00030446560ACE700BF00EB0109B9F1000F4A
:10ADD0004FF0000000F09A8089F8020045F65B50C1
:10ADE000A9F80000484601B0BDE8F08FD9F804107A
:10ADF0009FE000BF052640F22C00C2F2000001686F
:10AE00003046884770B381465B20CB46BAF1000FCD
:10AE10002BF8010B08F1010600F09680DDF800A088
:10AE200042F22C074FF00008DAF800402046F5F710
:10AE300046FD0546584621462A46F5F7B4FDAB4483
:10AE400040F22C00012E1CBFABF800700BF8028FF3
:10AE5000C2F2000041685AF8040B8847013EE3D172
:10AE60008FE000BF009E08F10104002503E000BF51
:10AE70000135AC420AD056F825000028F8D040F23F
:10AE80002C01C2F2000149688847F1E740F22C002A
:10AE9000C2F200004168304688474FF0000948463A
:10AEA00001B0BDE8F08F00BF38684FF000090028FE
:10AEB000C4F808907FF4E4AE206838B3616809F103
:10AEC00002028A4228DD09F1010040EA600040EAFE
:10AED000A00040EA201040EA202040F22C0740EA7F
:10AEE0002040C2F200073968451C28468847F8B15F
:10AEF000D4E900120646F5F756FD796820688847C0
:10AF0000A06826603044656007E000BF4FF000098C
:10AF1000484601B0BDE8F08F48445D210180009AA9
:10AF2000206800EB0209484601B0BDE8F08F00BF81
:10AF30007968206888474FF00009C4E900994846BD
:10AF400001B0BDE8F08F00BF009F4FF02C0800BF9C
:10AF50003C682046F5F7B3FC0546584621462A468C
:10AF6000F5F721FDAB4440F22C00012E18BF2BF861
:10AF7000018BC2F20000416857F8040B8847013E7C
:10AF8000E6D140F22C00C2F20000416800988847E8
:10AF90005D20ABF80000484601B0BDE8F08F00002E
:10AFA0002DE9F04788B082464078002877D0DAF85B
:10AFB00008000A689AF800301044022B08606ED12D
:10AFC0009AF802100AF1100247A0FCF78BF8DAF8A1
:10AFD0000C607F2E5AD8002E5ED00027E84608E08D
:10AFE0004A1C00BFAA424FD3DAF80C602F44BE427D
:10AFF0005AD907F12004F51BDAF83400B44238BFFF
:10B000002025E91C384421F003024146FCF714F8DE
:10B01000002DE9D09DF8000020385E2834D8A642E3
:10B0200038BF3446A7EB040C6B1E012000218B4275
:10B030000246D7D008EB0106707820385E28CFD8BA
:10B040000CEB0104A01C15D0B07820385E2813D872
:10B05000E01C13D0F07820385E2811D8201D11D0C4
:10B0600030790431A0F12006101D5F2EDFD30332AA
:10B07000B8E700BF0132B5E78A1CB3E70232B1E797
:10B08000CA1CAFE70A1DADE7DAF80C60DAF8341035
:10B0900017A03246FCF726F81DA0FCF723F8002085
:10B0A00008B0BDE8F08700BF002EF5D00025E946C6
:10B0B0000FF2540805F12000771BB042DAF8340093
:10B0C00038BF2027F91C284421F003024946FBF72A
:10B0D000B3FF404639464A46FCF704F8DAF80C60FC
:10B0E0003D44AE42E6D8D7E7252E2A733D00000046
:10B0F000626C6F62204030782530385820256462B9
:10B100007974657300000000252E2A73000000008A
:10B110000A00000010B584B00DF10604034605A234
:10B1200020460A21F5F788F904A0214602F044F9E7
:10B1300004B010BD2530365800000000307825736B
:10B140000A0000002DE9F04F8AB0059115990FF221
:10B15000D4464F060FF2E04858BFB046CE06DDE9B0
:10B16000134948BF21F00101CE074FF0300A08BF54
:10B170004FF0200A8E070DD40027019700270125E4
:10B180000097002A00F09A80CDE90251CDF810A076
:10B1900013E000BFB2F1FF3F06DD4E0700F18680ED
:10B1A0000E07E9D5202782E00127019700270297A3
:10B1B0002D27CDE9031A524200974CF6CD494FF0A6
:10B1C000000BCCF6CC490DF1180A00BFA2FB0956C2
:10B1D0001409F50802F00F0705EB850C25460A2B2C
:10B1E00004BFF508A2EB4C0718F80770002D0AF809
:10B1F0000B7049D0A5FB097C04F00F07140ACE465A
:10B200004FEADC06A14606EB86060A2B04BF4FEA8E
:10B21000DC09A5EB460718F807500AEB0B0CB9F14F
:10B22000000F59468CF8015032D0A9FB0E5604F09D
:10B230000F05140B5146F708A24607EB87070A2BA8
:10B2400004BF4FEAD60AA9EB470518F80550BAF132
:10B25000000F8CF802501FD0AAFB0E5604F00F040A
:10B26000120CF50805EB85050A2B04BFF208AAEBC2
:10B27000450418F80440F1460BF1040B002A8A46F5
:10B280008CF80340A2D109E00BF1010B06E000BFEE
:10B290000BF1020B02E000BF0BF1030BDDF810A075
:10B2A000DDE90251DDE913490DE000BF2B270097CE
:10B2B000002501270197002A7FF466AF30228DF820
:10B2C00018204FF0010BDDF814E0CB454B46C8BF0A
:10B2D0005B4611F0110FA4EB03025FD006462DB9B7
:10B2E00076453CBF00983070013A0136C80631D42B
:10B2F000551EC0F28D8012F0030700F09580764550
:10B3000038BF86F800A0012F06F1010040F09680BA
:10B31000023A0646032DC0F08B80101D764506F1DB
:10B32000010238BF86F800A0724538BF82F800A03D
:10B33000B21C724538BF82F800A0F21C7245A0F121
:10B34000040038BF82F800A0032806F10406E5DCFB
:10B350004FF0FF323046CB455EDAA3EB0B076FEAC6
:10B360000B0617F0030703EB060C57D070453CBFE4
:10B37000302404705D1E012F00F1010409D07445D2
:10B38000A3F102053CBF30262670022F00F1020413
:10B390006CD12046BCF1030F73D28BE00027002A4A
:10B3A000C8BF0127019E3740D71B7A1E96DB17F0D6
:10B3B000030C51D070453CBF20240470BCF1010F38
:10B3C00000F1010640F00481023F3046032A46D3D3
:10B3D0003A1D2026704500F1010738BF06707745F9
:10B3E00038BF3E70871C774538BF3E70C71C774515
:10B3F000A2F1040238BF3E70032A00F10400E9DC28
:10B400004FF0FF320646002D3FF46AAF6EE700BFF3
:10B4100030462A46CB45A0DB04464BE01D46BCF136
:10B42000030F2ED246E000BF2A46032DBFF475AFAE
:10B430004FF0FF32CB45FFF690AFEDE7704538BFD8
:10B4400080F800A0022F06F1020040F0D180033AFC
:10B450000646032DECD360E71746032AB8D24FF017
:10B46000FF32002D3FF43CAF40E700BF033074458E
:10B47000A3F103053CBF302323700446BCF1030F46
:10B4800018D33023044600BF744504F1010038BFCF
:10B490002370704538BF0370A01C704538BF03701F
:10B4A000E01C7045A5F1040538BF0370AB4504F1FD
:10B4B0000404E9DBB9F1000F35D006A8023807E033
:10B4C000ABF1040B0BF10403042B04F104042AD99F
:10B4D000744503D200EB0B035B782370BBF1020FC2
:10B4E00004F101031EDB73453CBF10F80B701F70A5
:10B4F000BBF1030F04F1020314D3734504D200EB34
:10B500000B0717F8017C1F70BBF1040F04F1030354
:10B5100008D37345D4D200EB0B0717F8027C1F70D9
:10B52000CEE700BF1C46012A12DB12F00307A2F18E
:10B53000010311D074453CBF20202070012F04F17D
:10B5400001000DD11A460446032B3ED322E000BF72
:10B5500020460AB0BDE8F08F032B36D31AE000BFB7
:10B560007045A2F102063CBF20250570022F04F1B0
:10B57000020005D132460446032B26D30AE000BF61
:10B5800003347045A2F103023CBF20270770204618
:10B59000032B1AD3013A2023204600BF704500F147
:10B5A000010738BF0370774538BF3B70871C77456C
:10B5B00038BF3B70C71C7745A2F1040238BF3B700F
:10B5C00012F1020F00F10400E8D30AB0BDE8F08FD9
:10B5D00076453CBF20243470BCF1020F00F1020616
:10B5E00012D1033F3046032AFFF439AFF0E600BF23
:10B5F0000336704538BF80F800A0043A3046032D6A
:10B60000BFF48BAE14E700BF764503D22C4620254D
:10B61000357025460330043F0646032ABFF4D8AEF2
:10B620001DE700BF30313233343536373839616287
:10B6300063646566000000003031323334353637DC
:10B640003839414243444546000000002DE9F043AB
:10B6500081B0D0E9066805460C46304641460022D6
:10B66000002306F0D9F978B3002C00F08B80206815
:10B67000002800F01581D4E901218B1C934240F38E
:10B68000BF80481C40EA600040EAA00040EA201069
:10B6900040EA202040F22C0740EA2040C2F2000796
:10B6A0003968451C28468847002800F0C780D4E93F
:10B6B00000120646F5F777F9796820688847A06890
:10B6C0002660656037189CE0686905F0A0FD324689
:10B6D000434606F051F8002321F00041C3F6B04381
:10B6E000002206F0A7F9002856D100224FF6FF737A
:10B6F000CFF6C072C4F2DF133046414606F09AF925
:10B70000002849D10023CCF2E01330464146002204
:10B7100006F0A5F900283FD1002C7BD02068002836
:10B7200000F0BE80D4E9012101F11503934240F3FA
:10B73000878001F1140040EA600040EAA00040EA7E
:10B74000201040EA202040F22C0840EA2040C2F2BB
:10B750000008D8F80010461C30468847002800F042
:10B76000CD80D4E900120746F5F71DF9D8F804108A
:10B7700020688847A068276066600744002F61D171
:10B780008EE000BF40F22C00C2F2000001680220EF
:10B790008847074635E000BF002C45D020680028C8
:10B7A00000F07E80D4E9012101F14003934253DD92
:10B7B00001F13F0040EA600040EAA00040EA2010AA
:10B7C00040EA202040F22C0940EA2040C2F2000961
:10B7D000D9F80010451C28468847002800F08A80C8
:10B7E000D4E900120746F5F7DEF8D9F8041020680E
:10B7F0008847A0682760656007447FBB50E000BFB2
:10B800004718002F0EBF002730203880384601B07F
:10B81000BDE8F08340F22C00C2F200000168152060
:10B820008847074677B93BE040F22C00C2F200009F
:10B83000016840208847074687B931E079685FE0B2
:10B8400047186FB36A6937A13846F4F7DFFD384609
:10B8500001B0BDE8F08300BF47180FB33046414642
:10B8600004F09EFC3246434605F086FF002321F09B
:10B870000041C3F6B043002206F0DCF828F0004493
:10B88000A0B94FF244324EF6E413CEF2C242C4F6EF
:10B8900063433046214606F0D4F838B91FA120E0B2
:10B8A0000027384601B0BDE8F08300BF4EF68D5248
:10B8B0004CF2F763CAF2B502C3F6B06330462146D4
:10B8C00006F0CDF860B94CF66553C4F2CD1330469E
:10B8D0002146002206F0BCF810B10EA101E000BF25
:10B8E0000DA1384632464346F4F790FD384601B084
:10B8F000BDE8F083D9F8041002E000BFD8F80410C6
:10B90000206888470027C4E90077384601B0BDE8C1
:10B91000F08300BF2566000025650000252E3066F7
:10B9200000000000256400002DE9F04F87B00746B5
:10B9300080681E4688460692C0B14FF0FF3A00BFAD
:10B94000006800284CD00068002800F08B80006858
:10B95000002800F0ED8000680AF1040A0028EFD109
:10B960000AF10100002E41D182E000BF002E00F05C
:10B97000E7803068002800F04582069908F104024B
:10B98000002908BF0322D6E901310A449A4240F354
:10B990001D82501E40EA600040EAA00040EA2010EC
:10B9A00040EA202040F22C0740EA2040C2F2000783
:10B9B0003968441C20468847002800F0FB82D6E9FD
:10B9C00000120546F4F7EFFF796830688847B068E1
:10B9D000356074602C18002C40F0FA8112E200BF30
:10B9E0000AF102000AF1010A002E41D006993068DE
:10B9F0004FF00209002908BF4FF00109002800F0AC
:10BA00000182D6E9012440F22C0A04EB09014B1C07
:10BA10009342C2F2000A40F3A58041EA610040EA85
:10BA2000A00040EA201040EA202040EA2040DAF856
:10BA30000010D34600F1010A50468847002800F064
:10BA40005D82D6E900120546F4F7ADFFDBF804107D
:10BA500030688847B068C6F804A02918DA4635600F
:10BA600081E000BF0AF103000AF1020A002EBDD1F5
:10BA700040F22C09C2F20009D9F8001085002846CE
:10BA80008847002800F0BE81D9F800108346284678
:10BA90008847002800F05282044658462946F4F7A9
:10BAA000F9FF20462946F4F7F5FF069808F1080546
:10BAB000002808BF072508F10500BF6808BF02205D
:10BAC0000290002F08F10100CDE9044000F0A981A7
:10BAD000CDF804800020D946A046039012E000BFB4
:10BAE000F4F7EDFE06462046F4F7E9FE02992944F4
:10BAF00031440D183F6808F10408002F09F10409CA
:10BB000000F08681386A002100F06AFADDE905124A
:10BB10000446C8F800003846002300F0BDFB002CA6
:10BB2000C9F8000018BF0028DAD101200390E1E72E
:10BB30000AF104000AF1030A002E7FF457AF97E7D9
:10BB400040F22C00C2F200000168069A08F10400DD
:10BB5000002A08BF032088470446002C40F03881A3
:10BB600050E100BF01197B220846069B00F8012B1B
:10BB7000002B04941EBF881C0A224A70DDF818B0FE
:10BB80000021BBF1000F18BF4FF0010B0170B0682E
:10BB9000BC6800EB0901002CB160CDF8048000F016
:10BBA000E38008F10108CDF8148019E02844002949
:10BBB0001CBF2C2100F8011B069900291CBF0A217B
:10BBC00000F8011B00210170B068246800EB0A0135
:10BBD00040F22C0A002CC2F2000AB16000F0C480CE
:10BBE0000698C8B33068002800F00C81726801EB39
:10BBF0000803934224DD0198084440EA600040EACB
:10BC0000A00040EA201040EA202040EA2040DAF874
:10BC10000010451C28468847002800F0B981D6E965
:10BC200000120746F4F7BFFEDAF8041030688847C0
:10BC3000B168376078187560019A002A04D508E069
:10BC40000844019A002A04D441460922F4F7F0FE80
:10BC5000B16801EB0800B060206A314600F0C0F91D
:10BC60003568002D00F07481B768E819F4F727FEF5
:10BC70003844726800EB09019142B06020DD481E33
:10BC800040EA600040EAA00040EA201040EA20209C
:10BC900040EA2040DAF80010451C28468847002872
:10BCA00000F07681D6E900120746F4F77CFEDAF858
:10BCB000041030688847B06837603844756000E029
:10BCC00028440699334600294FF03A0101701CBF01
:10BCD00009214170B068069A4844B0602046414648
:10BCE00000F0DAFA3568002D00F03281B768E81903
:10BCF000F4F7E5FD21683844DA46002918BF0AF157
:10BD0000010A0AEB00027368571C9F42B0607FF77C
:10BD10004DAF42EA620040EAA00040EA2010C84667
:10BD2000D94640EA202040F22C0B40EA2040C2F2E3
:10BD3000000BDBF80010451C28468847002800F05F
:10BD4000DD80D6E900120746F4F72DFEDBF804107B
:10BD500030688847B0682168CB46C146DDF814805A
:10BD60003844C6E9007522E7306800284AD0019FB0
:10BD7000069BBA1C002B08BF022273680A449A4231
:10BD800040F30A81501E40EA600040EAA00040EA09
:10BD9000201040EA202040EA2040DAF80010441C3D
:10BDA00020468847DDF81080002800F0F180D6E9B1
:10BDB00000120546F4F7F7FDDAF8041030688847FA
:10BDC000B06874602C183560E9E000BF4418CCB14D
:10BDD000069A7B21204600F8011B6AB1A01C0A21AB
:10BDE000B8F1020F617007DBA8F101010922F4F735
:10BDF0001FFE08EB040001307D210180204607B0C2
:10BE0000BDE8F08F0024204607B0BDE8F08F00BFEA
:10BE10000398DDF8048040F22C090028C2F20009E2
:10BE200070D1D9F800102846884700286AD07B22B4
:10BE30000546069905F8012B002900901EBF851CB8
:10BE40000A21417006980021B0FA80F0400929705B
:10BE50000021049EB8F1000F48BF01210843039060
:10BE60000AF10100002402903CE000BF56F8246073
:10BE70003046F4F724FD0746284631463A46F4F7A3
:10BE800092FD06983D4400284FF03A0005F8010B5A
:10BE90001CBF092005F8010B5BF82410049E2846FE
:10BEA000F4F7E9FC5BF82400F4F709FD0544A2452A
:10BEB0001CBF2C2005F8010B069800281CBF0A2087
:10BEC00005F8010B00202870D9F8041056F824005A
:10BED0008847D9F804105BF8240088470298013499
:10BEE000A0423BD003980028C0D1059F2846394680
:10BEF0000922F4F79DFD3D44B8E700BFDBF80410CC
:10BF000059E000BF049E0AF10104002503E000BFD0
:10BF10000135AC420ED056F8250010B1D9F8041006
:10BF200088475BF825000028F2D0D9F8041088472C
:10BF3000EEE700BFD9F8041030468847D9F804105E
:10BF4000584688470024204607B0BDE8F08F00BF60
:10BF50000024B460204607B0BDE8F08FD9F8041083
:10BF600030468847D9F8041058468847069840B1AB
:10BF7000B8F1010F05DB284641460922F4F758FDC8
:10BF80004544009C7D202880204607B0BDE8F08F06
:10BF9000DAF804100FE000BFDDF8108044180698AE
:10BFA00090B1012F12DB204639460922F4F740FDFB
:10BFB0003C440CE07968306888470024C6E90044B6
:10BFC000204607B0BDE8F08F474600E000277D20FF
:10BFD00020803068C419204607B0BDE8F08F00000B
:10BFE0002DE9F04F81B0067882468946002E6FD049
:10BFF0000021324650460DE0A2F122035C3AB3FA2A
:10C0000083F3B2FA82F25B095209134310F8012F4D
:10C0100019433AB1202AEFD2012310F8012F194316
:10C02000002AF7D1002953D0002E00F093800AF1A6
:10C03000010500270FF250287C1C80F09B804046B1
:10C0400031460822F4F75AFC202E38BFBC1D15F8E3
:10C05000016B002818BFBC1C002E2746ECD1B9F19B
:10C06000000F7CD0D9F80000002800F0AD80D9E99D
:10C070000131621803329A4240F39080501E40EA28
:10C08000600040EAA00040EA201040EA202040F290
:10C090002C0440EA2040C2F200042168461C3046CD
:10C0A0008847002800F0E480D9E900120746F4F739
:10C0B0007AFC6168D9F800008847D9F80800C9F807
:10C0C0000070C9F804603E18002E69D17CE000BF02
:10C0D000B9F1000FA0EB0A0732D0D9F80000002810
:10C0E00072D0D9E901317A1803329A4248DD501EE4
:10C0F00040EA600040EAA00040EA201040EA202028
:10C1000040F22C0440EA2040C2F20004216800F111
:10C11000010840468847002800F0AA80D9E90012AB
:10C120000646F4F740FC6168D9F800008847D9F862
:10C130000800C9F80060C9F80480064416BB43E053
:10C1400040F22C00C2F200000168F81C8847064645
:10C15000C6B939E00024B9F1000F7FF483AF40F293
:10C160002C00C2F200000168E01C88470646BEB9F8
:10C170002AE000BF0024B9F1000F7FF473AFEEE7AF
:10C1800046180EB32224304600F8014B5146F4F70E
:10C1900072FBC453304601B0BDE8F08F46189EB123
:10C1A0004FF02209374607F8019B9AF80000002853
:10C1B00000F058800AF101045C250FF2D4084FF01A
:10C1C000660B4FF0720A0CE00026304601B0BDE865
:10C1D000F08F00BF62207870023714F8010B00283E
:10C1E00040D0C1B2202903D3222901D05C291DD11E
:10C1F000384600F8015B14F8012CA2F108011A2955
:10C2000018D8DFE801F00F11211B23271B1B1B1B74
:10C210001B1B1B1B1B1B1B1B1B1B1B1B1B1B1B1B6E
:10C220002B0000BFD6E700BF7420D4E707F8010B4E
:10C23000D3E700BF5C2A01D17D70CDE74146F4F71A
:10C24000E5F80637C9E700BF6E20C4E787F801B0FC
:10C25000C2E700BF87F801A0BEE700BF87F80190E2
:10C26000BAE700BFA7F80090304601B0BDE8F08FF4
:10C270006168D9F8000088470026C9E900663046A1
:10C2800001B0BDE8F08F00BF225C080C0A0D090068
:10C290007525303478000000F0B581B0002800F03A
:10C2A000AD801C46C368002CDBB237D0062B00F2F1
:10C2B000A580DFE803F0054D79A7ADB5BB0000BF51
:10C2C0002068002800F09A80D4E901218B1D934258
:10C2D00040F3FC80481D40EA600040EAA00040EACC
:10C2E000201040EA202040F22C0740EA2040C2F211
:10C2F00000073968451C28468847002800F0DE8082
:10C30000D4E900120646F4F74EFB796820688847A6
:10C31000A068266030446560D9E000BF062B6DD868
:10C32000DFE803F0048A9CB2B8C0C60040F22C00DB
:10C33000C2F2000001680620884700285ED065210F
:10C34000818046F26611C7F26C31016099E000BF4E
:10C350002068002852D0D4E901214B1D934240F3BC
:10C36000BF80081D40EA600040EAA00040EA2010BB
:10C3700040EA202040F22C0740EA2040C2F20007A9
:10C380003968451C28468847002800F09780D4E982
:10C3900000120646F4F707FB796820688847A06812
:10C3A0002660304465609CE0206838B3D4E9012100
:10C3B0004B1D934240F39E80081D40EA600040EA16
:10C3C000A00040EA201040EA202040F22C0740EA7A
:10C3D0002040C2F200073968451C284688470028DB
:10C3E0006CD0D4E900120646F4F7DDFA79682068CB
:10C3F0008847A0682660304465607CE0002001B07A
:10C40000F0BD00BF214601B0BDE8F040FFF71EB906
:10C410000069214601B0BDE8F040FFF7E1BD00BF73
:10C42000234601B0BDE8F040FEF772BB234601B0E1
:10C43000BDE8F040FFF778BA40F22C00C2F20000ED
:10C44000016805208847014600284FF0000018D0F9
:10C45000087147F27420C6F2755010E040F22C00CB
:10C46000C2F20000016805208847014600284FF00D
:10C47000000006D0087147F26E50C6F66C400860A6
:10C48000084601B0F0BD00BF002101B0BDE8F0409A
:10C49000FFF7DCB80069002101B0BDE8F040FFF70C
:10C4A0009FBD00BF002301B0BDE8F040FEF730BBE8
:10C4B000002301B0BDE8F040FFF736BA7968206884
:10C4C00088470020C4E9000001B0F0BD08446521A0
:10C4D000818046F26611C7F26C31016001B0F0BD97
:10C4E00008440021017147F27421C6F275510160C0
:10C4F00001B0F0BD08440021017147F26E51C6F64B
:10C500006C41016001B0F0BD2DE9F04182B040F214
:10C510003804C2F2000416460D46D4E900129846CB
:10C520002B4607460096CDF80480F9F7CBF8D4E9FE
:10C53000011238462B460096CDF80480F9F7C2F870
:10C54000D4E9021238462B460096CDF80480F9F75C
:10C55000B9F8D4E9031238462B460096CDF804808A
:10C56000F9F7B0F8D4E9041238462B460096CDF816
:10C570000480F9F7A7F8D4E9051238462B4600964F
:10C58000CDF80480F9F79EF82268A16938462B4659
:10C590000096CDF80480F9F795F802B0BDE8F08177
:10C5A000B0B586B000210022054600F02BFA42F219
:10C5B0007C10C0F6010090E81E0000690DF1040C2B
:10C5C0008CE81E00059001AA28464FF4AF710523A0
:10C5D000FFF79AFF06B0B0BD2DE9F04393B0804657
:10C5E000006B09AD29462822FAF726FD9DF8340094
:10C5F00070B19DF8300018B39DF82C0010B39DF871
:10C60000280008B39DF82400B0FA80F040091CE02F
:10C61000052088F800000F9841F201014FF21E0238
:10C62000411ACFF6FF729142C8F8080042D828207C
:10C63000C8F80800002088F8010013B0BDE8F083B6
:10C64000042002E0032000E0022088F800000F9898
:10C6500041F20101411A6FF47E629142C8F808006C
:10C6600028D22820C8F808000520D8F8303088F8EB
:10C67000000042F6FD70C0F6010040A240F21B210E
:10C680001035FAF7A1FCD8F830004FF0FF310D91CA
:10C69000CDE90911CDE90B1100218DF834101030CE
:10C6A00029460422FAF7F4FC002088F8010013B0B0
:10C6B000BDE8F083A0F2DD7140F62202914211D86C
:10C6C00042F6FD7042F6866238A7C0F60100C0F659
:10C6D000010239A340F222210097FAF775FC00BF4E
:10C6E000FEE700BFB0F1200422D000250DF10409BF
:10C6F000002600BFD8F8301005F12000671BA042CB
:10C7000038BF20270844F91C21F003024946FAF7F4
:10C7100093FC304649463A46FAF798F83D44AC4215
:10C720000646E7D8109886427FF484AF05E000BF44
:10C730000026109886427FF47DAF0120D8F8301093
:10C7400088F801009DF8440001F12805033008F144
:10C75000100120F003022846FAF76EFC9DF8440011
:10C76000129AC11C21F003012944C8F83410C8F8FA
:10C770000C2088F8020013B0BDE8F0834572726F98
:10C78000723A2054686520454E5620403078253056
:10C790003858206C656E6774682068617320616E1C
:10C7A000206572726F722E0A00000000726561646B
:10C7B0005F656E76000000003000000070B598B034
:10C7C0000546400516D042F6E77642F6FD7042F681
:10C7D000866242F6CF73C0F60106C0F60100C0F6CD
:10C7E0000102C0F6010340F249210096FAF7ECFB82
:10C7F000FEE700BF0C4619B316460FA928462422AF
:10C80000FAF71AFC159844F24561C3F234018842E4
:10C810006560A06028D1012020709DF84400169921
:10C82000E16058B39DF84000E0B39DF83C00B0FAD9
:10C8300080F040099DF85010607021BB38E000BFC7
:10C8400042F6E77642F6FD7042F68662C0F60106D1
:10C85000C0F60100C0F6010268A340F24A2100962A
:10C86000FAF7B2FBFEE700BF002020704FF0FF3068
:10C87000E0600726304618B070BD00BF03209DF869
:10C8800050106070A1B19DF84C10C9B19DF84810CE
:10C89000B1FA81F14909002E4FF00006A170E9D0EC
:10C8A00014E000BF02209DF8501060700029EAD10A
:10C8B0000321002E4FF00006A170DBD006E000BF80
:10C8C0000221002E4FF00006A170D3D005F1240103
:10C8D00002282661616109D00128CBD140F2DC70C9
:10C8E00020610026304618B070BD00BF40F27010C5
:10C8F000C2F20000816AA94202D1002110E000BF0B
:10C90000016BA94202D101210AE000BF816BA9425B
:10C9100002D1022104E000BF016CA9420CD1032125
:10C9200000EBC100C06A0026291A01F50061C4E9C4
:10C930000410304618B070BD40F2DC7020614FF03A
:10C94000FF300D9001A92046FBF7CAFA411C0D905B
:10C9500026D001AD0EE000BF0398D4E904210144C4
:10C96000101AC4E9040120462946FBF7B9FA411C14
:10C970000D9015D02846FFF72FFE9DF805000028E2
:10C98000EAD19DF8040000F0FB000128E4D00D99E5
:10C990000EA0FAF71BFB00202061022601E000BF79
:10C9A00000266168606901F50061F9F765FB62695D
:10C9B0000146824260681EBF421A02F50062C4E965
:10C9C000042102F0F3FD304618B070BD4572726F5D
:10C9D000723A2054686520454E562028403078250C
:10C9E0003038582920435243333220636865636BE3
:10C9F000206661696C6564210A00000073656374D8
:10CA00006F72000010B56AB3012A4FDBC0680023C3
:10CA100000F16E0C4FF01C1E002000BF31F82330D7
:10CA2000013003EB43030CEB03141B014CF803E050
:10CA300083B29342C4F804E0C4F808E0C4F80CE000
:10CA4000C4F810E0C4F814E0C4F818E0C4F81CE01E
:10CA5000C4F820E0C4F824E0C4F828E0C4F82CE0CE
:10CA6000DCDB23E0D0F800C0BCF1010FB8BF10BD83
:10CA7000C068002100F16E0E4FF01C12002300BFB1
:10CA800001EB41010EEB0110090101334EF80120C9
:10CA900099B28C4542608260C260026142618261EB
:10CAA000C261026242628262C262E9DC10BD0000C1
:10CAB00040F2D01040F20005C2F20000C2F20005C0
:10CAC00000F1140403E000BF642001F007FC686873
:10CAD00001380528F8D8DFE800F0070B0F1317031B
:10CAE0002046FFF75DFDEFE72046F8F7B5FDEBE7E1
:10CAF0002046FCF7BFFFE7E72046F8F71FF9E3E71A
:10CB0000204602F0D1FDDFE7204602F041FEDBE7E0
:10CB100040F2D01B40F20007C2F2000BC2F2000745
:10CB20004CF6CC4A4FF47A740BF1240507F1080651
:10CB3000C3F6EC7A4FF0000828E000BF40F2F8009E
:10CB4000C2F20000016807EB880002892846F8F766
:10CB500017F808F101092046B8F1040FC8BF4FF0DB
:10CB6000000904F054FB4CF6CD42CCF6CC425346BF
:10CB700004F0DCFB04F01CFB092CC8BF044628466B
:10CB8000F8F7ACF8204601F0A9FBC8462846314624
:10CB90000722FFF737FF40F20810C2F200000168D9
:10CBA00028460122F7F7ECFF40F20410C2F2000021
:10CBB000016828460022F7F7E3FF387800281EBFF7
:10CBC000002038704FF47A749BF8010040B140F2B5
:10CBD0000010C2F2000001683A8C2846F7F7D0FF37
:10CBE0009BF800000028A9D040F2FC00C2F200002F
:10CBF00001686FF00200B8F1030FB8BF0320404492
:10CC000007EB800002892846F7F7BAFF96E7000095
:10CC1000B0B501FB00F4204600F0E8FB054620B16A
:10CC200028460021224600F039FD2846B0BD00000C
:10CC3000B0B543F2401443F23810C0F60104C0F618
:10CC40000100A04228BFB0BD43F23815C0F601056F
:10CC500055F8040B8047A542FAD3B0BD80B5F3F771
:10CC6000F7FA40F24811C2F200014A8801324A80C4
:10CC7000BDE88040F3F7F0BAB0B5F3F7E9FA40F257
:10CC80004815C2F2000569880446481E01B2002911
:10CC9000688005DD2046BDE8B040F3F7DDBA00BF8F
:10CCA000002068802046F3F7D7FA6868002808BF9C
:10CCB000B0BDF3F7CDFA698804460029EAD1A86827
:10CCC000F8F720F8421E44F27830C2F2000050F823
:10CCD00032106868A1F114039842DBD02A7044F244
:10CCE000F0226B60C2F2000212781C3001F10801E0
:10CCF00032B1F3F7B4FA2046BDE8B040F3F7ACBA6E
:10CD0000F3F7ADFA2046BDE8B040F3F7A5BA00004E
:10CD10002DE9F041002857D040F21017C2F2000769
:10CD200004467868A0424FD8B868A04298BFBDE8D2
:10CD3000F08107F1180840464FF0FF31A4F10C06CE
:10CD400000F0AEFE34F80A0C18B13088B0F5F55F8B
:10CD50000AD025A000F030FB34F80A2C34F80C3C43
:10CD600028A0314600F028FB4FF4F55044F80C0C95
:10CD7000D7F80CC0B44584BFFE60B44654F8082C04
:10CD800078683D691318F11A294439610FD0598820
:10CD900069B9B9688B420AD09C4504BFFE60B446AD
:10CDA0005A6844F8082C5968331A01448B6054F8C7
:10CDB000043CC518B54201D0698839B14046BDE888
:10CDC000F04100F043BE00BFBDE8F081B44508BFAC
:10CDD000FD606A6054F8081C084483604046BDE862
:10CDE000F04100F033BE00BF746F206672656520AD
:10CDF0006120626164206461746120626C6F636BA6
:10CE00003A0A00006D656D3A203078253038782C6C
:10CE1000207573656420666C61673A2025642C2058
:10CE20006D6167696320636F64653A2030782530EF
:10CE300034780A0040F2EC60C2F200007047000053
:10CE400040F2EC60C2F2000000F570507047000044
:10CE500010B5F5F743FBF7F79DFCF7F7CDFCF5F7B9
:10CE60001FFD44F6D351C1F26201A0FB0101880904
:10CE7000F5F71EFFFFF7DCFEFFF7DCFF0446FFF7C8
:10CE8000DFFF01462046BDE8104000F0EFBF000084
:10CE900080B540F20420C2F20000006801688906F3
:10CEA00006D40A2001F01AFAFF20C0B280BD00BFEC
:10CEB0004068C0B280BD0000F0B581B004460D20CE
:10CEC0008DF8030040F20420C2F20000002180F837
:10CED0004010204600F068FFE0B140F2042605460D
:10CEE000C2F200060DF103070AE000BF30462146FA
:10CEF00001220123F7F764F8013D04F1010409D090
:10CF000020780A28F2D13046394601220123F7F76A
:10CF100057F8EBE701B0F0BD10B540F2E861C2F29E
:10CF200000010968044621B120468847002808BF4F
:10CF300010BD216C42F61B40C0F6010000F03CFA27
:10CF4000616A42F6DA30C0F6010000F035FAA16AF3
:10CF500042F6E730C0F6010000F02EFAE16A42F630
:10CF6000F430C0F6010000F027FA216B42F60140D0
:10CF7000C0F6010000F020FA616842F60E40C0F6EB
:10CF8000010000F019FAA168C4A000F015FAE168E8
:10CF9000C6A000F011FA2169C8A000F00DFA61697D
:10CFA000CAA000F009FAA169CCA000F005FAE16975
:10CFB000CEA000F001FA216AD0A000F0FDF9616B6B
:10CFC000D2A000F0F9F9A16BD4A000F0F5F9E16B63
:10CFD000D6A000F0F1F92078400707D442F63430AB
:10CFE000C0F6010000F0E8F90BE000BF01F0A2F983
:10CFF000014642F64E30C0F6010000F0DDF9FBF7C5
:10D0000097FB4EF62954CEF20004D4F803008007B3
:10D0100005D542F6B830C0F6010000F0CDF9D4F8DD
:10D020000300400040F1F880207830B342F68C30A5
:10D03000C0F6010000F0C0F9217842F69F40C0F62A
:10D04000010000F0B9F92078C00745D120788007A9
:10D050004BD42078400751D42078000757D420784B
:10D06000C0065DD494F90000B0F1FF3F60DD42F6E8
:10D070002920C0F6010000F09FF914F8010C0028E7
:10D0800000F0958042F66B30C0F6010000F094F994
:10D0900014F8011C42F6B540C0F6010000F08CF90E
:10D0A00014F8010CC00751D114F8010C800757D4B3
:10D0B00014F8010C00075DD414F8010CC00663D409
:10D0C00014F9010CB0F1FF3F69DD42F62920C0F6EA
:10D0D000010000F071F96AE042F68A40C0F60100F2
:10D0E00000F06AF920788007B3D542F67F40C0F699
:10D0F000010000F061F920784007ADD542F67D408F
:10D10000C0F6010000F058F920780007A7D542F6D4
:10D110007340C0F6010000F04FF92078C006A1D599
:10D1200086A000F049F994F90000B0F1FF3F9EDCC1
:10D13000D4F80F1042F69830C0F6010000F03CF928
:10D1400014F8010C00289DD131E000BF42F64E409A
:10D15000C0F6010000F030F914F8010C8007A7D5E3
:10D1600042F64440C0F6010000F026F914F8010C24
:10D170000007A1D542F67240C0F6010000F01CF98C
:10D1800014F8010CC0069BD542F66940C0F60100B8
:10D1900000F012F914F9010CB0F1FF3F95DCD4F85E
:10D1A0000B1042F6A830C0F6010000F005F9B4F803
:10D1B000010088B342F67E30C0F6010000F0FCF8B2
:10D1C000B4F8011042F6CB40C0F6010000F0F4F8CC
:10D1D000B4F80100C0072DD1B4F80100800733D4A2
:10D1E000B4F80100400739D4B4F8010000073FD477
:10D1F000B4F80100C00545D4B4F80100800505D598
:10D2000042F65840C0F6010000F0D6F842F6292058
:10D21000C0F6010000F0D0F8D4F80300B0F1FF3FF1
:10D2200006DC42F6CD30C0F6010000F0C5F800BFC4
:10D23000FEE700BF42F69340C0F6010000F0BCF8E4
:10D24000B4F801008007CBD542F63A40C0F60100A1
:10D2500000F0B2F8B4F801004007C5D542F6284006
:10D26000C0F6010000F0A8F8B4F801000007BFD52F
:10D2700042F66340C0F6010000F09EF8B4F80100E9
:10D28000C005B9D542F62F40C0F6010000F094F871
:10D29000B4F801008005B3D4B8E700BF7230353A66
:10D2A000203078253038780A000000007230363A95
:10D2B000203078253038780A000000007230373A84
:10D2C000203078253038780A000000007230383A73
:10D2D000203078253038780A000000007230393A62
:10D2E000203078253038780A000000007231303A5A
:10D2F000203078253038780A000000007231313A49
:10D30000203078253038780A000000007231323A37
:10D31000203078253038780A00000000206C723AFE
:10D32000203078253038780A000000002070633AF9
:10D33000203078253038780A0000000053544B45DF
:10D340005252200004324BF6EF6C22F00702CDF669
:10D35000AD6C42F840CDC2E901CCC2E903CCC2E9D0
:10D3600005CCC2E907C100214FF0807CC2E90D3035
:10D370001046C2E90911C2E90B11C2F83CC070475E
:10D3800080B5F2F765FF44F2F021C2F200010A789D
:10D3900001320A70BDE88040F2F75EBF80B5F2F757
:10D3A00057FF44F2F021C2F200010A78013A0A70F4
:10D3B000BDE88040F2F750BF83B010B581B044F2B1
:10D3C000F824844603A8C2F200040EC003AB204632
:10D3D0007F216246009301F053FA2046FFF76CFD6F
:10D3E00001B0BDE8104003B0704700002DE9F04FD8
:10D3F00081B0002800F0838040F21019C2F20009C9
:10D400000330D9F8001020F00308884577D809F1D7
:10D41000180B58464FF0FF31B8F10C0F98BF4FF082
:10D420000C0800F03DFBD9F80CE0D9E900CAAEEBDE
:10D430000A02ACEB0807BA425ED20AEB02052B46A1
:10D4400033F8020F2E4656F8044F20B902F10C00B3
:10D45000211A414558D2BC424ED20AEB04052B4654
:10D4600033F8020F2E4656F8042F20B904F10C00B1
:10D47000111A414520D2BA423ED20AEB02052B4690
:10D4800033F8020F2E4656F8044F20B902F10C0073
:10D49000211A414538D2BC422ED20AEB04052B4654
:10D4A00033F8020F2E4656F8042F0028C3D104F19A
:10D4B0000C00111A4145BED3CDF800B0A346144666
:10D4C00008F11802914226D340440AEB00024FF4BF
:10D4D000F5574AF80070C2E9014B306052680124E8
:10D4E0000CF10C07BA421C801CBF52449060D9F862
:10D4F000100008F10C0114E0584600F0A7FA0020D3
:10D5000001B0BDE8F08F00BFCDF800B0934608F140
:10D5100018029142D8D20120D9F810101880A4EB3B
:10D520000B00D9F8142001448A420098C9F8101061
:10D5300038BFC9F814104FF4F551AE45298030D1E9
:10D54000BEF8021069B3D9F80820724529D0DEF878
:10D5500004100AEB010EBEF80210002918BF724534
:10D560001DD0DEF804100AEB010EBEF802100029EF
:10D5700018BF724513D0DEF804100AEB010EBEF896
:10D580000210002918BF724509D0DEF804100AEB1A
:10D59000010EBEF80210002918BF7245D7D1C9F894
:10D5A0000CE000F053FA05F10C0001B0BDE8F08F7B
:10D5B000B0B5814214D28B18834211D9002A47D0CA
:10D5C00000EB020E12F00301A2F1010C4FD013F890
:10D5D000014D01290EF8014D3CD1624647E000BFE4
:10D5E000B2B312F00304A2F1010C09D08E461EF86A
:10D5F000015B0346012C03F8015B05D1624613E091
:10D600008E46034610E000BF4B78022C437005D1D4
:10D61000023A01F1020E831C06E000BF01F1030E85
:10D620008978033AC31C8170BCF1030F38BFB0BDC9
:10D63000AEF10401043B00BF11F8045F043A03F8A3
:10D64000045F4D785D708D789D70CD78DD70F3D17D
:10D65000B0BD00BF13F8014D02290EF8014D01D1F4
:10D66000023A04E013F8011D033A0EF8011DBCF163
:10D67000030FEDD3AEF10401023B00BF5C78043A26
:10D68000CC701C788C7013F8014C4C7013F8024C61
:10D69000A3F1040301F80449F0D1D9E770B5042AD5
:10D6A00006461BD316F0030018D1C8B24FF0013361
:10D6B000102A00FB03F313D3A2F1100C012000EB9E
:10D6C0001C1010F003000DD00128C6E90033B36030
:10D6D000F36009D106F11000624616E0304650E0D2
:10D6E00030462EE0304610E00228C6E90433B3612C
:10D6F000F36103D106F12000203A06E006F1300084
:10D70000303AC6E90833C6E90A33BCF1300F16D304
:10D7100000F14004403AC0E90033C0E90233C0E9F7
:10D720000433C0E90633C0E90833C0E90A33C0E96D
:10D730000C33C0E90E330F2A2046E9D82046042ACC
:10D740001FD30446151F042D40F8043B18D3A2F143
:10D750000805042D63600DD3A2F10C05042DA36010
:10D760000CD304F11000103AE360032A0446E9D810
:10D7700007E000BF04F1080002E000BF04F10C0064
:10D780002A4622B1CBB211461A46F3F751F9304678
:10D7900070BD00002DE9F041884640F25401C2F20C
:10D7A00000010A78054682420C460AD00C4614F85D
:10D7B000100FA84205D011F8200FA84218BF002171
:10D7C0000C46E068FFF712FE4FF00007C0B1E268B8
:10D7D00000210646FFF762FF3046414608223572B7
:10D7E000777200F0FFFAF2F733FD54F8041F324667
:10D7F00042F80C1F4A6022603461F2F72DFD374673
:10D800003846BDE8F081000010B5044600202072C3
:10D81000F2F71EFD2246216952F80C3F596021693A
:10D8200022610B601260F2F717FD2046BDE8104040
:10D83000FFF76EBA10B5044600202072F2F708FD1B
:10D8400054F80C1F62684A6062681160C4E90044C1
:10D85000BDE81040F2F700BD40F25402C2F20002EF
:10D860001178814211460AD0114611F8103F8342C7
:10D8700005D012F8201F814218BF00221146084629
:10D8800070470000F0B581B00E4640F25401C2F27C
:10D89000000115460A780446B2420F460AD00F46E8
:10D8A00017F8100FB04205D011F8200FB04218BF82
:10D8B00000210F46FFF7D2F9043738460068B84216
:10D8C00008D00068B84205D00068B84202D00068AD
:10D8D000B842F3D1FFF7D0F946F08000207220461D
:10D8E0002946082200F07EFAF2F7B2FC396844F8C3
:10D8F0000C1F4C603C60676001B0BDE8F040F2F77F
:10D90000ABBC0000007AC00970470000B0B5F2F768
:10D910009FFC40F24815C2F200056988044629B10F
:10D920002046BDE8B040F2F797BC00BFA868F7F703
:10D93000E9F944F278310138C2F2000151F83010AF
:10D940006A68A1F114039A42EAD0287044F2F020E8
:10D950006B60C2F20000037802F11C0001F10801C3
:10D9600033B1F2F77CFC2046BDE8B040F2F774BC5E
:10D97000F2F775FC2046BDE8B040F2F76DBC000040
:10D9800010B50446F2F764FC94F8341094F835208E
:10D9900001F0F001013184F8341044F27831C2F220
:10D9A000000101EBC2014A6840F2481C04F1140373
:10D9B000C2F2000C1360A2614B60A26BDCF808306D
:10D9C000616143EA0201CCF80810BDE81040F2F7AB
:10D9D00043BC0000B0B50546F2F73AFC294651F8C1
:10D9E000142F4B6853604B6849601A6091F82120EE
:10D9F00044F278330960C2F2000353F8324003EB7B
:10DA0000C202944204D0BDE8B040F2F725BC00BF8A
:10DA100040F24812C2F20002A96B936823EA0101A6
:10DA20009160BDE8B040F2F717BC000070B5154634
:10DA30000A4602211C460646FFF724FF06F11400A1
:10DA4000C6E905000020B583747270BDB0B5054607
:10DA5000F2F7FEFB2A4652F8141F044691420BD0FF
:10DA6000A1F1140000F042FC2046F2F7F5FBFFF7AD
:10DA70004DFF0020B0BD00BFA88B4FF6FF7188425C
:10DA800006D12046F2F7E8FB6FF00200B0BD00BF00
:10DA90000130A8832046F2F7DFFB0020B0BD000074
:10DAA0002DE9F04381B0894607460091F2F7D0FB9B
:10DAB000B98B804641B1481EB8834046F2F7CCFB93
:10DAC000002001B0BDE8F083B9F1000F3ED000F0B6
:10DAD00031FC0546002028637E7A284607F11404AD
:10DAE00000F098FCD6B3012E3FD120460068A0423A
:10DAF00034D095F8351090F8212091421AD300685F
:10DB0000A0422BD095F8351090F82120914211D3E6
:10DB10000068A04222D095F8351090F8212091425B
:10DB200008D30068A04219D095F8351090F821204C
:10DB30009142DBD21438826900F1140105F114031B
:10DB40001360AA61836169610FE000BF4046F2F78C
:10DB500083FB6FF0010001B0BDE8F083B86905F107
:10DB600014010160A861B9616C61B9F1010F09DBB1
:10DB700005F144066A463046002100F099FD304622
:10DB800000F0FCFD4046F2F767FBFFF7BFFE286B95
:10DB9000002808BF002001B0BDE8F08380B582B046
:10DBA0000AA0FFF709FC0CA0FFF706FC0FF24C0CD3
:10DBB00015A0032101220523CDF800C0FFF7FCFBCF
:10DBC00019A002B0BDE88040FFF7F6BB0A205C2038
:10DBD0007C202F0A000000002D205254202D2020F0
:10DBE000202020546872656164204F7065726174F2
:10DBF000696E672053797374656D0A004D617220F8
:10DC00003131203230323500202F207C205C202022
:10DC100020202025642E25642E2564206275696CE1
:10DC2000642025730A0000002032303036202D2079
:10DC30003230323020436F707972696768742062C5
:10DC4000792072742D746872656164207465616DE9
:10DC50000A000000F0B581B005460021685C00288C
:10DC600005EB01000DD0427842B1827842B1C07814
:10DC700004310028F2D16818013802E0013000E0D8
:10DC80000230471B7C1C2046FFF7B0FB002871D0F8
:10DC9000102C15D28446002C6CD014F00306A4F18D
:10DCA000010217D02B4613F8017B6146012E01F8C3
:10DCB000017B13D114468C46032A5BD34BE000BF93
:10DCC00040EA0501890715D0844614F00306A4F143
:10DCD0000102E7D12B46032A4CD33CE06978022E9F
:10DCE0008CF801102ED1023CAB1C0CF1020C032A63
:10DCF00040D330E0002200BFA958AB1881505968CA
:10DD0000861871609968103CB160D9680F2C02F1D7
:10DD10001002F160F0D8AB18042C00EB020C2BD3EE
:10DD2000A7EB020E1D46AEF10304012155F8042BAA
:10DD300001EB94066146012E41F8042B1ED18C465E
:10DD4000A9E700BFA978033CEB1C8CF802100CF18A
:10DD5000030C032A0ED31A1FACF1040112F8043F7E
:10DD6000043C01F8043F53784B7093788B70D37860
:10DD7000CB70F3D101B0F0BD1D468CE75968022E7F
:10DD8000CCF8041006D103F108050CF1080CAEF133
:10DD9000070480E7996803F10C05CCF808100CF132
:10DDA0000C0CAEF10B0476E7C11C00BF11F8032C7C
:10DDB00062B111F8022C6AB111F8012C72B111F89C
:10DDC000042B002AF2D10439081A70470339081AC3
:10DDD000704700BF0239081A704700BF0139081A9E
:10DDE000704700002DE9F0418046DAB3C2F1000C23
:10DDF00000234446CF5C08F80370DFB10CEB030648
:10DE0000771C2FD2CF18787808EB03056870A8B17B
:10DE1000B01C27D0B878A870B0B1F01C22D0F87828
:10DE2000E870D8B1043304341CEB0300A2F10402FF
:10DE3000E0D117E0601C511E0AD113E0A01C013A8A
:10DE4000511E05D10EE000BFE01C023A511E09D060
:10DE5000F2F7FEFD4046BDE8F08100BF033A281D01
:10DE6000511EF5D14046BDE8F081000021F00303CA
:10DE70008C46192B01462DD3C81C20F00300A3F1BA
:10DE80001802824226D310B5191A40F21014A1F1DB
:10DE90001802C2F20004C4E900204FF4F5520C3914
:10DEA0004FF0000CC0E90021C0F808C041F6A060A6
:10DEB000C0F201001A4642F80C0DA26043E90211BB
:10DEC00004F1180005A101220023FFF7AFFD6068EF
:10DED000E06010BD03A06246FFF76EBA686561702E
:10DEE000000000006D656D20696E69742C206572FC
:10DEF000726F7220626567696E2061646472657317
:10DF00007320307825782C20616E6420656E642043
:10DF10006164647265737320307825780A000000AC
:10DF200010B544F27832C2F2000202F11800C2E9E0
:10DF3000060002F1200002F1080302F11001C2E91B
:10DF4000080002F14000C2E90233C2E9041102F103
:10DF5000280102F1300302F13804C2E9100002F195
:10DF60006000C2E90A11C2E90C33C2E90E4402F1B1
:10DF7000480102F1500302F15804C2E9180002F10D
:10DF80008000C2E91211C2E91433C2E9164402F159
:10DF9000680102F1700302F17804C2E9200002F185
:10DFA000A000C2E91A11C2E91C33C2E91E4402F101
:10DFB000880102F1900302F19804C2E9280002F1FD
:10DFC000C00040F2481EC2E92211C2E92433C2E96E
:10DFD000264402F1A80102F1B00302F1B804C2E93B
:10DFE000300002F1E000C2F2000EC2E92A11C2E9DB
:10DFF0002C33C2E92E4402F1C80102F1D00302F130
:10E00000D804C2E938001F204FF0000CC2E93211D9
:10E01000C2E93433C2E9364402F1E80102F1F00307
:10E0200002F1F8048EF800000EF10C00AEF802C008
:10E03000C2E90022C2E93A11C2E93C33C2E93E44D6
:10E04000CEE901CCCEE9030010BD000010B540F2CE
:10E050004814C2F20004A068F6F754FE44F2783186
:10E06000C2F2000101EBC00050F8080CA0F114014D
:10E0700008306160BDE81040F2F71FB940F25C1053
:10E08000C2F20000011DC0E9011170477047000095
:10E090002DE9F04383B00F46014601201D46164688
:10E0A000FFF778FB00283DD004462846FFF79EF98D
:10E0B00000283DD004F11401DDE90A98C4E90511F6
:10E0C00023212A46C4E90876C4E90A05FFF7E6FADF
:10E0D00004F120030FCB1A444EF24113043AC0F668
:10E0E0000003FFF72FF94EF25942E061002704F1D7
:10E0F0004400C0F600022146234684F8369084F896
:10E100003590C4E90E78C4F84080276384F83470F1
:10E11000C4E91C770097019700F016FB204603B076
:10E12000BDE8F0830024204603B0BDE8F08300BFC3
:10E130002046FFF769FB0024204603B0BDE8F083CA
:10E1400070B540F24C10C2F200000568F2F780F89A
:10E150000446F2F77DF8296F064609B1284688473C
:10E160003046F2F779F82846FFF734FC042085F8AA
:10E17000340005F1440000F0CFFA2846FFF7C2FB57
:10E18000012809D12846FFF755FBFFF7BFFB2046C2
:10E19000BDE87040F2F760B840F25410C2F20000DF
:10E1A000016845F8141F4D6005606860FFF7AEFB1D
:10E1B0002046BDE87040F2F74FB8000040F2541618
:10E1C000C2F2000603E000BF2046F2F745F8F2F77E
:10E1D0003FF831680446B142F6D0D1E90020A1F100
:10E1E000140550604B6848691A60C1E90011FEF7D8
:10E1F0008FFD2846FFF708FBE6E7000010B584B066
:10E2000044F278424FF48071C2F2000240F250644E
:10E210001F20CDE90021C2F200044EF2BD124FF0E2
:10E22000200C029007A1C0F6000220460023CDF882
:10E230000CC000F00BF8204604B0BDE8104000F020
:10E24000BBB800BF7469646C650000002DE9F0473D
:10E2500082B00DF1280A16460A46DDF834909AE895
:10E26000800501211D460446FFF70CFB04F1140054
:10E27000C4E90500384623214246C4E90865C4E9DB
:10E280000A78FFF70BFA04F120030FCB1A444EF281
:10E290004113043AC0F60003FFF754F84EF2594216
:10E2A000E061002704F14400C0F600022146234645
:10E2B00084F836A084F835A0C4E90E79C4F84090FB
:10E2C000276384F83470C4E91C770097019700F045
:10E2D0003BFA002002B0BDE8F087000080B500F0F6
:10E2E00001F900F02DF8002080BD0000B0B5044613
:10E2F00090F8340000F00F0002281CBF4FF0FF30F0
:10E30000B0BDF1F7A5FF2246A16952F8143F0546BA
:10E310005960A16904F144000B60A261126000F031
:10E3200093FA2846F1F798FF2046FFF729FB0020D3
:10E33000B0BD000040F24C10C2F20000006870470F
:10E34000F0B581B00090F1F783FF40F24C11C2F2BA
:10E3500000010C68054694F8341001F00F01012902
:10E3600013D1F1F775FF06462046FFF733FB94F80B
:10E37000340000F0F000023084F8340004F144006E
:10E3800000F062FA3046F1F767FF04F144066A468E
:10E3900030460021002700F08BF9304600F0EEF9FE
:10E3A0002846F1F759FFFFF7B1FA206B023008BF9A
:10E3B0002763002001B0F0BDB0B5044690F83600E8
:10E3C000012184F8350001FA00F0A063022084F8EE
:10E3D0003400F1F73DFF2246A16952F8143F05468B
:10E3E0005960A16904F144000B60A261126000F061
:10E3F0002BFA2846F1F730FF2046FFF7C1FA40F22A
:10E400004C10C2F200000068002818BFFFF77EFA27
:10E410000020B0BDB0B5044690F8340000F00F0005
:10E4200001281CBF4FF0FF30B0BDF1F711FF0546CA
:10E430002046FFF7CFFA94F8340000F0F0000230E5
:10E4400084F8340004F1440000F0FEF92846F1F7A6
:10E4500003FF0020B0BD000080B50246816952F87C
:10E46000143F6FF0010C59608169C0F830C00B6037
:10E4700082611260FFF784FABDE88040FFF746BA78
:10E4800010B5F1F7E5FE40F24C11C2F20001096847
:10E4900091F8342002F00F02012A1FD10A4652F8E7
:10E4A00014CF53689C4519D0CCF8043091F835E06E
:10E4B00044F27833C2F2000303EBCE03D1F818E044
:10E4C0008A615C68CEF800C022608C615A604B6142
:10E4D000F1F7C2FEFFF71AFA002010BDF1F7BCFEFB
:10E4E000002010BD002844BF4FF0FF30704744F6B5
:10E4F000D351C1F26201A0FB01239A094FF47A7350
:10E5000002FB1300584300F2E730A0FB010102FBBD
:10E5100003F000EB9110704744F27C50C2F200000F
:10E520000068704780B544F27C50C2F20000016878
:10E5300001310160FFF7FEFE016C0139016403D077
:10E54000BDE8804000F008B8C16B0164FFF798FF98
:10E55000BDE88040AFF300802DE9F04F83B00DF1AE
:10E56000040BCDE901BBFFF7D7FF0546F1F770FEBD
:10E5700040F25C18C2F20008414651F8047F009056
:10E580008F4200F08F804FF6FE76C7F6FF7608F1D7
:10E59000040A18E05046D8F8001002680131C8F8A3
:10E5A000001017F80B1C57603A600760786041F064
:10E5B000010007F80B0C4846F1F74EFE404650F8B4
:10E5C000047F87426ED07869281AB0426AD8D7E9AA
:10E5D000001048607A6817F80B0C116081073F60E3
:10E5E0005CBF00F0FE0007F80B0C01984760386034
:10E5F000D7E902100197C7F804B08847FFF78CFFEE
:10E60000019905465945D9D0D7E90001416079689B
:10E610007F60086017F80B0C3F6000F003010329CE
:10E62000CCD100F0FE0007F80B0CF1F711FED7E992
:10E63000001281464A6017F80B0C7A6800F0FE0061
:10E6400011603F607F6007F80B0CFFF765FF3A69C8
:10E65000D8F808101044514578619BD0C243504609
:10E6600003685C691444B44295D3994215D0186884
:10E6700044691444B44213D381420ED003685C69E8
:10E680001444B442FFF487AF994206D01868446935
:10E690001444B44204D38142E2D108467BE700BF70
:10E6A000184678E70098F1F7D7FD03B0BDE8F08F82
:10E6B00070B514460E460546F1F7CAFD042E07D87C
:10E6C000DFE806F0040A1018200000BF2168696224
:10E6D000F1F7C2FD002070BD696A2160F1F7BCFD51
:10E6E000002070BD697A01F0FD016972F1F7B4FD97
:10E6F000002070BD697A41F002016972F1F7ACFD4A
:10E70000002070BD697AC9070CBF0021012121607A
:10E71000F1F7A2FD002070BD10B50446F1F798FD99
:10E720002246A16952F8143F5960A169A2610B60A9
:10E73000617A126001F0FE016172F1F78DFD2046F1
:10E74000FFF778F8002010BD2DE9F04115460A4684
:10E75000DDE906870A211C460646FFF793F807F015
:10E76000FE007072002006F11401C6E90511C6E929
:10E770000754C6E90980BDE8F08100002DE9F041A9
:10E780000446F1F765FD264656F8141F8046726868
:10E7900016F80B0C4A60726800F0FE0011603660DB
:10E7A000766006F80B0CFFF7B7FE40F25C1CC2F275
:10E7B000000C3169DCF808700CF104020144974246
:10E7C00071612CD04FF6FE75CB43C7F6FF7511680B
:10E7D00048691844A84222D38F4217D00A6850696A
:10E7E0001844A84214D3974214D0116848691844B9
:10E7F000A84214D38F420FD00A6850691844A84227
:10E800000CD39742E3D13A4609E000BF3A4606E00E
:10E810000A4604E03A4602E03A4600E00A46DCF8DE
:10E82000000011680130CCF80000607A4E6040F0C2
:10E8300001006072404661611660A261F1F70CFD53
:10E840000020BDE8F081000010B50446407AC00702
:10E8500004BF4FF0FF3010BDF1F7FAFC54F8141F5D
:10E8600062684A6062686460116014F80B1C24607E
:10E8700001F0FE0104F80B1CF1F7EEFC002010BDC6
:10E880002DE9F04F85B09B46144600EB010A4FF08E
:10E8900020090391002948BF4FF0FF3A049002E09D
:10E8A000411C013408462178252907D0002900F0B1
:10E8B000E983504538BF0170F2E700BF0234002100
:10E8C00014F8012CA2F12007102F00F26D80102304
:10E8D000DFE807F00A6A6A0C6A6A6A6A6A6A6A0E9C
:10E8E0006A126A6A100000BF082305E0202303E0D3
:10E8F000042301E0012300BF22781943A2F120077D
:10E90000102F00F28D801023DFE807F00A8A8A0CAE
:10E910008A8A8A8A8A8A8A0E8A128A8A100000BFA4
:10E92000082305E0202303E0042301E0012300BFC6
:10E9300062781943A2F12007102F00F2998010236A
:10E94000DFE807F00A96960C969696969696960E9F
:10E9500096129696100000BF082305E0202303E0DE
:10E96000042301E0012300BFA2781943A2F120078C
:10E97000102F00F285801023DFE807F0108282124A
:10E98000828282828282820E820A8282140000BF88
:10E990001943043494E700BF0423F9E70823F7E799
:10E9A0002023F5E70123F3E7A31E013CA2F1300782
:10E9B000092F3AD80234002606EB860302EB430304
:10E9C00014F8012CA3F13006A2F13007092F5FD80B
:10E9D00006EB860302EB43032278A3F13006A2F193
:10E9E0003007092F56D806EB860302EB4303627803
:10E9F000A3F13006A2F13007092F00F2A38006EB45
:10EA0000860302EB4303A278A3F13006A2F13003A0
:10EA10000A2B04F10404CFD3023C2E2A3CD018E088
:10EA2000631EA2F13007092FC4D92A2A0CD15BF842
:10EA3000046B9C1CB6F1FF3FDCBF764241F0100135
:10EA400022782E2A28D004E022784FF0FF362E2A92
:10EA500022D04FF0FF3E42F004036C2B40F07E804A
:10EA600014F801CFACF12505532D40F27E80E5E08E
:10EA700023460134A2F13007092FD6D89AE700BF08
:10EA8000631C0234A2F13007092F93D9CDE700BFF0
:10EA9000013C00BF2E2ADCD1234613F8012FA2F13E
:10EAA0003007092F36D80234002300BF03EB83035D
:10EAB00002EB43032278303BA2F13007092F46D8FE
:10EAC00003EB830302EB43036278303BA2F1300790
:10EAD000092F3BD803EB830302EB4303A278303BBF
:10EAE000A2F13007092F00F22F8103EB830302EB21
:10EAF0004303E278303BA2F130070A2F04F104040B
:10EB0000D4D3013C23EAE37E42F004036C2BA7D06C
:10EB100024E000BF2A2A0BD114F8022F5BF8043B33
:10EB200023EAE37E42F004036C2B99D016E000BF89
:10EB30004FF0000E1C4642F004036C2B3FF490AFE4
:10EB40000CE000BF01342E2AA6D082E7013423EA6C
:10EB5000E37E42F004036C2B3FF482AF9446002224
:10EB6000ACF12505532D00F269800A23DFE815F08A
:10EB70005400660066006600660066006600660077
:10EB80006600660066006600660066006600660055
:10EB90006600660066006600660066006600660045
:10EBA0006600660066006600660066006600660035
:10EBB0006600660066006600660066006600660025
:10EBC0006600660066006600660066006600660015
:10EBD00066006600660078006600660066006600F3
:10EBE0006600660066006600660066008C005A00DB
:10EBF00066006600660066005A00660066006600F1
:10EC000066006600A800AC0066006600BE006600F4
:10EC10007B00660066007A0050453CBF25210170EC
:10EC20003EE600BF41F002010A23682A1DD1BBF86D
:10EC300000208F0748BF12B21AE000BF504503D230
:10EC40002521017094F800C0BCF1000F00F1010112
:10EC500000F08680514538BF81F800C0811C20E655
:10EC600041F040011023682AE1D06C2ADBF8002033
:10EC70000BF1040BCFB25146CDE9006E0297FCF7C1
:10EC800061FA01460DE600BFC90667D4022EA6F15F
:10EC90000103C0F28D8013F00307A6F1020200F019
:10ECA000E780504538BF80F80090012F00F1010146
:10ECB00040F0EA801346032A80F010812AE100BF69
:10ECC0000823682AD1D1B2E7721CB2FA82F24FEA65
:10ECD000521241EA020108BF08265BF8042BCFB2AA
:10ECE000CDE9006E51461023C8E700BF5BF8048BE6
:10ECF00042F62D32B8F1000FC0F6010208BF90466F
:10ED000086B3C6F1000C002218F802305BB30CEB9E
:10ED100002035D1C15D008EB02077D78002D00F082
:10ED2000BF809D1C0DD0BD78002D00F0BB8003334B
:10ED300007D0FB78002B00F0C78004321CEB0203E5
:10ED4000E2D132460FE000BF023423EAE37E42F014
:10ED500004036C2B3FF484AE00E700BF0146DAE009
:10ED6000013C9EE5002272459446C8BFF446BEF1C0
:10ED7000000FD8BF9446C9061FD46645A6F101020C
:10ED80001ADDA6EB0C0111F0030775D0504538BF12
:10ED900080F80090012F00F1010140F08580B21E43
:10EDA0006FEA0C003044032880F0FD8016E100BFBC
:10EDB00001461E46AFE000BF1646BCF1010FC0F28F
:10EDC0001481ACF10101032904D21CF0030234D1F7
:10EDD0000CE100BF2CF00302002102E004318A4262
:10EDE00024D0471857453CBF18F801303B707B1CB6
:10EDF00053450BD208EB01056D781D70BB1C5345C4
:10EE000007D3FB1C5345E9D20AE000BFBB1C5345A6
:10EE1000F7D208EB0105AD781D70FB1C5345DDD220
:10EE200008EB0107FF781F70D8E700BF8844014452
:10EE300008461CF0030200F0D98050453CBF98F80A
:10EE400000100170012A00F1010100F0CF8051454E
:10EE50003CBF98F801300B70022A00F1020100F06B
:10EE6000C58051453CBF98F802200A70C11CBDE026
:10EE70000146032A32D24DE001466FEA0C003044CD
:10EE8000032880F09080A9E0514538BF81F80090B8
:10EE9000022F00F1020119D1F31E032A1ED239E01C
:10EEA000013260E702325EE7514538BF81F80090D9
:10EEB000022F00F102016BD1F21E6FEA0C00304408
:10EEC000032870D28AE000BF03324CE7514538BFB7
:10EED00081F80090C11C331F032A1BD3181D00BFEB
:10EEE000514501F1010238BF81F80090524538BF09
:10EEF00082F800908A1C524538BF82F80090CA1CE4
:10EF00005245A0F1040038BF82F80090042801F1B6
:10EF10000401E5DC002651453CBFDBF80000087029
:10EF2000022E0BF1040B2FDB043100BFC81E50452D
:10EF300038BF01F8039C032EA1F10200FFF4A1AE3B
:10EF40005045A6F1040038BF01F8029C10F1040FEF
:10EF5000A1F1010276D85245A0F1010038BF01F8B5
:10EF6000019C10F1040F3FF69CAC5145A0F1010249
:10EF700038BF81F80090043112F1030F00F101064F
:10EF8000D4D30339FFF78DBC0131FFF78ABC00BF32
:10EF9000514538BF81F80090C11C321F6FEA0C0048
:10EFA000304403281AD3501C514501F1010238BFE7
:10EFB00081F80090524538BF82F800908A1C524573
:10EFC00038BF82F80090CA1C5245A0F1040038BF37
:10EFD00082F80090844501F10401E5DBACF1010603
:10EFE0000846BCF1010FBFF6ECAE014666457FF75F
:10EFF00058ACA6EB0C0010F0030009D0514538BF07
:10F0000081F80090012801F1010205D1701E13E082
:10F0100030460A4610E000BF524538BF82F80090E3
:10F02000022801F1020201D1B01E05E0524538BFAD
:10F0300082F80090F01ECA1C6FEA0C0131440329CB
:10F04000114603D21146FFF72CBC00BF514501F118
:10F05000010238BF81F80090524538BF82F8009015
:10F060008A1C524538BF82F80090CA1C5245A0F154
:10F07000040038BF82F80090844501F10401E5DB0B
:10F08000FFF70FBC0399049B002948BFD94331B156
:10F0900001460022504528BFAAF101010A70C01A9A
:10F0A00005B0BDE8F08F00000020704700207047D9
:10F0B00000207047002070472DE9F04389B00746D3
:10F0C00042F6B3100E46C0F6010039469946154681
:10F0D000FEF772F90DF10F042DA10DF11D020DF1D6
:10F0E000160338460094F1F7F3FA032846D10DF1E0
:10F0F0001D0000211022F1F786FB42F6D118C0F660
:10F1000001080146029040463246FEF755F902AF2B
:10F11000304639460422F8F73DF80299304600F0AF
:10F12000ABF90DF1160000211022F1F76CFB01463E
:10F13000029040462A46FEF73FF928463946042207
:10F14000F8F728F80299284600F096F90DF10F001B
:10F1500000211022F1F757FB0146029040464A4633
:10F16000FEF72AF9484639460422F8F713F80299BF
:10F17000484600F081F909B0BDE8F08342F60B2063
:10F18000C0F60100FEF718F909B0BDE8F08300BF32
:10F190005B232536732C20232536732C202325361C
:10F1A000735D000080B540F2042044F20041C2F2D9
:10F1B0000000C4F2000100234FF00C0C4FF4E132C8
:10F1C00080E80E00C0E90333C0E905C3C361F4F76A
:10F1D0009DFD08B1FEE700BF002080BD2DE9F0478E
:10F1E00090460A4601460020F7F730FB18F101016E
:10F1F0004FEA104E00F0AC8040F2D02C4FF01009D6
:10F200004FF6FF7A0024C2F2000C0025102612E00F
:10F21000788B1FFA8AF100281ABF01387883002002
:10F2200083B28B423CBF914682462034802C05F14C
:10F23000040500F080803CF804000CEB04078645D0
:10F2400000F096807A6886F0100060EA02000028DC
:10F25000304608BF2846013210D0788800281ABFEF
:10F26000421E7A8000221FFA8AF091B281423CBF8E
:10F27000A94692463889864504D17FE006463889FA
:10F2800086457BD0F96886F0100060EA010000280E
:10F29000304605F1010208BF1046013110D07889CF
:10F2A0001FFA8AF100281ABF01387881002083B242
:10F2B0008B423CBF91468246388A864504D163E042
:10F2C0000646388A86455FD0796986F0100060EA84
:10F2D00001000028304605F1020208BF1046013146
:10F2E00010D0788A1FFA8AF100281ABF0138788274
:10F2F000002083B28B423CBF91468246388B8645C4
:10F3000004D147E00646388B864543D0F96986F03C
:10F31000100060EA01000028304605F1030208BF32
:10F32000104601317FF474AF06462034802C05F17D
:10F3300004057FF480AF0F2E38D80CEBC6000021F7
:10F34000C0F804802CF836E04180BDE8F08700BFAB
:10F3500040F2D022C2F200021088002186454FF010
:10F36000000300F080801089864519D101237AE0DE
:10F37000381DC0F80080BDE8F08700BF07F10C0021
:10F38000C0F80080BDE8F08707F11400C0F80080E5
:10F39000BDE8F08707F11C00C0F80080BDE8F087E9
:10F3A000108A864512D102235DE000BFB9F10F0F2C
:10F3B00088BFBDE8F0870CEBC9000021C0F80480CD
:10F3C0002CF839E04180BDE8F08700BF108B8645FE
:10F3D00002D1032347E000BF108C864502D10423ED
:10F3E00041E000BF108D864502D105233BE000BF00
:10F3F000108E864502D1062335E000BF108F86456A
:10F4000002D107232FE000BFB2F84000864501D1AA
:10F41000082328E0B2F84800864501D1092322E0FC
:10F42000B2F85000864501D10A231CE0B2F858001A
:10F43000864501D10B2316E0B2F86000864501D164
:10F440000C2310E0B2F86800864501D10D230AE0D4
:10F45000B2F87000864501D10E2304E0B2F87800BE
:10F460008645B0D10F2302EBC3004FF0FF3242605C
:10F470004180BDE8F0870000B0B50C4642F6862119
:10F48000C0F601010546F1F757FB002858D042F6B7
:10F49000B621C0F601012846F1F74EFB002855D0F1
:10F4A00042F6C221C0F601012846F1F745FB0028CB
:10F4B00052D042F63A21C0F601012846F1F73CFB52
:10F4C00000284FD042F65621C0F601012846F1F738
:10F4D00033FB00284CD042F62B21C0F60101284610
:10F4E000F1F72AFB002849D042F64721C0F6010176
:10F4F0002846F1F721FB002846D042F69D21C0F6B0
:10F5000001012846F1F718FB002843D042F6AA2152
:10F51000C0F601012846F1F70FFB002840D042F663
:10F520009221C0F601012846F1F706FB002818BF1A
:10F53000B0BD40F20810C2F200000460B0BD00BFD0
:10F5400040F20C10C2F200000460B0BD40F2E800CE
:10F55000C2F200000460B0BD40F2EC00C2F2000054
:10F560000460B0BD40F2F000C2F200000460B0BD23
:10F5700040F2F400C2F200000460B0BD40F2F800B6
:10F58000C2F200000460B0BD40F2FC00C2F2000014
:10F590000460B0BD40F20010C2F200000460B0BDD3
:10F5A00040F20410C2F200000460B0BDB0B540F2F9
:10F5B000701EC2F2000EDEF8283081420ED900F52E
:10F5C00000628A420AD983420ED10EF128024FF01E
:10F5D000000C10600EEBCC00C162B0BD834223D1A1
:10F5E0000EF128012FE000BF724652F8304F4FF065
:10F5F000010C8442EDD0B3F1FF3518BF01255A1C30
:10F6000008BF4FEA850C621C724652F8383F18BF9B
:10F610004FEA850C83421BD14FF0020C10600EEBB9
:10F62000CC00C162B0BD00BF714651F8302F82429C
:10F6300009D0714651F8382F824204D05EF8401F3D
:10F640008142714625D14FF0FF300860B0BD00BF48
:10F650008CF0040262EA0302002A724652F8403F2C
:10F6600008BF4FF0020C834206D14FF0030C10602C
:10F670000EEBCC00C162B0BD5A1C08BFBCF1040F38
:10F6800008D0BCF1030F88BFB0BD0EEBCC02C2E9BD
:10F690000A01B0BD4FF0030CF7E7000080B5FEF79C
:10F6A0007DFA002080BD00002DE9F04F89B00021D7
:10F6B000002204460026FDF7A5F9042040F2F007D9
:10F6C00007900320C2F200070390386801254FF02D
:10F6D000020808950496CDF81480FBF71BFD3A68E4
:10F6E0000DF1200920460021C823CDF80090019596
:10F6F000F5F7E8FF3A680DF11C0A20460021C823FF
:10F70000CDF800A00195F5F7DDFF3A680DF1100B7B
:10F7100020460021C823CDF800B0CDF80480F5F7CD
:10F72000D1FF3A6803AE20460021C8230096019518
:10F73000F5F7C8FFC820FEF7D1FD39682046002242
:10F74000C823CDF800900195F5F7BCFF3968204635
:10F750000022C823CDF800A00195F5F7B3FF396862
:10F7600020460022C823CDF800B0CDF80480F5F77C
:10F77000A9FF396820460022C82300960195F5F7B5
:10F78000A1FFC820FEF7AAFD09B0BDE8F08F000078
:10F790002DE9F04F89B00021002204460026FDF734
:10F7A00031F90420049640F2F00607900320C2F2DB
:10F7B0000006039030684FF001090221CDF8209037
:10F7C00005914FF00208FBF7A5FC40F2F407C2F2E6
:10F7D00000073868FBF79EFC326808A800900546D1
:10F7E00020460021C823CDF80490F5F76BFF32685E
:10F7F0000DF11C0A20460021C823CDF800A0CDF849
:10F800000490F5F75FFF32680DF1100B20460021E0
:10F81000C823CDF800B0CDF80480F5F753FF326867
:10F820000DF10C0820460021C823CDF80080CDF84A
:10F830000490F5F747FF6420FEF750FD31683A6801
:10F840002046C8230095CDF80490F5F73BFF3168BA
:10F850003A682046C823CDF800A0CDF80490F5F70B
:10F8600031FF31683A682046C8230225CDF800B040
:10F8700001950225F5F726FF31683A682046C8232E
:10F88000CDF80080CDF80490F5F71CFFC820FEF7F6
:10F8900025FD396808A8009020460022C823CDF82D
:10F8A0000490F5F70FFF396820460022C823CDF8F1
:10F8B00000A0CDF80490F5F705FF39682046002236
:10F8C000C823CDF800B00195F5F7FCFE3968204655
:10F8D0000022C823CDF80080CDF80490F5F7F2FEA1
:10F8E000C820FEF7FBFC09B0BDE8F08F5FEA400CD2
:10F8F00008BF91F0000F4FEA8C234FEAC12243EA80
:10F9000051514FEA1C5018BF00F5F0404FEA30004B
:10F9100018BF41F000415FEA6C5C00F02980BCF147
:10F92000FF3F08BF40F080407047130C06BF120431
:10F930004FF0100C4FF0000C130E04BF12020CF12C
:10F94000080C130F04BF12010CF1040C930F04BF39
:10F9500092000CF1020CD30F04BF52000CF1010C09
:10F9600011464FF00002A0F11F00A0EB0C00704701
:10F9700011F0004F08BF704731F000413FF4D5AFA0
:10F980000B0C06BF09044FF0100C4FF0000C0B0ECF
:10F9900004BF09020CF1080C0B0F04BF09010CF1A4
:10F9A000040C8B0F04BF89000CF1020CCB0F04BFB9
:10F9B00049000CF1010CCCF1200322FA03F341EAD7
:10F9C000030102FA0CF2A0EB0C0000F101007047F9
:10F9D00023F07F4720F07F4C80EA030000F00040D6
:10F9E000ACEB070303F57C5303F1FF032DE98049DA
:10F9F00009B44FEA144324EA03484FEA154B25EAB9
:10FA00000B4E0FF2042606EB13273E7803FB066726
:10FA1000C7F5000707FB06F64FEAD64606F10206D1
:10FA20004FEA543707FB066CCCF1005C4FEA1C47E9
:10FA30002CEA074C0CFB06F507FB06F404EB154615
:10FA40004FEA961649085FEA320234BF00204FF0B1
:10FA500000404FEAD13706FB07FC4FEA1C4C0CFB79
:10FA60000BF7D21B03FB0CF761EB07010CFB0EF746
:10FA7000B0EB074072EB17420CFB08F734BFA2EB68
:10FA80000742B2EB074261EB17414FEA0C444FEAE1
:10FA9000910706FB07FC4FEA1C4C0CFB0BF7B0EB85
:10FAA000C74072EB573203FB0CF734BFA2EBC742DF
:10FAB000B2EBC74261EB57310CFB0EF7B0EBC7005E
:10FAC00072EB57720CFB08F734BFA2EBC702B2EB24
:10FAD000C70261EB57714FEA816141EA92114FEA27
:10FAE000826242EA90124FEA806004EBCC04039FEA
:10FAF0004FEAD13706FB07FC4FEA1C4C0CFB0BF717
:10FB0000D21B03FB0CF761EB07010CFB0EF7B0EB0C
:10FB1000074072EB17420CFB08F734BFA2EB074219
:10FB2000B2EB074261EB17414FEA8C5504EB9C2482
:10FB30004FEA910706FB07FC4FEA1C4C0CFB0BF746
:10FB4000B0EBC74072EB573203FB0CF734BFA2EBAC
:10FB5000C742B2EBC74261EB57310CFB0EF7B0EB7B
:10FB6000C70072EB57720CFB08F734BFA2EBC70259
:10FB7000B2EBC70261EB57714FEA816141EA921122
:10FB80004FEA826242EA90124FEA806015EB4C2500
:10FB900044F100044FEAD13706FB07FC4FEA1C4C46
:10FBA0000CFB0BF7D21B03FB0CF761EB07010CFB03
:10FBB0000EF7B0EB074072EB17420CFB08F734BFAF
:10FBC000A2EB0742B2EB074261EB17414FEA8131EA
:10FBD00041EA92414FEA823242EA90424FEA803053
:10FBE0004FEA0C7615EB1C1544F1000448EA034378
:10FBF0004EEA0B484FF0000EB2EB080C71EB030716
:10FC000024BF624639464EEB0E0E4FF0000B001833
:10FC1000524149414BEB0B0BB2EB080C71EB030764
:10FC20007BF1000B24BF624639464EEB0E0E4FF0BF
:10FC3000000B0018524149414BEB0B0BB2EB080C87
:10FC400071EB03077BF1000B24BF624639464EEB94
:10FC50000E0E51EA020718BF46F0010616EB0E76AB
:10FC600055F1000254F1000103D5BDE88901BDE85A
:10FC70000088BDE88901BDE80048B619524141EB52
:10FC80000101A3F10103704780807F7E7D7C7B7A38
:10FC90007978777676757473727171706F6E6E6D38
:10FCA0006C6C6B6A6A6968686766666564646363DE
:10FCB00062616160605F5F5E5E5D5D5C5C5B5B5A64
:10FCC0005A595958585757565655555554545353D1
:10FCD00052525251515050504F4F4F4E4E4D4D4D2C
:10FCE0004C4C4C4B4B4B4A4A4A4949494848484777
:10FCF00047474746464645454544444444434343B5
:10FD000043424242424141419C46002B30D477005D
:10FD10002BD04FEA37071CB503B44FF010004FF05B
:10FD20001001BAF1000F06D0BCF1000FDCBF40F0AB
:10FD3000080040F008014FF000000FBCBDE8104083
:10FD40000BF1010BBBF1010F08BF5FEA170722BFE0
:10FD500012F1010211F101014FF0004143F10003E2
:10FD600000F0004043EA00007047F9D35708D0E79D
:10FD700046EA06464FEA164613F1400F1FDD13F11F
:10FD8000200FDFBF16430A46002120335B42BED05E
:10FD9000C3F1200746EA06464FEA164602FA07F77D
:10FDA00046EA070622FA03F2C3F1200701FA07F731
:10FDB00042EA070221FA03F14FF00003A7E746EAFF
:10FDC000020646EA06464FEA164646EA0106BCBF68
:10FDD00046EA0646360C4FF000034FF000024FF0A3
:10FDE000000194E72DE9804C70B49A46934691E85F
:10FDF000380007C831EA400C48BF34EA430C03D549
:10FE0000FFF7E6FDFFF780FFF0BCBDE8008C2DE9B1
:10FE1000804C70B49A46934691E8380007C810F0B9
:10FE2000804F08BF13F0804F03D100F005F8FFF7B3
:10FE30006BFFF0BCBDE8008C20F07F4723F07F4CC7
:10FE400080EA030000F0004007EB0C03A3F57C53AD
:10FE5000A3F1FE0392F0000F00F0B38095F0000FC5
:10FE600000F077802DE901494FEA114021EA00486E
:10FE70004FEA144624EA064700FB06FC08FB06F698
:10FE800007FB08F818EB06484CEB164C00FB07F78D
:10FE900018EB07484CEB17404FEA124B22EA0B4E87
:10FEA0004FEA154625EA06470BFB06FC0EFB06F655
:10FEB00007FB0EFE1EEB064E4CEB164C0BFB07F73A
:10FEC0001EEB074E4CEB174B18EB0B0840F10000F4
:10FED00018EB0E0B58EB000840F100008F1A4FF0A2
:10FEE00000014FF000063CBFC943661B14BFB5EBD1
:10FEF000040C00213CBFC943F61B4FEA174427EA14
:10FF000004454FEA1C472CEA074C04FB076205FB3B
:10FF100007F70CFB05F616EB074642EB174204FB0E
:10FF20000CFC16EB0C4642EB1C421BEB060658EB96
:10FF3000020241414EEA8E0E46EA9E0601D5BDE818
:10FF40000189B619524141EB0101A3F10103BDE85A
:10FF500001894FEA144524EA05464FEA114721EA90
:10FF6000074C05FB07F406FB07F70CFB06F111EB4A
:10FF7000074144EB174405FB0CFC11EB0C4144EB2F
:10FF80001C444FEA124722EA074C05FB07F206FB26
:10FF900007F70CFB06F616EB074642EB174205FB8C
:10FFA0000CFC16EB0C4642EB1C456A1854F10001A0
:10FFB00048BF7047B619524141EB0101A3F101035B
:10FFC000704795F0000F37D04FEA114221EA024600
:10FFD0004FEA144724EA074C02FB07F106FB07F738
:10FFE0000CFB06F414EB074441EB174102FB0CFC3D
:10FFF00014EB0C4441EB1C414FEA154725EA074C32
:020000040801F1
:1000000002FB07F506FB07F70CFB06F616EB0746A7
:1000100045EB174502FB0CFC16EB0C4645EB1C426E
:10002000121951F1000148BF7047B619524141EB16
:100030000101A3F1010370474FEA144524EA054684
:100040004FEA114721EA074C05FB07F106FB07F7CA
:100050000CFB06F212EB074241EB174105FB0CFCCF
:1000600012EB0C4251EB1C414FF0000648BF7047A9
:10007000921841EB0101A3F101037047490050EAD6
:10008000C12018BF04204A0D18BF40F0010040F203
:10009000FF72B2EB515F08BF40F00200012808BFB9
:1000A000052070472DE9F0414F1E00EBC7010446C3
:1000B000D1E9000115461E4637F006020DD02A464A
:1000C000334601F033F97F1E04EBC703D3E9002365
:1000D00000F01CFE37F00602F1D1022F25D0042FCC
:1000E00013D0062F18BFBDE8F0812A46334601F031
:1000F0001DF9D4E90A2300F009FE2A46334601F02F
:1001000015F9D4E9082300F001FE2A46334601F030
:100110000DF9D4E9062300F0F9FD2A46334601F033
:1001200005F9D4E9042300F0F1FD2A46334601F035
:10013000FDF8D4E9022300F0E9FD2A46334601F038
:10014000F5F8D4E90023BDE8F04100F0DFBD000080
:10015000002213461046014900F094BE0000F03F13
:1001600000F0D4BD002213461046114600F08ABEAE
:1001700040F2013200204FF0E04101F0F6BE0000F5
:10018000024A0020110701F0F0BE000001FDFFFF50
:1001900030380A2801D20120704700207047000043
:1001A0002DE9F041C1F30A52A2F2FF362F4A304B3B
:1001B0000D460446142E2FDA002E12DA00F0A6FDAA
:1001C0000022134601F0B0F94CD2002DA4BF002448
:1001D000254647DA25F00040204318BF254D41D081
:1001E00018E0DFF894C02CFA06F705EA070C5CEA81
:1001F000040C08BFBDE8F08100F088FD0022134622
:1002000001F092F92ED2002D03DA4FF48010F04065
:100210000544BD43002425E0332EC8BFBDE8F0816E
:10022000A6F1140C4FF0FF3727FA0CF73C4208BF39
:10023000BDE8F08101F0AEF90022134601F074F937
:1002400010D2002D0DDA142E08BF6D1C09D0C6F196
:100250003400012101FA00F02044A04238BF6D1C97
:100260000446BC4329462046BDE8F0819C750088C1
:100270003CE4377E0000F0BFFFFF0F002DE9F04D9A
:100280001D460C4694B0174621F0004123F0004370
:10029000002814BF4FF0010C4FF0000C0CEB440C85
:1002A000FB4A0CEB02064FEA620C66452BD33E007C
:1002B00018BF012606EB45061644F64A964222D39D
:1002C000F54A53EA070C02D0944205D148B914B05C
:1002D00000201146BDE8F08D002808BF4FF0000C4B
:1002E00001D04FF0010C0CEB440212F5001F0AD8AC
:1002F000002F14BF4FF0010C4FF0000C0CEB450227
:1003000012F5001F07D914B03A462B462146BDE826
:10031000F04DFFF725BF0022DFF880A3002CB8BF07
:10032000534526DADFF878C36345A8BF022220DAF6
:10033000DFF864C39C451CDCDFF868C30CEB235C6E
:10034000BCF1140F08DDCCF1340627FA06FC0CFAD8
:1003500006F6BE420DD108E05FB9CCF1140623FACF
:1003600006FC0CFA06F69E4203D10CF00102C2F123
:10037000020251EA000C19D1002D17DA002C18BF27
:10038000022A01D0012A07D00220F0F77CFC14B029
:10039000BDE8F04DFFF7DCBE0220F0F774FCFFF77C
:1003A000D7FE14B081F00041BDE8F08DB7F1000C2C
:1003B0006CD1534525D104F1804212F5801201BF62
:1003C00000280020B44914B008BFBDE8F08DB24841
:1003D000884207DC002DA1BF6046294614B0BDE865
:1003E000F08D07E0002DBFBF604685F0004114B0DE
:1003F000BDE8F08DAC497944D1E9000114B0BDE805
:10040000F08DDFF894C2634525D1002D1FDA19B1B4
:10041000514512D1D8B909E0002840F0F6829F4A30
:10042000214614B062F31E01BDE8F08D0020214684
:1004300014B060F31E01BDE8F08D08DA14B0234655
:10044000BDE8F04D02460020614600F01BBD14B02F
:100450002146BDE8F08D514518DAB5F1804F0DD039
:10046000A5F1005CBCF1FF5C10D1B4F1000C0DDB18
:1004700014B06146BDE8F04D00F0F6BB234614B061
:100480000246BDE8F04D194600F050BF060024F0CA
:10049000004C3BD1D9B1514533D1002C06DD002DA4
:1004A000A1BF0020514614B0BDE8F08D002C01DD45
:1004B000002D1BDB002C13DA002D11DB012A4FF07D
:1004C000000014BF7549794914B0BDE8F08D022AC7
:1004D00018BF002C0AD0012A08D1002C06DA0AE045
:1004E000002CB8BF002D11DA012A04D0002014B06E
:1004F0000146BDE8F08D14B000204FF00041BDE88A
:10050000F08DA1F14050B0F17F601AD0012000EBD6
:10051000E47050EA020421D05F4C521E4FF0000BF1
:10052000104304BF4FF0000B614C624883427DDDF5
:10053000614A6248934229DD884217DB002D2FDB98
:1005400041E0002C00DA4AB1022A0CBF01204FF032
:10055000FF3014B0BDE8F04D00F059BE0120F0F7B7
:1005600092FB14B0BDE8F04DFFF7FCBD4A4A8A4249
:100570000CDC002D14DC0220F0F785FBFFF700FEF9
:1005800061F31E0414B02146BDE8F08D814202DA09
:10059000002D18DA04E0404B994220DD002D12DDD9
:1005A0000220F0F770FBFFF7E3FD05460E46002240
:1005B00053465846214600F0B9FE14B066F31E01BA
:1005C0002846BDE8F08D0220F0F75DFBFFF7D8FD6F
:1005D0000A46214614B062F31E01BDE8F08D0022E8
:1005E0003046614601F0C8F8064688466FF00102C1
:1005F00001F0BBFC4FF05532314B00F0CBFF3246DF
:10060000434600F093FE00222E4B00F0C3FF8A46C3
:100610003246434602901046194600F087FE534684
:10062000029A00F083FE8246324600E054E00591D3
:1006300043464FF0C040244900F078FECDE90C015C
:10064000224A214B5046059900F070FE82460191E6
:100650001F4A204B3046414600F068FE5246019B3F
:1006600001F08AF882460B4602460991DDE90C0149
:1006700000F04CFBDDE90C2300268846304601F0F3
:100680007BF85246099B00F085FF024600F07EB9D8
:10069000FFFF1F00FFFF0F000000F03F0000F07F92
:1006A0000000404301FCFFFFBE1C00000000F0FF03
:1006B0000000F0BF0000E0410000F043FFFFEF3F0B
:1006C0005555D53F0000E03F4715F73FFE822B65AB
:1006D00044DF5DF80BAE543E0020B1F5801F07DA11
:1006E00035223046614601F040FC06466FF034008A
:1006F00000EB2150A0F2FF300190C1F3130040F055
:100700007F6141F040510291FE498842D8BF0020EC
:1007100004DDFD498142C8BF012001DD0F9008E0E2
:1007200000200F900198401C01900298A0F58010C5
:1007300002900299F548784405910F9900EBC100A9
:100740001290D0E900233046059901F015F8CDE963
:100750000C011298D0E900233046059900F0D6FA32
:1007600002460B460020EA4900F08CFB0B46CDE91F
:1007700008010246DDE90C0100F0D8FD0A90E548C9
:100780008A464FF0000878440299006810904FF0B4
:10079000005040EA61010F9801EB804000F5002114
:1007A00012981191D0E90023109800F0E5FF32462D
:1007B000059B00F0EFFE4246534600F0B7FDDDE931
:1007C0001023064603914046514600F0AFFDDDE997
:1007D0000C2300F0DFFE3246039B00F0CDFFDDE985
:1007E000082300F0A3FD03910A9A12905346104685
:1007F000194600F09BFD06460246C7480B4602918B
:1008000006217844FFF74EFC029B32460591089082
:100810001046194600F08AFD059B089A00F086FDF7
:10082000064609915346404619460A9A00F06EFA68
:10083000039B129A00F07AFD3246099B00F066FA9B
:10084000CDE90801424653461046194600F06EFDB8
:1008500002460B46029104900020B04900F056FA7F
:10086000DDE9082300F052FA0E464246AB4B404603
:1008700000F082FF029B049A00F07EFFDDE908236E
:1008800000F088FE424604910290334610465146DD
:1008900000F04CFDCDE90C0153460A9A04990298E8
:1008A00000F044FD82460091334642460399129877
:1008B00000F03CFD5246009B00F028FA82460B46B1
:1008C00002460991DDE90C0100F020FADDE90C2374
:1008D00000268846304600F04FFF5246099B00F044
:1008E00059FECDE90801434632464FF060408C493D
:1008F00000F01CFD82460491DDE90801894A884B1D
:1009000000F014FD02910090434632468648874924
:1009100000F00CFD029B009A00F0F8F9844B7B4438
:100920000F9A03EBC203D3E9002300F0EFF9009024
:100930000291019800F06BFC0E9003915046029BCF
:10094000009A049900F0E2F97A4A7A440F9B02EB8C
:10095000C3030993D3E9002300F0D8F9039B0E9A4F
:1009600000F0D4F988463046039B0E9A00F004FF4D
:10097000099BD3E9002300F0FFFE5246049B00F0E0
:10098000FBFE029B009A00F005FE024600200B468B
:1009900002903846294600F0C9FC824603912B4656
:1009A00038461946029A00F0E7FE3246434600F008
:1009B000BDFC5246039B00F0A9F907468A46324621
:1009C00043462946029800F0B1FC05460E463A46D9
:1009D000534600F09BF9584A8846914221DBA8EB28
:1009E000020353EA000210D12A46334600F0C4FE47
:1009F000CDE90310514A524B3846514600F086F972
:100A0000DDE9033200F090FD21D20220F0F73BF93E
:100A1000FFF7AEFB0A46214614B062F31E01BDE8A3
:100A2000F08D484B28F000429A4210D3464A08EB1A
:100A3000020353EA00027FF4C6AD2A46334600F0B3
:100A40009BFE3A46534600F06FFD7FF6BCAD002298
:100A5000019228F000403D493D4A01EB205182427D
:100A600023DA481C4FF4801121FA00F04044394A3F
:100A7000C0F30A517A44384BA1F2FF31CB4020EA4F
:100A80000303C0F3130040F48010C1F11401C84007
:100A900012680190B8F1000FBCBF40420190284697
:100AA000314600F069FE05460E462A463346384672
:100AB000514600F02BF94FF000084246274B4046C4
:100AC000039100F033FCCDE90C01254A254B40464B
:100AD000039900F02BFC029100902A4633464046D1
:100AE000039900F049FE3A46534600F053FD1E4A72
:100AF0001E4B00F01BFC029B009A00F007F9074612
:100B0000884635E08E9803007AB60B00F618000090
:100B10000000F03F2E1900005A18000000000840A5
:100B200009C7EE3FFD033ADCF5015B14E02F3EBE42
:100B30002E170000F216000000009040FE822B6588
:100B40004715973C00CC904000346F3F01FCFFFFFD
:100B50000000E03F40160000FFFF0F00432EE63F7D
:100B6000396CA80C615C20BEEF39FAFE422EE63FDC
:100B700002460B46DDE90C0100F0C8F8DDE90C2364
:100B800005460E4600F0F8FD3A46434600F002FDE9
:100B900007462A46334605911046194600F0C6FB23
:100BA000824602462E4888460B4605217844FFF7C8
:100BB00079FA5246434600F0B9FB2A46334600F024
:100BC000E9FC80468A463A4628463146059B00F0B5
:100BD000ADFB3A46059B00F099F805910090002284
:100BE0004FF080434046514600F0C6FD0746039152
:100BF000424653462846314600F098FB3A46039B4E
:100C000000F040F9059B009A00F0B6FD2A463346F5
:100C100000F0B2FD0022134B00F0BCFC0546019829
:100C20000E4601EB00510815002810DC284631461D
:100C3000019A01F09AF9FFF721FA042808BFFFF79B
:100C40009FFA28463146019A01F08FF905460B4676
:100C500014B02A4658462146BDE8F04D00F066BB68
:100C6000E01400000000F03F2DE9F04106460F4679
:100C700000F09CFC041E0D4618BF0120284320F004
:100C80000040C0F17F6000F1E040C00F0ED0301C8A
:100C900018BF0120384320F00040C0F17F6000F110
:100CA000E040C00F04BF0120EFF7EDFF20462946CA
:100CB000BDE8F08110B500290AD00878002807D0D7
:100CC00005487844EFF738FF002801D0002010BD18
:100CD0000248784410BD0000522500004A2500005B
:100CE00010B500290AD00878002807D005487844B4
:100CF000EFF722FF002801D0002010BD0248784401
:100D000010BD0000362600002E26000010B591EA26
:100D1000030F48BF83F0004300F13685841A71EB5E
:100D2000030C05D2121943EB0C03001B61EB0C0101
:100D30004FEA1154A4EB135CDFF81CE11EEA430FE9
:100D400018BF9EEA445F00F0748021EA045123EA50
:100D50000E0343F48013DCF1200E32D322FA0CFE92
:100D600010EB0E0023FA0CFE41EB0E01CCF1200E2D
:100D700003FA0EFE10EB0E00CCF1200E51F1000133
:100D8000B1F5801F32D201EB045112FA0EF2BDE828
:100D9000104058BF7047401C38BF5FEA420218BF7E
:100DA0007047002814BF20F0010041F100014FEA14
:100DB000410313F5001F38BF7047A1F1C04100F097
:100DC000ADBB012A43EB0302ACF1200CDCF11F0E9A
:100DD00032BF4FF0000E23FA0CF310EB030041EB8F
:100DE0000451B4EB115FD0D0A1EB045101F5801197
:100DF000490801EB04515FEA30000ED350F10000C6
:100E000038BF12FA0EFE08D1BDE81040C9E7401CF9
:100E100038BF5FEA4202CAD1C3E7BDE810404FEADB
:100E2000410313F5001F38BF7047A1F1C04100F026
:100E300075BB9EEA445F08D011EA5E0FBDE8104022
:100E400004BF01F0004100207047BDE8104070B5BC
:100E500000F016FB64FBBE3E0000E0FF02494FF0CD
:100E6000000001F050B800BF0000F87F491058BFE3
:100E7000C1F140415B1058BFC3F140438B42EFF3D7
:100E8000008070472DE9C04130B4DFF8A4C23CEACD
:100E9000111418BF3CEA131400F0ED801CEA111481
:100EA00081EA030544EAD57418BF1CEA131500F063
:100EB000C880A4EB050404F17F7404F500344FF0FE
:100EC000004545EAC12145EAC32341EA505143EABE
:100ED00052534FEAC0204FEAC222994208BF9042C3
:100EE00000F09D804FEA13650FF24416765D4FEADD
:100EF000134506FB05F7C7F1807706FB07F74FEAB6
:100F0000D737A7FB03687642A7FB06CEC8F5803823
:100F100038BFA8F1010807FB08E6A6FB028C4FF0DA
:100F2000000EE6FB03CEDCF1000CCEF1004E38BF24
:100F3000AEF1010EA6FB0C584FF00007E6FB0E8742
:100F4000A1FB08C6A0FB07CE16EB0E064FF000056E
:100F500045F10005E1FB076515F1E04E7EBFA4F504
:100F600080345FEA46066D4116F1800745F10005C1
:100F70004FEA172747EA05674FEA15254FEA066645
:100F8000A6F1DE46B6F1805F20D9384605EBC47184
:100F900024F0010C01EB0C11BCF1FE6F02D8F0BC87
:100FA000BDE8008124425CBF01F5801E9EEAC47F3B
:100FB00002D4F0BCBDE80081244200F13980A1F1E7
:100FC000C041F0BCBDE8004100F0A8BA4FEAD02013
:100FD00040EA41504FEAD1214FEAD22242EA43523D
:100FE0004FEAD323A7FB028607FB036605FB0266D5
:100FF0001EEA0E0F58BFA6EB0056B6EB00564FEA9E
:10100000520E4EEAC37E18EB0E0E56EB530EBCD5B5
:1010100018EB02085E417F1C55F10005B5E74FF45F
:1010200080154FF000074FF000064FF00008ACE7C6
:1010300001F1C04101F000414FF00000F0BCBDE8FB
:1010400000810CEA131511EA0C1F00D00CE013EA22
:101050000C1F00F026804FF0000081EA030101F030
:101060000041F0BCBDE80081F0BCBDE8004181EA70
:10107000030100F053BAF0BCBDE8004170B500F0C8
:10108000FFF900BF097EFC3E00F007B84FF00000FA
:1010900081EA030101F00041704781EA030100F099
:1010A0003DBAF0BCBDE8004122494FF00000704756
:1010B000FFFDFBF9F7F5F4F2F0EEEDEBE9E8E6E41D
:1010C000E3E1E0DEDDDBDAD8D7D5D4D3D1D0CFCDA4
:1010D000CCCBCAC8C7C6C5C4C2C1C0BFBEBDBCBBDD
:1010E000BAB9B8B7B6B5B4B3B2B1B0AFAEADACABD8
:1010F000AAA9A8A8A7A6A5A4A3A3A2A1A09F9F9EB2
:101100009D9C9C9B9A999998979796959594939363
:10111000929191908F8F8E8E8D8C8C8B8B8A8989FA
:10112000888887878685858484838382828181807D
:101130000000FF070000F87F51EA030C17D41CF5EC
:10114000801F58BFBCF5801F00F10680994218BF70
:10115000704708BF9042704707D711F5801F58BFEE
:1011600013F5801F19D499427047894270471CF5C6
:10117000801F08D5BCF5801FF7D58B4218BF70477C
:1011800008BF824270474FF4001C1CEB410F38BF70
:101190001CEB430F01D28B42704770B500F070F921
:1011A000922449004FF000514FF08053FFF75EBE8C
:1011B0004FEA41034FEA5353A3F58063D3F11E0373
:1011C000C8BFD3F1210C0CDD4FF0004242EAC1222E
:1011D00042EA505232FA03FC8CEAE17CACEBE1705B
:1011E0007047102BC4BF0020704703F5787CBCF11A
:1011F000FF3F04D06FF0004282EA2100704770B5D3
:1012000000F03EF94992248000207047F2E710F088
:10121000004248BF4042B0FA80F310FA03F10AD00E
:10122000C3F11D0303F5806302EB03524FEA415003
:1012300002EBD12170474FF00000704751EA030CD8
:1012400017D41CF5801F58BFBCF5801F00F1068025
:10125000994218BF704708BF9042704707D711F5F1
:10126000801F58BF13F5801F19D4994270478942D7
:1012700070471CF5801F08D5BCF5801FF7D58B4241
:1012800018BF704708BF824270474FF4001C1CEB28
:10129000410F38BF1CEB430F01D28B42704770B532
:1012A00000F0EEF8922449004FF080514FF00053C7
:1012B000FFF7DCBD51EA030C17D41CF5801F58BFA3
:1012C000BCF5801F00F10680994218BF704708BF27
:1012D0009042704707D711F5801F58BF13F5801F44
:1012E00019D499427047894270471CF5801F08D570
:1012F000BCF5801FF7D58B4218BF704708BF8242EC
:1013000070474FF4001C1CEB410F38BF1CEB430F20
:1013100001D28B42704770B500F0B2F892244900B8
:101320004FF000514FF08053FFF7A0BD70B5DFF8CC
:1013300048C11CEA111E1EBF1CEA13159EEA0C0FC1
:1013400095EA0C0F00F06F8081EA03044EEAD47E28
:10135000AE4421EA4C1123EA4C1341F4801143F4CA
:101360008013AEF17F7EA1FB024CA0FB0365361912
:1013700055EB0C05A1FB034C4CF10003A0FB021C38
:1013800016EB0C06654153F10003094218BF46F005
:10139000010613F4007F0BD14FEA03314FEA053009
:1013A00041EA155140EA165034036FF003020AE097
:1013B0004FEAC3214FEAC52041EA555140EA565051
:1013C000F4026FF0020202EB2E4201EB025585EAB5
:1013D000CE710AD05FEA440C18BF24F0004450F1EB
:1013E000000041F1000120EAD47040F2FE7C624529
:1013F00000D270BDA84214BF4FF080444FF040446B
:10140000002E08BF0024BEF1806FA8BFA1F1C0412B
:10141000BDE8704080F2828001F1C04101F00041DE
:101420004FF0000070470CEA13159EEA0C0F18BF2E
:1014300095EA0C0F06D081EA030E4FF000000EF083
:10144000004170BD00F01CF88900013E00F007B8B3
:1014500000F009B84FEA430C5FEA5C5C08D081EA0F
:10146000030100F05BB84FEA410C5FEA5C5CF6D127
:1014700002494FF0000070470000FF070000F87FAE
:101480000EF1020E2EF0030E5EF8046B364205D408
:10149000012A43EB030515F5001F12D8012841EB83
:1014A000010C1CF5001F0CD80ED14FEAD17C0CEBBF
:1014B0004C0C0CF1020C15F5001F08BF4CEBD37C53
:1014C00004E04FF0080C01E04FEAD37C0CEB4C0534
:1014D00026FA05F606F00706B6F1040C06D20EEB66
:1014E000860CBDE870404CF0010C6047DFE80CF062
:1014F000090B02024FF00041A1F500214FF000005E
:1015000070BD19461046012851EB010418BFD4F5EF
:10151000001484BF002001F0004170BD0808A0F550
:1015200000114FEA3101704753EA010C17D41CF542
:10153000801F58BFBCF5801F00F106808B4218BF8A
:10154000704708BF8242704707D713F5801F58BF06
:1015500011F5801F19D48B4270479B4270471CF5D0
:10156000801F08D5BCF5801FF7D5994218BF70477A
:1015700008BF904270474FF4001C1CEB430F38BF6C
:101580001CEB410F01D2994270470FB40CBC03BC55
:10159000FFF7C1BE10B591EA030F81F000413FF59E
:1015A000BDAB83F0004300F0EFB800002DE9F0413F
:1015B00001F5801CBCF5001FC0F2C3804FEA115C2E
:1015C00021EA0C5141F480110CF1FD0C5FEA5C0C36
:1015D0000CF5C07C01D340004941890241EA905199
:1015E00087023BA48E0EA45D0A0C04FB04F602FBEA
:1015F00006F6C6F14046A4FB0662F60D46EA422610
:1016000006FB06F4A4FB01235242C3F1404338BF5A
:101610005B1EA6FB02420024E6FB0324D20B42EA37
:101620004446A6FB0623A1FB02E2A3FB07E4A418A1
:101630004FF0000252F10002E3FB01426442C2F1AA
:10164000404E38BFAEF1010EA6FB04234FF000025E
:10165000E6FB0E32A2FB0346B6194FF0000454F12C
:101660000004E2FB0264A1FB06E6A4FB07E816EB1C
:1016700008064FF0000858F10008E4FB01687642C4
:10168000C8F1405838BFA8F10108A2FB06E4A3FB4B
:1016900008E52D194FF0000454F10004E2FB085452
:1016A000A1FB05E6A7FB04E818EB06084FF00006CF
:1016B00056F10006E1FB048618F1200556F10006FC
:1016C000A80940EA8660B109A8F11B0808F03F08A4
:1016D000B8F10A0F1CD901EB0C51BDE8F08100BF35
:1016E000FCF5EEE8E2DDD8D3CFCBC7C3C0BDB9B6B9
:1016F000B4B1AEACA9A7A5A3A19F9D9B9A989695BE
:101700009392908F8D8C8B89888786858483828144
:10171000A0FB006800FB01F208EB4208B8EB872849
:1017200007D5341858EB0104D5D5401C51F1000100
:10173000D1E7341A78EB0104CDD4401E71F10001D9
:10174000C9E75FEA4C0C5FEA9C5C0DD105D301F060
:1017500000414FF00000BDE8F081BDE8F04170B5F8
:10176000FFF78EFE6DDBFFBEBDE8F04101494FF093
:10177000000070470000F87F10B591EA030F48BFE2
:1017800083F000433FF5CAAA841A71EB030C07D219
:101790008CF0004C121943EB0C03001B61EB0C01A5
:1017A0004FEA1154A4EB135CDFF8A4E11EEA430FE7
:1017B00018BF9EEA445F00F0B48021EA045123EA96
:1017C0006E035242C3EB6E0338BF5B1EDCF1200E8A
:1017D00025D322FA0CFE10EB0E0043FA0CFE41EB6F
:1017E0000E01CCF1200E03FA0EFE10EB0E00CCF130
:1017F000200E51F1000129D401EB045112FA0EF22E
:10180000BDE8104058BF7047401C1CBFB2F1004FEC
:10181000704700280CBF491C20F00100704712EBF4
:10182000020E43EB030218BF4FF0010E4EEA4202D4
:10183000ACF1200CDCF11E0E56D943FA0CFE10EB75
:101840000E00CCF11E0E51F1FF31D5D50EF1010E77
:1018500012FA0EFE404141EB010101EB445C5FEAEC
:101860005C5C10D901EB045110EBDE7038BFBEF1A7
:10187000004FBDE8104018BF704700280CBF491C3E
:1018800020F00100704734D24FEAD42C24F40064D5
:1018900011F500111BD0B1FA81F20B3AA41AA41E63
:1018A000D2F12003914030FA03F31943904001EB49
:1018B000CC7101EB0451002CBDE81040A8BF70476B
:1018C00001F1C04101F000414FF000007047B0FA53
:1018D00080F310FA03F102D1BDE810407047E41A1A
:1018E000173C4805C90AE2E701EB0451BDE8104086
:1018F000704749104FEA300001EB0451BDE8104039
:1019000002E04FF0000170474A0008BF0042F8D0E3
:10191000B2F5001F28BF704701F000414FF00000F2
:1019200070479EEA445F07D011EA5E0FBDE81040A1
:1019300004BF002100207047BDE8104070B5FFF7DC
:101940009FFD00BF40DFF63E104683F00041704728
:101950000000E0FF90EA010F48BF81F0004100F174
:101960006282421A3CBF801A89184FEAD052A2EB19
:10197000D1534FF07F4C1CEA410F18BF9CEA026F15
:1019800000F03B804FF0004C4CEA00204CEA012173
:1019900021FA03FC10EB0C0C1ED202F1FF325FEABD
:1019A0001C2040EBC25038BF70471CF07F0F4FEA3D
:1019B000400C18BFBCF17F4F38BF7047C3F1200304
:1019C000994008BF20F00100BCF17F4F38BF70473D
:1019D000A0F1C04000F01BBA4FEA3C00000A40EB07
:1019E000C25028BF1CF0FF0F4FEA400CE6D018BFD2
:1019F000BCF17F4F38BF7047EAE79CEA026F05D021
:101A000010EA5C0F08BF00F00040704710B500F00E
:101A1000B8F900BF64FBBE3E10B5FFF78DFB0CBFED
:101A20000120002010BD10B5FFF786FB14BF012078
:101A3000002010BD10B5FFF701FC8CBF0120002075
:101A400010BD10B5FFF7FAFB2CBF0120002010BD20
:101A500010B5FFF72FFC94BF0120002010BD10B57A
:101A6000FFF728FC34BF0120002010BD4FF47F0C8D
:101A70001CEAD0121EBF1CEAD11392EA0C0F93EAA3
:101A80000C0F00F0858090EA010F48BF42F480728D
:101A900040F4000C41F400002CF07F4120F07F4026
:101AA00000B5A2EB030281420FF2081CACEB504ED2
:101AB0009EF800E0C0F100004FEA4E0E00FB0EFC65
:101AC00038BF49004FEA2C1C0CFB0EF34FEACE1E28
:101AD0000EEB635E4FEA112C0EFB0CFC4FEAC121AA
:101AE0004FEA1C5300FB031102F5FA024FEA112CD6
:101AF0000EFB0CFC4FEA01314FEADC4C00FB0C11F1
:101B000042EB2242C14228BF09184CEB03335DF877
:101B100004EB10EB410143EBC250B2F57C0F38BF30
:101B2000704729D512F0F00F1CBF00F1C04000F043
:101B300000407047008182838485868788898B8CEA
:101B40008D8E8F919293959697999A9C9D9FA0A226
:101B5000A3A5A7A8AAACAEB0B2B3B5B7B9BCBEC076
:101B6000C2C5C7C9CCCED1D4D7D9DCDFE2E6E9EC17
:101B7000F0F3F7FAFE0000004FEA400C0CF1807C15
:101B8000BCF17E4F28BF7047B0F1C04000F03FB9B4
:101B90000CEAD11390EA010F48BF42F4807262450B
:101BA00038BF634507D213F47F0F16D080EA0100D7
:101BB00000F00040704710B500F0E3F8097EFC3EED
:101BC00000F005B880EA010000F00040704780EAAC
:101BD000010000F0004000F01AB912F47F0F04BFBA
:101BE0000248704780EA010000F011B90000C07F90
:101BF00041000B0ED3F19E0208D950F400034FEAC6
:101C0000032323FA02F048BF4042704710B500F0AA
:101C1000B8F800BF49922480002070476FF000425E
:101C200082EA20007047000010F0004148BF4042A7
:101C3000B0FA80F310FA03F2C3F19D030BD051EA1E
:101C4000C35101EB1220530638BF704700F1010069
:101C500008BF20F001007047B0FA80F310FA03F2D9
:101C6000C3F19D030AD0D90501EB1220530638BFFA
:101C7000704700F1010008BF20F00100704700002C
:101C80004FF47F0C1CEAD0121EBF1CEAD11392EA5B
:101C90000C0F93EA0C0F00F0478090EA010F48BF49
:101CA00042F480724FF0004C4CEA00204CEA0121D3
:101CB00002EB0302A0FB0113A2F50002002918BFEA
:101CC00043F001035B0028BF4FEA330342EB22429B
:101CD0005FEA132C4CEBC2502EBFBCEB436FB2F546
:101CE0007C0F70474FEA036CBCF1004F08BF20F037
:101CF0000100B2F57C0F38BF70470BD582F0FF02B0
:101D000012F5803FC8BF704700F1C040D8BF00F057
:101D10000040704700F5000C5FEA4C0C48BF70476C
:101D2000B0F1C04000F073B80CEAD11390EA010F93
:101D300048BF42F48072624538BF634504D280EAEE
:101D4000010000F00040704710B500F01AF800BF25
:101D50008900013E00F007B800F009B85FEA410CC5
:101D60005FEA1C6C08D080EA010000F050B85FEA1E
:101D7000400C5FEA1C6CF6D14FF00040A0F58000EB
:101D800070470EF1020E2EF0030E5EF8044B244253
:101D900004D44FEA4102B2F17F4F11D84FEA400319
:101DA000B3F17F4F0CD80ED14FEAD07C0CEB4C0C2A
:101DB0000CF1020CB2F17F4F08BF4CEBD17C04E078
:101DC0004FF0080C01E04FEAD17C0CEB4C0324FAF5
:101DD00003F404F00704B4F1040C06D20EEB840CF7
:101DE000BDE810404CF0010C6047DFE80CF007083C
:101DF00002024FF00040A0F5800010BD08464200EE
:101E000018BFD2F1807288BF00F0004010BDFF21E2
:101E100041EAD050C005704790EA010F48BF81F0F9
:101E200000413FF59EAD421A04D882F00042A0EB7B
:101E3000020011444FEAD052A2EBD1534FF07F4C35
:101E40001CEA410F18BF9CEA026F4AD04FF0004CC9
:101E50004CEA00204CEA012121FA03FCB0EB0C0C07
:101E60000FD412F0FE0F36D05FEA4C001DD50012E1
:101E700040EBC25038BF70471CF03F0F18BF70478F
:101E80000BE05FEA1C20A2F1010240EBC25038BF18
:101E900070471CF07F0F18BF7047C3F120039940B3
:101EA00014BF401E20F0010070474FEA1223800843
:101EB00008BF7047B0FA80FCA2EB0C02CCF1280CF2
:101EC00060FA0CF093EA122F04BF00EBC250704787
:101ED0004FEAC3707047130A5FEADC1008BF70470F
:101EE000F6E79CEA026F04D010EA5C0F08BF0020FE
:101EF000704710B5FFF745FF40DFF63E81F0004028
:101F00007047EEF7F7BF0CF00F03092B08BF08204E
:101F100000F059800A2B0BD0082B18BF704708BF60
:101F20001CF0400F0AD04FF000004FF00001704746
:101F30001CF0400F18BF4FF0004070471CF0100F0E
:101F400008D000F07F4220F0704342EAD3014FEA0C
:101F50004370704700F0604021F07F4242EA000287
:101F600001F07F4040EA727070474FF0FF0C4CF474
:101F7000E06C1CEA11531CBF9CEA030C9445C2BFE1
:101F8000DA4201EB02517047002B0DD0BCF1000F7B
:101F90000FD001F00041002AA4BF41F0E04141F020
:101FA0007F614FF00000704701F000414FF00000EA
:101FB000704750EA01334FF09B0C18BF4CF0806C17
:101FC0007EF44CAF70471CF4801F11D01CF4E02F3E
:101FD00003D06FEACC31490070474FF04050EFF327
:101FE000008222F0704242EA000282F300887047C9
:101FF0004FF00000704730313233343536373839DE
:102000004142434445464030580030313233343544
:1020100036373839616263646566403078000400A1
:102020000008000000000000000200010000100095
:10203000000000000000F03F000000000000F83F3A
:1020400000000000000000000000004003B8E23F74
:10205000000000000000000006D0CF43EBFD4C3E26
:10206000033333333333E33FFFAB6FDBB66DDB3F1B
:102070004D268F515555D53F01411DA96074D13F63
:1020800065DBC9934A86CD3FEF4E454A287ECA3F5D
:102090003E5555555555C53F93BDBE166CC166BFDF
:1020A0002CDE25AF6A56113FF16BD2C541BDBBBED8
:1020B000D0A4BE726937663E000000000000000038
:1020C00002400000000000A00000000005400000E9
:1020D000000000C8000000000C4000000000409C10
:1020E00000000000194000000020BCBE00000000FD
:1020F00034400000BFC91B8E00000004B540000042
:10210000504BCFD06607E2CF010000006C410000C9
:102110003E8251AADFEEA73401000000D942000040
:10212000DCB5A0E23A301F97FFFFFFFFB445000087
:10213000FD25A0C8E9A3C14FFFFFFFFFFF3F00003F
:102140000000008000000000FF3F00000000008051
:1021500000000000862A0108B62A0108C22A0108E8
:102160003A2A0108562A01082B2A0108472A0108A1
:102170009D2A0108AA2A0108922A010800000000ED
:102180000100000002000000030000000400000045
:102190000000000000000000010203040607080917
:1021A000000000000102030401020000010002001F
:1021B0000100030001000200010004000100020010
:1021C00001000300010002000100050001000200FF
:1021D00001000300010002000100040001000200F0
:1021E00001000300010002000100060001000200DE
:1021F00001000300010002000100040001000200D0
:1022000001000300010002000100050001000200BE
:1022100001000300010002000100040001000200AF
:10222000010003000100020001000700010002009C
:10223000010003000100020001000400010002008F
:10224000010003000100020001000500010002007E
:10225000010003000100020001000400010002006F
:10226000010003000100020001000600010002005D
:10227000010003000100020001000400010002004F
:10228000010003000100020001000500010002003E
:10229000010003000100020001000400010002002F
:1022A0000100030001000200010000000000000026
:1022B000963007772C610EEEBA51099919C46D0753
:1022C0008FF46A7035A563E9A395649E3288DB0EAE
:1022D000A4B8DC791EE9D5E088D9D2972B4CB60991
:1022E000BD7CB17E072DB8E7911DBF906410B71D6E
:1022F000F220B06A4871B9F3DE41BE847DD4DA1AA7
:10230000EBE4DD6D51B5D4F4C785D38356986C13D7
:10231000C0A86B647AF962FDECC9658A4F5C011450
:10232000D96C0663633D0FFAF50D088DC8206E3B2E
:102330005E10694CE44160D5727167A2D1E4033C40
:1023400047D4044BFD850DD26BB50AA5FAA8B53567
:102350006C98B242D6C9BBDB40F9BCACE36CD83256
:10236000755CDF45CF0DD6DC593DD1ABAC30D926FD
:102370003A00DE518051D7C81661D0BFB5F4B42100
:1023800023C4B3569995BACF0FA5BDB89EB80228FD
:102390000888055FB2D90CC624E90BB1877C6F2F82
:1023A000114C6858AB1D61C13D2D66B69041DC767D
:1023B0000671DB01BC20D2982A10D5EF8985B17156
:1023C0001FB5B606A5E4BF9F33D4B8E8A2C9077805
:1023D00034F9000F8EA8099618980EE1BB0D6A7F9C
:1023E0002D3D6D08976C6491015C63E6F4516B6B55
:1023F00062616C1CD83065854E0062F2ED95066C0A
:102400007BA5011BC1F4088257C40FF5C6D9B0657E
:1024100050E9B712EAB8BE8B7C88B9FCDF1DDD62DB
:10242000492DDA15F37CD38C654CD4FB5861B24D41
:10243000CE51B53A7400BCA3E230BBD441A5DF4A0B
:10244000D795D83D6DC4D1A4FBF4D6D36AE96943CE
:10245000FCD96E34468867ADD0B860DA732D044479
:10246000E51D03335F4C0AAAC97C0DDD3C710550A4
:10247000AA41022710100BBE86200CC925B568574B
:10248000B3856F2009D466B99FE461CE0EF9DE5E94
:1024900098C9D9292298D0B0B4A8D7C7173DB35945
:1024A000810DB42E3B5CBDB7AD6CBAC02083B8EDD6
:1024B000B6B3BF9A0CE2B6039AD2B1743947D5EAE3
:1024C000AF77D29D1526DB048316DC73120B63E312
:1024D000843B64943E6A6D0DA85A6A7A0BCF0EE471
:1024E0009DFF099327AE000AB19E077D44930FF02C
:1024F000D2A3088768F2011EFEC206695D5762F723
:10250000CB67658071366C19E7066B6E761BD4FE5F
:10251000E02BD3895A7ADA10CC4ADD676FDFB9F93C
:10252000F9EFBE8E43BEB717D58EB060E8A3D6D6FE
:102530007E93D1A1C4C2D83852F2DF4FF167BBD12C
:102540006757BCA6DD06B53F4B36B248DA2B0DD82F
:102550004C1B0AAFF64A0336607A0441C3EF60DFD2
:1025600055DF67A8EF8E6E3179BE69468CB361CBBB
:102570001A8366BCA0D26F2536E2685295770CCCE0
:1025800003470BBBB91602222F260555BE3BBAC521
:10259000280BBDB2925AB42B046AB35CA7FFD7C212
:1025A00031CFD0B58B9ED92C1DAEDE5BB0C2649B03
:1025B00026F263EC9CA36A750A936D02A906099C36
:1025C0003F360EEB8567077213570005824ABF95A9
:1025D000147AB8E2AE2BB17B381BB60C9B8ED2922C
:1025E0000DBED5E5B7EFDC7C21DFDB0BD4D2D38683
:1025F00042E2D4F1F8B3DD686E83DA1FCD16BE81F6
:102600005B26B9F6E177B06F7747B718E65A0888C6
:10261000706A0FFFCA3B06665C0B0111FF9E658F57
:1026200069AE62F8D3FF6B6145CF6C1678E20AA001
:10263000EED20DD75483044EC2B30339612667A787
:10264000F71660D04D476949DB776E3E4A6AD1AED6
:10265000DC5AD6D9660BDF40F03BD83753AEBCA965
:10266000C59EBBDE7FCFB247E9FFB5301CF2BDBDD2
:102670008AC2BACA3093B353A6A3B4240536D0BADB
:102680009306D7CD2957DE54BF67D9232E7A66B378
:10269000B84A61C4021B685D942B6F2A37BE0BB425
:1026A000A18E0CC31BDF055A8DEF022D020304051A
:1026B000060708090A0B0C0D0E0F1010862A0108D8
:1026C0000000FF0000000000B62A01080000FF0023
:1026D00000000000C22A01080000FF000000000006
:1026E0003A2A01080000FF0000000000562A0108F5
:1026F00000FF0000000000002B2A01080000FF007E
:1027000000000000472A01080000FF000000000050
:102710009D2A01080000FF0000000000AA2A01080D
:10272000FF00000000000000922A01080000FF00E6
:1027300000000000CD2A0108E52F0108000000007C
:102740006C6973745F6D656D006C697374206D6581
:102750006D6F727920757361676520696E666F723F
:102760006D6174696F6E0068656C6C6F0073617980
:102770002068656C6C6F20776F726C640076657290
:1027800073696F6E0073686F772052542D546872AE
:102790006561642076657273696F6E20696E666F1D
:1027A000726D6174696F6E005F5F636D645F766503
:1027B0007273696F6E0073686F772052542D54687E
:1027C000726561642076657273696F6E20696E66EA
:1027D0006F726D6174696F6E006C6973745F746899
:1027E00072656164006C69737420746872656164F9
:1027F000005F5F636D645F6C6973745F74687265BA
:102800006164006C69737420746872656164006C43
:102810006973745F73656D006C6973742073656DA3
:102820006170686F726520696E2073797374656D6D
:10283000005F5F636D645F6C6973745F73656D00E7
:102840006C6973742073656D6170686F726520695F
:102850006E2073797374656D006C6973745F74694D
:102860006D6572006C6973742074696D657220699E
:102870006E2073797374656D005F5F636D645F6C68
:102880006973745F74696D6572006C697374207428
:10289000696D657220696E2073797374656D006C63
:1028A000697374006C69737420616C6C2073796D4A
:1028B000626F6C20696E2073797374656D005F5F61
:1028C000636D645F68656C700052542D5468726566
:1028D0006164207368656C6C2068656C702E005FA5
:1028E0005F636D645F7073004C6973742074687209
:1028F0006561647320696E207468652073797374F0
:10290000656D2E005F5F636D645F66726565005381
:10291000686F7720746865206D656D6F72792075BA
:102920007361676520696E207468652073797374BC
:10293000656D2E007267625F676E5F7461736B5FB7
:1029400074696420746872656164206973206E6FB5
:102950007420737461727465640A007267625F67E1
:102960006E5F7461736B5F74696420746872656113
:102970006420697320616C7265616479207374618D
:10298000727465640A007267625F626F64795F7473
:1029900061736B5F74696420746872656164206937
:1029A0007320616C726561647920737461727465FF
:1029B000640A00E8BE93E585A5E79A84E9A29CE84D
:1029C00089B2E5AD97E7ACA6E4B8B23A2025730A20
:1029D00000E68F90E58F96E9A29CE889B2203078D6
:1029E0002530365820E5AE8CE68890EFBC8CE4BFED
:1029F0009DE5AD98E588B02025730A0073657443A2
:102A00006F6C6F72546F456E760A00E8A7A3E69E5E
:102A100090E9A29CE889B2E5AD97E7ACA6E4B8B22C
:102A2000E5A4B1E8B4A5EFBC810A00636972636CE8
:102A3000655F636F6C6F725F3100776176795F639A
:102A40006F6C6F725F3100636972636C655F636F97
:102A50006C6F725F3200776176795F636F6C6F7253
:102A60005F32005B232536732C20232536735D00EF
:102A70005B232536735D00636F6D6D616E6450611D
:102A80007273696E670062617369635F636F6C6F15
:102A90007200626972645F636F6C6F720063656E6F
:102AA0007465725F636F6C6F720077696E67735FD6
:102AB000636F6C6F720063686573745F636F6C6FD4
:102AC0007200626F64795F636F6C6F7200626F6F28
:102AD000745F74696D657300E68890E58A9FE88E7F
:102AE000B7E58F96E9A29CE889B22025733A203099
:102AF00078253036580A00E88EB7E58F96E9A29C13
:102B0000E889B220257320E5A4B1E8B4A5EFBC8C18
:102B1000E4BDBFE794A8E9BB98E8AEA4E580BC207B
:102B20003078253036580A006D61696E00284E55A0
:102B30004C4C290068617264206661756C74206F6A
:102B40006E2068616E646C65720D0A0D0A00686122
:102B50007264206661756C74206F6E207468726593
:102B600061643A2025730D0A0D0A006D656D206DB4
:102B7000616E616765206661756C743A0A007573F1
:102B8000616765206661756C743A0A00627573202E
:102B90006661756C743A0A005343422D3E424641C9
:102BA000523A253038580A005343422D3E4D4D418C
:102BB000523A253038580A006661696C656420769F
:102BC0006563746F722066657463680A0064656289
:102BD0007567206576656E740A007230303A203071
:102BE00078253038780A007230313A203078253034
:102BF00038780A007230323A203078253038780A36
:102C0000007230333A203078253038780A0072303C
:102C1000343A203078253038780A007073723A20C0
:102C20003078253038780A00494E565043200055F8
:102C30004E414C49474E45442000494E565354415D
:102C4000544520004441434356494F4C20004941DC
:102C5000434356494F4C200044495642595A455225
:102C60004F20004E4F435020004D53544B4552527D
:102C700020004D554E53544B4552522000494D5063
:102C800052454349534552522000494255534552FB
:102C9000522000554E444546494E5354522000534D
:102CA00043425F434653525F424653523A3078257F
:102CB00030325820005343425F434653525F4D46E3
:102CC00053523A30782530325820005343425F4304
:102CD0004653525F554653523A3078253032582089
:102CE000005247425F4C454420737472756374759B
:102CF000726520706F696E746572206973204E551D
:102D00004C4C2E0A00E58685E5AD98E4B88DE8B612
:102D1000B3EFBC8CE8AFB7E6B182E5A4A7E5B08F0E
:102D2000EFBC9A256C752CE99D99E68081E7BC93F0
:102D3000E586B2E58CBAE5A4A7E5B08F3A256C75B7
:102D40000A00596F752063616E206765742074688E
:102D500065206C61746573742076657273696F6E3B
:102D6000206F6E2068747470733A2F2F67697468CF
:102D700075622E636F6D2F61726D696E6B2F456189
:102D80007379466C617368202E0A00456173794639
:102D90006C6173682056257320697320696E6974AD
:102DA00069616C697A65206661696C2E0A005761F9
:102DB000726E696E673A20536563746F722068653E
:102DC0006164657220636865636B206661696C6528
:102DD000642E20466F726D6174207468697320736D
:102DE0006563746F722028307825303878292E0A70
:102DF00000416C6C6F636174696E6720454E5620AC
:102E000066726F6D20656D70747920736563746F81
:102E100072732E2E2E0A00454E562069736E27744B
:102E200020696E697469616C697A65204F4B2E0A5E
:102E3000004661696C656420746F20616C6C6F631F
:102E400061746520454E562E0A00547269676765A5
:102E500072696E67206761726261676520636F6C7B
:102E60006C656374696F6E2061667465722066615B
:102E7000696C656420454E5620616C6C6F636174AB
:102E8000696F6E2E0A0028257329206861732061FE
:102E90007373657274206661696C65642061742067
:102EA00025732E0A00466F756E6420616E20454EB4
:102EB000562028252E2A73292077686963682068A0
:102EC0006173206368616E6765642076616C756507
:102ED000206661696C65642E204E6F772077696C7F
:102EE0006C207265636F766572792069742E0A00B2
:102EF0005761726E696E673A20416C6C6F63206136
:102F00006E20454E56202873697A65202564292055
:102F10006661696C6564207768656E206E657720F0
:102F2000454E562E204E6F772077696C6C204743B4
:102F3000207468656E2072657472792E0A0057617C
:102F4000726E696E673A204D6F76656420616E20FF
:102F5000454E56202873697A6520256429206661CC
:102F6000696C6564207768656E207265636F76654D
:102F700072792E204E6F772077696C6C2047432042
:102F80007468656E2072657472792E0A00454E561B
:102F900020616C6C6F63617465642061742061648E
:102FA00064726573733A203078253038580A0045CA
:102FB00072726F723A2054686520454E56207369CC
:102FC0007A6520697320746F6F206269670A0061F7
:102FD000646472202520534543544F525F53495A2D
:102FE00045203D3D203000726561645F7365637408
:102FF0006F725F6D6574615F64617461002E2E2F66
:10300000436F72652F5372632F65665F656E762E10
:10301000630065665F656E765F7365745F646566A1
:1030200061756C740066616C73650074727565001F
:103030006E756C6C004661696C656420746F2070FD
:1030400061727365204A534F4E0A00696400676ECF
:103050004D6F6465006D6F6465006D6F64655479D4
:10306000706500636F6C6F7273006465616374698F
:1030700076617465640A00252D2A2E7320707269AA
:1030800020207374617475732020202020207370B9
:103090002020202020737461636B2073697A65207F
:1030A0006D61782075736564206C65667420746941
:1030B000636B20206572726F720A0020696E6974FA
:1030C0002020200020636C6F736520200020726533
:1030D000616479202000252D2A2E2A73203078253E
:1030E0003038782030782530387820002D00207353
:1030F000757370656E64002072756E6E696E670020
:1031000052542D546872656164207368656C6C203C
:10311000636F6D6D616E64733A0A00252D313673ED
:10312000202D2025730A005F5F636D645F00080037
:1031300025630000B5F00008ADF00008A5F1000817
:10314000A9F00008E1750008B1F000084027010867
:103150004927010859840008672701086D270108DD
:10316000098000087D270108852701089DF60008D1
:10317000A8270108B62701089DF60008D9270108ED
:10318000E527010831870008F12701080328010815
:10319000318700080F28010818280108C984000891
:1031A0003128010840280108C9840008592801086D
:1031B00064280108A5890008792801088A280108DF
:1031C000A58900089F280108A4280108D1830008C8
:1031D000BE280108C9280108F5990008DF28010860
:1031E000E8280108B9560008042901080F29010838
:1031F000AD560008403301080000002088000000A0
:103200006C010008C8330108880000203059000014
:10321000880100081001000043000000F8FFFFFFD4
:1032200000404040404040404040414141414140D9
:10323000404040404040404040404040404040408E
:10324000400502020202020202020202020202021D
:103250000220202020202020202020020202020222
:10326000020290909090909010101010101010107A
:103270001010101010101010101010100202020286
:1032800002028888888888880808080808080808CA
:1032900008080808080808080808080802020202C6
:1032A00040000000000000000000000000000000DE
:1032B000000000000000000000000000000000000E
:1032C00000000000000000000000000000000000FE
:1032D00000000000000000000000000000000000EE
:1032E00000000000000000000000000000000000DE
:1032F00000000000000000000000000000000000CE
:1033000000000000000000000000000000000000BD
:1033100000000000000000000000000000000000AD
:10332000000000001C00000043000000F8FFFFFF49
:103330000C0000000E0000000F0000002E00000036
:103340000100000006000000020000000300000071
:103350000400000005000000060000000700000057
:1033600008000000010000001000000045030008F4
:10337000A303000800127A000000FF0000A5FF0070
:1033800000FFFF0000FF0000FFFF0000FF00000043
:10339000800080000100000058000020580000203C
:1033A0007800000002000000680000206800002093
:1033B000200000000A0000007800002078000020B3
:0833C0002C00000000000000D9
:0400000508000131BD
:00000001FF
